merged_image_id,source_archive,source_frame_id,source_ordinal,image_name,width,height,box_count,yolo_label_path,image_file_present,image_sha256
0,şeyda.zip,0,1,aa_poh_galeriler/aa_poh_galeriler_g00_000.jpg,1120,630,1,yolo/labels/aa_poh_galeriler/aa_poh_galeriler_g00_000.txt,true,82a598da0f90928b625fc840eca3f329dc1a3c81bc826f257015e3b5e78a30c2
1,şeyda.zip,1,2,aa_poh_galeriler/aa_poh_galeriler_g00_001.jpg,1024,683,1,yolo/labels/aa_poh_galeriler/aa_poh_galeriler_g00_001.txt,true,f6b0ffc54dc078fc06c20d63941bb7afa4989d4452ad3a1affd3ae5adfcd2032
2,şeyda.zip,2,3,aa_poh_galeriler/aa_poh_galeriler_g00_002.jpg,1024,683,2,yolo/labels/aa_poh_galeriler/aa_poh_galeriler_g00_002.txt,true,54db25c221a0663056fb1714bd081ee33141215db04e6033f60eb2c267ab6035
3,şeyda.zip,3,4,aa_poh_galeriler/aa_poh_galeriler_g00_003.jpg,1024,683,1,yolo/labels/aa_poh_galeriler/aa_poh_galeriler_g00_003.txt,true,4cafaac4686ea23a16f803cbca32d20e5a27d3fb58a49bf0a89a46372fb48042
4,şeyda.zip,4,5,aa_poh_galeriler/aa_poh_galeriler_g00_004.jpg,1024,683,2,yolo/labels/aa_poh_galeriler/aa_poh_galeriler_g00_004.txt,true,e42e5527b054d52ee832bba10ade57f5b7b0b8def48bfdd2d156e00969f9c65b
5,şeyda.zip,5,6,aa_poh_galeriler/aa_poh_galeriler_g00_005.jpg,1024,683,2,yolo/labels/aa_poh_galeriler/aa_poh_galeriler_g00_005.txt,true,f3865f7df40b61edf7eaaca87ed703e575a2771e1be38d2fa5c5e2f1bddfa43d
6,şeyda.zip,6,7,aa_poh_galeriler/aa_poh_galeriler_g00_006.jpg,1024,683,1,yolo/labels/aa_poh_galeriler/aa_poh_galeriler_g00_006.txt,true,6fef2b6d4c84a0d1f92a707e6469147f7cc8d883f39643870405547dc6d4e710
7,şeyda.zip,7,8,aa_poh_galeriler/aa_poh_galeriler_g00_007.jpg,1024,683,1,yolo/labels/aa_poh_galeriler/aa_poh_galeriler_g00_007.txt,true,b5dcfa8ab37a3104bf0119efb34bb97761df0c6aa2489098c9510d06a0ad2727
8,şeyda.zip,8,9,aa_poh_galeriler/aa_poh_galeriler_g00_008.jpg,1024,683,1,yolo/labels/aa_poh_galeriler/aa_poh_galeriler_g00_008.txt,true,77c0bb709f6a67967f40bfe959c10d0e1860106bcfe41e2279ffd2e5a2cfcd02
9,şeyda.zip,9,10,aa_poh_galeriler/aa_poh_galeriler_g00_009.jpg,1024,683,2,yolo/labels/aa_poh_galeriler/aa_poh_galeriler_g00_009.txt,true,a89eac1f6ab4ab883420f4aa9a97d00fee7e131798623f56a81620f2c780211d
10,şeyda.zip,10,11,aa_poh_galeriler/aa_poh_galeriler_g01_001.jpg,954,636,2,yolo/labels/aa_poh_galeriler/aa_poh_galeriler_g01_001.txt,true,86e2af79c72a69adaaef0165cdb0e0333c1fecfdb2c4ac15f19ca0ba59ca5ede
11,şeyda.zip,11,12,aa_poh_galeriler/aa_poh_galeriler_g01_002.jpg,954,636,4,yolo/labels/aa_poh_galeriler/aa_poh_galeriler_g01_002.txt,true,177a6cde5cb30246d34a5e3785d339a07db6fa390c3c8d58405ee5861834814a
12,şeyda.zip,12,13,aa_poh_galeriler/aa_poh_galeriler_g01_003.jpg,954,636,3,yolo/labels/aa_poh_galeriler/aa_poh_galeriler_g01_003.txt,true,c7bdd259fde2897b1f415d9df187ad96978765b915da65fc22e5e8b2e7d426e3
13,şeyda.zip,13,14,aa_poh_galeriler/aa_poh_galeriler_g01_004.jpg,954,636,1,yolo/labels/aa_poh_galeriler/aa_poh_galeriler_g01_004.txt,true,5285ec40174c8d81369957b7f7b4ef3868b1449ae5ba569f7d1d75fc521977b6
14,şeyda.zip,14,15,aa_poh_galeriler/aa_poh_galeriler_g01_005.jpg,954,636,1,yolo/labels/aa_poh_galeriler/aa_poh_galeriler_g01_005.txt,true,d79073d0a911b2c59cbafc80a0e1fa9ee755d272e01f6d1ee5bb92d9f36ab10b
15,şeyda.zip,15,16,aa_poh_galeriler/aa_poh_galeriler_g01_006.jpg,954,636,0,yolo/labels/aa_poh_galeriler/aa_poh_galeriler_g01_006.txt,true,cda7405d2af05f8f67e2c2128b184a46b4ffb71145fcffd8f45eda099e78c036
16,şeyda.zip,16,17,aa_poh_galeriler/aa_poh_galeriler_g01_007.jpg,954,636,0,yolo/labels/aa_poh_galeriler/aa_poh_galeriler_g01_007.txt,true,d5d9cd23da8e60af75eeee66abae45fc02f0143e20cdbee79c3c153763e85bb2
17,şeyda.zip,17,18,aa_poh_galeriler/aa_poh_galeriler_g01_008.jpg,954,636,1,yolo/labels/aa_poh_galeriler/aa_poh_galeriler_g01_008.txt,true,6c676727edc0b4bf5b389170fcfe74e9b7d0554e28e7755e8342854898b08bc6
18,şeyda.zip,18,19,aa_poh_galeriler/aa_poh_galeriler_g01_009.jpg,954,636,0,yolo/labels/aa_poh_galeriler/aa_poh_galeriler_g01_009.txt,true,f798f91710e4f6ef289c138c050c2769ade177396cfd5bb905b69bfdaa7e425f
19,şeyda.zip,19,20,aa_poh_galeriler/aa_poh_galeriler_g01_010.jpg,954,636,0,yolo/labels/aa_poh_galeriler/aa_poh_galeriler_g01_010.txt,true,96349d4df264ef08b121e6d3fa5811047f9ba2d6a690fc0d6df44452a19d3c18
20,şeyda.zip,20,21,aa_poh_galeriler/aa_poh_galeriler_g01_011.jpg,954,636,1,yolo/labels/aa_poh_galeriler/aa_poh_galeriler_g01_011.txt,true,ef1af106cd59b124e2cfcd1ec140d8225777f5953e847d7250021bede9a57999
21,şeyda.zip,21,22,aa_poh_galeriler/aa_poh_galeriler_g01_012.jpg,954,636,1,yolo/labels/aa_poh_galeriler/aa_poh_galeriler_g01_012.txt,true,40db697e8960af2844f0d2917bcfd997addbec18f479d18a07f003c69b888511
22,şeyda.zip,22,23,aa_poh_galeriler/aa_poh_galeriler_g01_013.jpg,954,636,1,yolo/labels/aa_poh_galeriler/aa_poh_galeriler_g01_013.txt,true,c00e5a97be8fe26a48803f722936e2eb237880f9c80c4494b5c242cbca0ee51f
23,şeyda.zip,23,24,aa_poh_galeriler/aa_poh_galeriler_g01_014.jpg,954,636,1,yolo/labels/aa_poh_galeriler/aa_poh_galeriler_g01_014.txt,true,1099fc350d10cb1ab813dda873fbd1e5fbbf6b2f1e2012f9b62614ae03718037
24,şeyda.zip,24,25,aa_poh_galeriler/aa_poh_galeriler_g01_015.jpg,954,636,0,yolo/labels/aa_poh_galeriler/aa_poh_galeriler_g01_015.txt,true,7777615d3909bd0562604f46f42643af38492696394d2bb57c7b59723bb3017f
25,şeyda.zip,25,26,aa_poh_galeriler/aa_poh_galeriler_g01_016.jpg,954,636,0,yolo/labels/aa_poh_galeriler/aa_poh_galeriler_g01_016.txt,true,118aa47332ed457fdb2808362d135e4254786cb207761f3502c5d82a3fb6f38b
26,şeyda.zip,26,27,aa_poh_galeriler/aa_poh_galeriler_g01_017.jpg,954,636,0,yolo/labels/aa_poh_galeriler/aa_poh_galeriler_g01_017.txt,true,f486cd880ea24c3df7df35fcb55e08758ad236011bc47777c156712d28ccec97
27,şeyda.zip,27,28,aa_poh_galeriler/aa_poh_galeriler_g01_018.jpg,954,636,5,yolo/labels/aa_poh_galeriler/aa_poh_galeriler_g01_018.txt,true,25454188ddaaa6fb13e1b403212770bb886209548ca8daf9c0fce33aea04c7cb
28,şeyda.zip,28,29,aa_poh_galeriler/aa_poh_galeriler_g01_019.jpg,954,636,8,yolo/labels/aa_poh_galeriler/aa_poh_galeriler_g01_019.txt,true,abc8ee32dadb929445908edd5a126c1a3c768b24f809b317942dc2a6302c7386
29,şeyda.zip,29,30,aa_poh_galeriler/aa_poh_galeriler_g01_020.jpg,954,636,2,yolo/labels/aa_poh_galeriler/aa_poh_galeriler_g01_020.txt,true,0f432517de0cfb58e745ba321077eac7fc37ab92404266bc6aeea8aefdb8f96a
30,şeyda.zip,30,31,aa_poh_galeriler/aa_poh_galeriler_g02_002.jpg,954,636,2,yolo/labels/aa_poh_galeriler/aa_poh_galeriler_g02_002.txt,true,fccb010f89665e387e2f4beb0cefabacc3c253d3e539b10a8f76004a79f230c6
31,şeyda.zip,31,32,aa_poh_galeriler/aa_poh_galeriler_g02_003.jpg,954,636,0,yolo/labels/aa_poh_galeriler/aa_poh_galeriler_g02_003.txt,true,382093a948d46aa9024cb3cac106ccae85b29c535526e9da2e240b1e7b26b11b
32,şeyda.zip,32,33,aa_poh_galeriler/aa_poh_galeriler_g02_009.jpg,954,636,1,yolo/labels/aa_poh_galeriler/aa_poh_galeriler_g02_009.txt,true,d7bfdeee380345a430d18367bba8f5cd1c9d8b476e1ca6809709eea5d5cba5ac
33,şeyda.zip,33,34,aa_poh_galeriler/aa_poh_galeriler_g02_011.jpg,954,636,3,yolo/labels/aa_poh_galeriler/aa_poh_galeriler_g02_011.txt,true,420b40b38e3837b0241342f86185828c11f97ef5ad639442c9d73fd0947c1f41
34,şeyda.zip,34,35,aa_poh_galeriler/aa_poh_galeriler_g02_012.jpg,954,636,1,yolo/labels/aa_poh_galeriler/aa_poh_galeriler_g02_012.txt,true,dfd0ee846f9b2518017ad60aee7ec4ed201ebfac5ced5c1b843fb93f35823aa8
35,şeyda.zip,35,36,aa_poh_galeriler/aa_poh_galeriler_g02_014.jpg,954,636,0,yolo/labels/aa_poh_galeriler/aa_poh_galeriler_g02_014.txt,true,c88a8c24455f51f881d08ecc4f9f96f4380ac2b9d4fcb7e75f57286bcbdf95d7
36,şeyda.zip,36,37,aa_poh_galeriler/aa_poh_galeriler_g02_016.jpg,954,636,0,yolo/labels/aa_poh_galeriler/aa_poh_galeriler_g02_016.txt,true,02310318c7a56bd73eb110b422877109cb7b85b051cb378f847684b292fd5ed8
37,şeyda.zip,37,38,aa_poh_galeriler/aa_poh_galeriler_g02_017.jpg,954,636,0,yolo/labels/aa_poh_galeriler/aa_poh_galeriler_g02_017.txt,true,e6bb05757546777c24c98ed81022c6050f185be754b8ccc842fc8d51cdcc9dc4
38,şeyda.zip,38,39,aa_poh_galeriler/aa_poh_galeriler_g02_018.jpg,954,636,0,yolo/labels/aa_poh_galeriler/aa_poh_galeriler_g02_018.txt,true,4cc3ef1bd17412569a2401e3959deb36b2d7988a4682218fe52136098f90ca50
39,şeyda.zip,39,40,aa_poh_galeriler/aa_poh_galeriler_g02_019.jpg,954,636,0,yolo/labels/aa_poh_galeriler/aa_poh_galeriler_g02_019.txt,true,e00db4561e592ae47bf8cf6a4d9df205480983593c3f143db4964ef6130f18ee
40,şeyda.zip,40,41,aa_poh_galeriler/aa_poh_galeriler_g02_021.jpg,954,636,0,yolo/labels/aa_poh_galeriler/aa_poh_galeriler_g02_021.txt,true,dff6dd8a19f8c546bc2381e59f0c4e4e30fbce78264e7e0cdf2216e1dd1d3db5
41,şeyda.zip,41,42,aa_poh_galeriler/aa_poh_galeriler_g02_022.jpg,954,636,0,yolo/labels/aa_poh_galeriler/aa_poh_galeriler_g02_022.txt,true,d45e2d609f33e0e720da36df9a2a950b764fdff278bea418f173dd857f998d05
42,şeyda.zip,42,43,aa_poh_galeriler/aa_poh_galeriler_g02_023.jpg,954,636,0,yolo/labels/aa_poh_galeriler/aa_poh_galeriler_g02_023.txt,true,18d9b98f60d85c39211a17abe75dd225c79fccbce3ff8f28d41ec2877f587980
43,şeyda.zip,43,44,aa_poh_galeriler/aa_poh_galeriler_g02_024.jpg,954,636,0,yolo/labels/aa_poh_galeriler/aa_poh_galeriler_g02_024.txt,true,a92a2da2b3c6813a977d54b322b8c3356103f7ee03ab475c7fa5c32b2cfd587c
44,şeyda.zip,44,45,aa_poh_galeriler/aa_poh_galeriler_g02_025.jpg,954,636,0,yolo/labels/aa_poh_galeriler/aa_poh_galeriler_g02_025.txt,true,5c5c612b3c7833e450fb81910dd672c245c498ffc0c2c6fc1bb067c022cc0bd7
45,şeyda.zip,45,46,aa_poh_galeriler/aa_poh_galeriler_g02_028.jpg,954,636,1,yolo/labels/aa_poh_galeriler/aa_poh_galeriler_g02_028.txt,true,53dd65c599688608761897d19dde3253b50cc859f68ce34857c1757c65572634
46,şeyda.zip,46,47,aa_poh_galeriler/aa_poh_galeriler_g02_029.jpg,954,636,1,yolo/labels/aa_poh_galeriler/aa_poh_galeriler_g02_029.txt,true,78cddbf8afa3c9f3f8b8b4d474ba4499190d7b03e0cf12b8e5a0b6ce6f8cc304
47,şeyda.zip,47,48,aa_poh_galeriler/aa_poh_galeriler_g02_030.jpg,954,636,1,yolo/labels/aa_poh_galeriler/aa_poh_galeriler_g02_030.txt,true,80d264e3514aee4a00ea265e89498bb56e1c07c934d20725c5190fcd64890f47
48,şeyda.zip,48,49,aa_poh_galeriler/aa_poh_galeriler_g03_000.jpg,945,630,0,yolo/labels/aa_poh_galeriler/aa_poh_galeriler_g03_000.txt,true,eb6d3a105039c00421f5eb08bbd392a72d79c1a7916dd1a737e0e2e790888242
49,şeyda.zip,49,50,aa_poh_galeriler/aa_poh_galeriler_g03_001.jpg,1130,635,0,yolo/labels/aa_poh_galeriler/aa_poh_galeriler_g03_001.txt,true,20c0c38563d3b244d14047539bcafb1f7c03f58a17e65c12546d6a221a796f04
50,şeyda.zip,50,51,aa_poh_galeriler/aa_poh_galeriler_g03_002.jpg,954,636,0,yolo/labels/aa_poh_galeriler/aa_poh_galeriler_g03_002.txt,true,4c97d88eab81a316c8dc32d3cc2c8ccbb79e38608beff7440487ac10e1ccfe52
51,şeyda.zip,51,52,aa_poh_galeriler/aa_poh_galeriler_g03_003.jpg,954,636,0,yolo/labels/aa_poh_galeriler/aa_poh_galeriler_g03_003.txt,true,b8ba98a055de7db6df7e770c6866455910a3d4c3ac169f54b645917f84bbf70d
52,şeyda.zip,52,53,aa_poh_galeriler/aa_poh_galeriler_g03_004.jpg,954,636,0,yolo/labels/aa_poh_galeriler/aa_poh_galeriler_g03_004.txt,true,33fbe8dd8a6420b8cfe746a08f2fee9acf77de99d1106f76e9be3f65844e3b1b
53,şeyda.zip,53,54,aa_poh_galeriler/aa_poh_galeriler_g03_005.jpg,954,636,0,yolo/labels/aa_poh_galeriler/aa_poh_galeriler_g03_005.txt,true,45d680ab791d2970b2ae5072012e95ee750644f17d2d57eea426580bf6e2833d
54,şeyda.zip,54,55,aa_poh_galeriler/aa_poh_galeriler_g03_006.jpg,954,636,0,yolo/labels/aa_poh_galeriler/aa_poh_galeriler_g03_006.txt,true,e183d7cd67a20a5a5c8794b68298d8660c4acedd8800b431a661f2a43a164e3b
55,şeyda.zip,55,56,aa_poh_galeriler/aa_poh_galeriler_g03_007.jpg,953,636,0,yolo/labels/aa_poh_galeriler/aa_poh_galeriler_g03_007.txt,true,711bdd94d3f337f366552141b1dd218124c68c2fc3a5c6307156645ce610cf00
56,şeyda.zip,56,57,aa_poh_galeriler/aa_poh_galeriler_g04_000.jpg,1120,630,2,yolo/labels/aa_poh_galeriler/aa_poh_galeriler_g04_000.txt,true,a689e34fa52c4a1fd29c49eade148a5b05333f441375323f18567859b2b111b3
57,şeyda.zip,57,58,aa_poh_galeriler/aa_poh_galeriler_g04_001.jpg,779,1024,1,yolo/labels/aa_poh_galeriler/aa_poh_galeriler_g04_001.txt,true,49f9e14d8d1ec9403fef4f504dc8f3869fec72e77b362f3aabcb4f7531d69c37
58,şeyda.zip,58,59,aa_poh_galeriler/aa_poh_galeriler_g04_002.jpg,1024,810,1,yolo/labels/aa_poh_galeriler/aa_poh_galeriler_g04_002.txt,true,5b4f24d22c1156fc31d582fc7d66f8f0e55e14be8d3b15815ce7774be44f5788
59,şeyda.zip,59,60,aa_poh_galeriler/aa_poh_galeriler_g04_003.jpg,1024,820,1,yolo/labels/aa_poh_galeriler/aa_poh_galeriler_g04_003.txt,true,15e7e161ad766e3c60dbc033a7345447920dda0986de0275c8101b0c7f05d15f
60,şeyda.zip,60,61,aa_poh_galeriler/aa_poh_galeriler_g04_004.jpg,1024,683,1,yolo/labels/aa_poh_galeriler/aa_poh_galeriler_g04_004.txt,true,d52ca42474c1a564c273146f9ad16f31fce664b9d30f66b64988c4c65cd5d1c4
61,şeyda.zip,61,62,aa_poh_galeriler/aa_poh_galeriler_g04_005.jpg,907,1024,1,yolo/labels/aa_poh_galeriler/aa_poh_galeriler_g04_005.txt,true,7ae0df4f7bd87767ab82ad4e3358209caab3db45afcadf1bc7ca3f8e2bef34e5
62,şeyda.zip,62,63,aa_poh_galeriler/aa_poh_galeriler_g04_006.jpg,1024,683,6,yolo/labels/aa_poh_galeriler/aa_poh_galeriler_g04_006.txt,true,e0494c24c0113ef9f0a75864665976af761eb67d1654b63273220af4842bac2c
63,şeyda.zip,63,64,aa_poh_galeriler/aa_poh_galeriler_g04_007.jpg,1024,683,5,yolo/labels/aa_poh_galeriler/aa_poh_galeriler_g04_007.txt,true,66d5de627b779d7e1df3db2231693299f30fbf90077214928974ae676f5ccd6e
64,şeyda.zip,64,65,aa_poh_galeriler/aa_poh_galeriler_g04_008.jpg,1024,683,3,yolo/labels/aa_poh_galeriler/aa_poh_galeriler_g04_008.txt,true,f663515a7d21cc2b77576ff0c2121d2d4f2f7d184cda109145b8d61835e8c2f5
65,şeyda.zip,65,66,aa_poh_galeriler/aa_poh_galeriler_g04_009.jpg,1024,683,3,yolo/labels/aa_poh_galeriler/aa_poh_galeriler_g04_009.txt,true,0ba7b70eb7f91b56789038e6950190e741b4cd75a25d45f222a293f1133066e3
66,şeyda.zip,66,67,aa_poh_galeriler/aa_poh_galeriler_g04_010.jpg,1024,697,3,yolo/labels/aa_poh_galeriler/aa_poh_galeriler_g04_010.txt,true,364adec3606957923b622247db93a9021a933736dde071738a63721d8cb69d4e
67,şeyda.zip,67,68,aa_poh_galeriler/aa_poh_galeriler_g04_011.jpg,1024,683,7,yolo/labels/aa_poh_galeriler/aa_poh_galeriler_g04_011.txt,true,40f6455d07bea153761d28fb0e1aff6f66b8bb521b97121ab4feb61292312501
68,şeyda.zip,68,69,aa_poh_galeriler/aa_poh_galeriler_g04_012.jpg,749,1024,7,yolo/labels/aa_poh_galeriler/aa_poh_galeriler_g04_012.txt,true,165f670c86ea89d42f36cd83f976c6ac9668e53d173d98dc2b187c4cd5c92a92
69,şeyda.zip,69,70,aa_poh_galeriler/aa_poh_galeriler_g04_013.jpg,1024,683,1,yolo/labels/aa_poh_galeriler/aa_poh_galeriler_g04_013.txt,true,b8eade05e8c3c00b8b556cd96fc8b20282fa521a06c4795d0f4661207cc08280
70,şeyda.zip,70,71,aa_poh_galeriler/aa_poh_galeriler_g04_014.jpg,1024,683,1,yolo/labels/aa_poh_galeriler/aa_poh_galeriler_g04_014.txt,true,3706fcdeae61343ae39933f5c0eaa93659cec8fa9f9fa55739b64ca20ad5ecf3
71,şeyda.zip,71,72,aa_poh_galeriler/aa_poh_galeriler_g04_015.jpg,1024,683,1,yolo/labels/aa_poh_galeriler/aa_poh_galeriler_g04_015.txt,true,1596cb6950b0157692d9fe5ac25f536e1f1ce31a05c18a8740aae80ce5e7a0ef
72,şeyda.zip,72,73,aa_poh_galeriler/aa_poh_galeriler_g04_016.jpg,1024,716,1,yolo/labels/aa_poh_galeriler/aa_poh_galeriler_g04_016.txt,true,337a913ccceb2b61073e9f3a3f82e1112748b52402507b8507f6d49e74865496
73,şeyda.zip,73,74,aa_poh_galeriler/aa_poh_galeriler_g04_017.jpg,1024,683,2,yolo/labels/aa_poh_galeriler/aa_poh_galeriler_g04_017.txt,true,51aab3f458e82e489e6872b6fd3fff3532110cad32c3dca6339a1b101f4db9a1
74,şeyda.zip,74,75,aa_poh_galeriler/aa_poh_galeriler_g04_018.jpg,1024,683,2,yolo/labels/aa_poh_galeriler/aa_poh_galeriler_g04_018.txt,true,9f4abc53316bbfefe9c49c9958d8dee06302062da506c4eff8f79f78b902888f
75,şeyda.zip,75,76,aa_poh_galeriler/aa_poh_galeriler_g04_019.jpg,1024,683,2,yolo/labels/aa_poh_galeriler/aa_poh_galeriler_g04_019.txt,true,50d865a277bd43110cd19cce54ae6be6db1beaa4e3a75e9561fda1adf07374c6
76,şeyda.zip,76,77,aa_poh_galeriler/aa_poh_galeriler_g04_020.jpg,1024,683,2,yolo/labels/aa_poh_galeriler/aa_poh_galeriler_g04_020.txt,true,d23fc06a968fd8680801ce70a474b91c1ced591970c833cb6adf964eb7810633
77,şeyda.zip,77,78,aa_poh_galeriler/aa_poh_galeriler_g04_021.jpg,1024,683,1,yolo/labels/aa_poh_galeriler/aa_poh_galeriler_g04_021.txt,true,840ebb615530a7c6cda30d2fc3d674f48a31690b7ef3fc21a4f79ca30e96a239
78,şeyda.zip,78,79,aa_poh_galeriler/aa_poh_galeriler_g04_022.jpg,1024,683,2,yolo/labels/aa_poh_galeriler/aa_poh_galeriler_g04_022.txt,true,5d28757c14689ae86a3a9764d12925d85e6b09191dd1783def09d78b4d87299c
79,şeyda.zip,79,80,aa_poh_galeriler/aa_poh_galeriler_g04_023.jpg,1024,768,2,yolo/labels/aa_poh_galeriler/aa_poh_galeriler_g04_023.txt,true,fce5c37f4400ba0c41e5dad08529331fed8c394cc15b9e6139bddd04de4c6e69
80,şeyda.zip,80,81,aa_poh_galeriler/aa_poh_galeriler_g04_024.jpg,1024,683,3,yolo/labels/aa_poh_galeriler/aa_poh_galeriler_g04_024.txt,true,b613097cc8921c0d5274d8f5407a56cec37d5d83deb4f7f386a027181b6d77c5
81,şeyda.zip,81,82,aa_poh_galeriler/aa_poh_galeriler_g04_025.jpg,1024,683,1,yolo/labels/aa_poh_galeriler/aa_poh_galeriler_g04_025.txt,true,2600695004ac5071bc0610c9d388c6f37956ffd790de403a99b86c48e959e43e
82,şeyda.zip,82,83,aa_poh_galeriler/aa_poh_galeriler_g04_026.jpg,1024,683,1,yolo/labels/aa_poh_galeriler/aa_poh_galeriler_g04_026.txt,true,d0c3b5bc2d17a90cbd7c92518fdfb69edaf0ef15962689253b17192342be65b3
83,şeyda.zip,83,84,aa_poh_galeriler/aa_poh_galeriler_g04_027.jpg,1024,733,2,yolo/labels/aa_poh_galeriler/aa_poh_galeriler_g04_027.txt,true,7be8c04d578d620478a1e78fde07dd44cb6b1d0bd62ac720ed36586c166979e3
84,şeyda.zip,84,85,aa_poh_galeriler/aa_poh_galeriler_g04_028.jpg,1024,732,3,yolo/labels/aa_poh_galeriler/aa_poh_galeriler_g04_028.txt,true,3e9ff5792625c62e964587c65a224cfbacada30b3f71728c19e35b51c70c19f2
85,şeyda.zip,85,86,aa_poh_galeriler/aa_poh_galeriler_g04_029.jpg,1024,729,3,yolo/labels/aa_poh_galeriler/aa_poh_galeriler_g04_029.txt,true,9c62ff0814ee924c90f4855266bb67ba37b3295f8c6219139d04a75e5f8c22ac
86,şeyda.zip,86,87,aa_poh_galeriler/aa_poh_galeriler_g04_030.jpg,1024,754,3,yolo/labels/aa_poh_galeriler/aa_poh_galeriler_g04_030.txt,true,b46851caf42571b754d858dc065e0baea2a9da7a4c7222d1b0b3bae654b2aaa2
87,şeyda.zip,87,88,aa_poh_galeriler/aa_poh_galeriler_g05_000.jpg,1120,629,2,yolo/labels/aa_poh_galeriler/aa_poh_galeriler_g05_000.txt,true,9ea435b16b4e533e228907dbd2848f6666e6bd1bfd1cfc9c7f68a5dfeb1735a0
88,şeyda.zip,88,89,aa_poh_galeriler/aa_poh_galeriler_g05_001.jpg,1130,635,3,yolo/labels/aa_poh_galeriler/aa_poh_galeriler_g05_001.txt,true,a7aaf0adcf5633f4affdbe34eaa3131f262f278b37633dff125d453527ab4780
89,şeyda.zip,89,90,aa_poh_galeriler/aa_poh_galeriler_g05_002.jpg,954,636,1,yolo/labels/aa_poh_galeriler/aa_poh_galeriler_g05_002.txt,true,66e2b5a86532966a8be603d73e35e30a641969b77d4b8d86fa4c4648def04e84
90,şeyda.zip,90,91,aa_poh_galeriler/aa_poh_galeriler_g05_003.jpg,954,636,1,yolo/labels/aa_poh_galeriler/aa_poh_galeriler_g05_003.txt,true,05f9e8418e6ca4c4c869bac556a914906ed3aa18342087a96f56c8221e3f6235
91,şeyda.zip,91,92,aa_poh_galeriler/aa_poh_galeriler_g05_004.jpg,954,636,4,yolo/labels/aa_poh_galeriler/aa_poh_galeriler_g05_004.txt,true,0a4b8c5273aefeb74f1599b1a8dde94ca7a5660c97570cf26456f4078640bd97
92,şeyda.zip,92,93,aa_poh_galeriler/aa_poh_galeriler_g05_005.jpg,954,636,1,yolo/labels/aa_poh_galeriler/aa_poh_galeriler_g05_005.txt,true,9ef7f52dea378ba373ee5682bb563d6a623db987acf3214c4dfba442e3a1b2d7
93,şeyda.zip,93,94,aa_poh_galeriler/aa_poh_galeriler_g05_006.jpg,954,636,3,yolo/labels/aa_poh_galeriler/aa_poh_galeriler_g05_006.txt,true,535eeb7f2f589f794688d39ed1ef21116090ced2e9c84afc8c8f9dd26e219d55
94,şeyda.zip,94,95,aa_poh_galeriler/aa_poh_galeriler_g05_007.jpg,954,636,0,yolo/labels/aa_poh_galeriler/aa_poh_galeriler_g05_007.txt,true,295b75ece0fa873a9df91b5046819b250a28b792162f09c1ca818e8e2d0558f4
95,şeyda.zip,95,96,aa_poh_galeriler/aa_poh_galeriler_g05_008.jpg,954,636,0,yolo/labels/aa_poh_galeriler/aa_poh_galeriler_g05_008.txt,true,64f99ec6fc32a3a56b0b2cfd601cf8bae420bf27981a1db3fe97eafff240429b
96,şeyda.zip,96,97,aa_poh_galeriler/aa_poh_galeriler_g05_009.jpg,954,636,2,yolo/labels/aa_poh_galeriler/aa_poh_galeriler_g05_009.txt,true,3dbfc00105143f0688addf8c3a68630dbe48b1078d6a08ddeb67c9f13f7a6c94
97,şeyda.zip,97,98,aa_poh_galeriler/aa_poh_galeriler_g05_010.jpg,988,636,1,yolo/labels/aa_poh_galeriler/aa_poh_galeriler_g05_010.txt,true,94ec6dbfb6be35c20e9305f733102385ec7faf8275ae22492f06db306596e5bb
98,şeyda.zip,98,99,aa_poh_galeriler/aa_poh_galeriler_g05_011.jpg,953,636,1,yolo/labels/aa_poh_galeriler/aa_poh_galeriler_g05_011.txt,true,46f8d856f7167465319c93ac38207ec17d0088c2ea7ed92f4235c47c68d5c282
99,şeyda.zip,99,100,aa_poh_galeriler/aa_poh_galeriler_g05_012.jpg,954,636,3,yolo/labels/aa_poh_galeriler/aa_poh_galeriler_g05_012.txt,true,283a1d1f4afa3b223cf0a67b4382b950ee0cad6b82321bc0eef360150513e18e
100,şeyda.zip,100,101,aa_poh_galeriler/aa_poh_galeriler_g05_013.jpg,954,636,2,yolo/labels/aa_poh_galeriler/aa_poh_galeriler_g05_013.txt,true,3b573180d46bd1db246f2290554c9f1a3b0df01c8eb846ad782581c657b1a3bc
101,şeyda.zip,101,102,aa_poh_galeriler/aa_poh_galeriler_g05_014.jpg,954,636,2,yolo/labels/aa_poh_galeriler/aa_poh_galeriler_g05_014.txt,true,05348ad33c6e1e6217e5747fef53e57fbf06afc4bbe9973671ab79a0ac4384eb
102,şeyda.zip,102,103,aa_poh_galeriler/aa_poh_galeriler_g05_015.jpg,954,636,1,yolo/labels/aa_poh_galeriler/aa_poh_galeriler_g05_015.txt,true,aa8e0611f434c44dd47b0529351af21382e8f73a9aaa07eeb065c4c9a3031186
103,şeyda.zip,103,104,aa_poh_galeriler/aa_poh_galeriler_g05_016.jpg,954,636,0,yolo/labels/aa_poh_galeriler/aa_poh_galeriler_g05_016.txt,true,82b08d549f68b4055e6b4aedc603851a4d6884da02b81697b55dfbb053efbaa5
104,şeyda.zip,104,105,aa_poh_galeriler/aa_poh_galeriler_g06_000.jpg,1119,630,1,yolo/labels/aa_poh_galeriler/aa_poh_galeriler_g06_000.txt,true,bab774036e2eea781f9c4d336664c27f0ea8334c8ef39defaead73aefd1101a6
105,şeyda.zip,105,106,aa_poh_galeriler/aa_poh_galeriler_g06_001.jpg,957,636,3,yolo/labels/aa_poh_galeriler/aa_poh_galeriler_g06_001.txt,true,738fde83a1c6b212d728b98a821d4e065d5c7c4935990c597df045a39031ac6a
106,şeyda.zip,106,107,aa_poh_galeriler/aa_poh_galeriler_g06_002.jpg,957,636,1,yolo/labels/aa_poh_galeriler/aa_poh_galeriler_g06_002.txt,true,4782edbd8f94bae351ab3858e4bec702bacfba2d4a43fe2e4f1a47e48ed48db2
107,şeyda.zip,107,108,aa_poh_galeriler/aa_poh_galeriler_g06_003.jpg,957,636,2,yolo/labels/aa_poh_galeriler/aa_poh_galeriler_g06_003.txt,true,8d7f1065daadef11ceb77f6781dd316364df554394f226a61529ed82f5c6cb39
108,şeyda.zip,108,109,aa_poh_galeriler/aa_poh_galeriler_g06_004.jpg,957,636,2,yolo/labels/aa_poh_galeriler/aa_poh_galeriler_g06_004.txt,true,4be3887b92569932859046e48f70cbaa3236c7b538c19ec85e0602e6b40aa902
109,şeyda.zip,109,110,aa_poh_galeriler/aa_poh_galeriler_g06_005.jpg,957,636,3,yolo/labels/aa_poh_galeriler/aa_poh_galeriler_g06_005.txt,true,aa05e2f3cf7aa908f894af3fde883bab5783fb3a29b1f834c3aede7beb0f4ae2
110,şeyda.zip,110,111,aa_poh_galeriler/aa_poh_galeriler_g06_006.jpg,957,636,3,yolo/labels/aa_poh_galeriler/aa_poh_galeriler_g06_006.txt,true,26731160adb35e2123816603261a39ac5ec308b9ce743732d493e792675258d0
111,şeyda.zip,111,112,aa_poh_galeriler/aa_poh_galeriler_g06_007.jpg,957,636,1,yolo/labels/aa_poh_galeriler/aa_poh_galeriler_g06_007.txt,true,6bbe5f47d794ff2033b1c88d822efd7eae7648fb44179ab5b28c70e871cddd8d
112,şeyda.zip,112,113,aa_poh_galeriler/aa_poh_galeriler_g06_008.jpg,957,636,2,yolo/labels/aa_poh_galeriler/aa_poh_galeriler_g06_008.txt,true,e25027e81c82b608565d6305a2545b64856fddc907b7136945b920a51fde787e
113,şeyda.zip,113,114,aa_poh_galeriler/aa_poh_galeriler_g07_000.jpg,1120,629,0,yolo/labels/aa_poh_galeriler/aa_poh_galeriler_g07_000.txt,true,f8466e32dc773689f1865f6ea28896bf05d79451eb5267365d6fb3bc5b83444e
114,şeyda.zip,114,115,aa_poh_galeriler/aa_poh_galeriler_g07_002.jpg,953,636,2,yolo/labels/aa_poh_galeriler/aa_poh_galeriler_g07_002.txt,true,bd324dbd386e49a8d0ac2252105b955880c53fb32e057d1d4c8d3db0805b704b
115,şeyda.zip,115,116,aa_poh_galeriler/aa_poh_galeriler_g07_003.jpg,954,636,2,yolo/labels/aa_poh_galeriler/aa_poh_galeriler_g07_003.txt,true,ec9faa1337e73b024bb74c1fa2d09d9b35b8dafc2c67ddb67a6ad58973281f32
116,şeyda.zip,116,117,aa_poh_galeriler/aa_poh_galeriler_g07_004.jpg,953,636,2,yolo/labels/aa_poh_galeriler/aa_poh_galeriler_g07_004.txt,true,b91d426b5e00fb8ee32678d526a7ac1efce1eded452c5281fca6504f90c33d47
117,şeyda.zip,117,118,aa_poh_galeriler/aa_poh_galeriler_g07_005.jpg,954,636,1,yolo/labels/aa_poh_galeriler/aa_poh_galeriler_g07_005.txt,true,1e1a52fc935d0156a41a3a9e3f0a01e715f6bbb7c75f02f5c1c38e8f876ab8e0
118,şeyda.zip,118,119,aa_poh_galeriler/aa_poh_galeriler_g07_006.jpg,954,636,4,yolo/labels/aa_poh_galeriler/aa_poh_galeriler_g07_006.txt,true,3700fe38a50185e3490fa815a6451d5c302ecd68130e824ac44f55b834c7235b
119,şeyda.zip,119,120,aa_poh_galeriler/aa_poh_galeriler_g07_007.jpg,954,636,2,yolo/labels/aa_poh_galeriler/aa_poh_galeriler_g07_007.txt,true,b1e055299bc023c17f9945afdc9d186fc90608c78c0b0b6ea3be7c2452a919b7
120,şeyda.zip,120,121,aa_poh_galeriler/aa_poh_galeriler_g07_008.jpg,954,636,6,yolo/labels/aa_poh_galeriler/aa_poh_galeriler_g07_008.txt,true,053cfeb730f970833048577f8e3c0d07084a4b23f28ee22f6d1ffa0109c12dad
121,şeyda.zip,121,122,aa_poh_galeriler/aa_poh_galeriler_g08_000.jpg,1119,630,4,yolo/labels/aa_poh_galeriler/aa_poh_galeriler_g08_000.txt,true,95867c91bc8c6ecb45a16cff55bc07f55204d9e7af77f49f61f8daf39a6bdce8
122,şeyda.zip,122,123,aa_poh_galeriler/aa_poh_galeriler_g08_001.jpg,953,636,3,yolo/labels/aa_poh_galeriler/aa_poh_galeriler_g08_001.txt,true,de64f40bd56138ca6f73f73f5f36c8f22522573d69a5c6f05f904c8f21e529fb
123,şeyda.zip,123,124,aa_poh_galeriler/aa_poh_galeriler_g08_002.jpg,953,636,2,yolo/labels/aa_poh_galeriler/aa_poh_galeriler_g08_002.txt,true,0e71074e13bfad8e7c9d0207e9dcf3105c827bd359ba6b603cf54a3d4cf84c83
124,şeyda.zip,124,125,aa_poh_galeriler/aa_poh_galeriler_g08_003.jpg,1128,636,3,yolo/labels/aa_poh_galeriler/aa_poh_galeriler_g08_003.txt,true,5672965aa3156c70869705f4dc6e45f3bb24b482b56bd76237a3c98585d40e34
125,şeyda.zip,125,126,aa_poh_galeriler/aa_poh_galeriler_g08_004.jpg,953,636,7,yolo/labels/aa_poh_galeriler/aa_poh_galeriler_g08_004.txt,true,e88f5cc55e8fe855650ad76e50468fa42cf8c1395554b88e6d16696d32cfce2e
126,şeyda.zip,126,127,aa_poh_galeriler/aa_poh_galeriler_g08_006.jpg,953,636,12,yolo/labels/aa_poh_galeriler/aa_poh_galeriler_g08_006.txt,true,f398e8009f261f0e4ef72fcd04bd5ae65172f56b8f0f8b5347e5293ff472f0f7
127,şeyda.zip,127,128,aa_poh_galeriler/aa_poh_galeriler_g08_007.jpg,953,636,4,yolo/labels/aa_poh_galeriler/aa_poh_galeriler_g08_007.txt,true,b9e87165c26b571ba839bb4839c38ce86317bc74db8aa309abbd484cb10fb362
128,şeyda.zip,128,129,aa_poh_galeriler/aa_poh_galeriler_g08_008.jpg,953,636,1,yolo/labels/aa_poh_galeriler/aa_poh_galeriler_g08_008.txt,true,0a4e74e34035e6afc9bab511d0d158f44e5c271191439a54060a84e0fa84dc8f
129,şeyda.zip,129,130,aa_poh_galeriler/aa_poh_galeriler_g08_009.jpg,953,636,2,yolo/labels/aa_poh_galeriler/aa_poh_galeriler_g08_009.txt,true,6d9db1613b273f6a213b829c4a74c1460a3c5bc5405daa17e945d7da2eb73838
130,şeyda.zip,130,131,aa_poh_galeriler/aa_poh_galeriler_g08_010.jpg,848,636,4,yolo/labels/aa_poh_galeriler/aa_poh_galeriler_g08_010.txt,true,7c20a4b88082c9fb9ec77d69d0273fb5429c5c60534e74861f523f6d910062fc
131,şeyda.zip,131,132,aa_poh_galeriler/aa_poh_galeriler_g08_011.jpg,848,636,0,yolo/labels/aa_poh_galeriler/aa_poh_galeriler_g08_011.txt,true,0eaa8d702a7958c78d3833b70393ea2dc127c83c1f1a0491db48c3a09c024ff6
132,şeyda.zip,132,133,aa_poh_galeriler/aa_poh_galeriler_g08_013.jpg,848,636,1,yolo/labels/aa_poh_galeriler/aa_poh_galeriler_g08_013.txt,true,6e60a43e515a88ffdbd3e69aaf3ffc12881653765cf275d01aad8f9e94bf1d46
133,şeyda.zip,133,134,aa_poh_galeriler/aa_poh_galeriler_g08_014.jpg,848,636,0,yolo/labels/aa_poh_galeriler/aa_poh_galeriler_g08_014.txt,true,801c2f0dcb70d364c0f67107fdd0477a0ab36b7ca3b94c99ca508c72f85f99f7
134,şeyda.zip,134,135,aa_poh_galeriler/aa_poh_galeriler_g08_016.jpg,848,636,1,yolo/labels/aa_poh_galeriler/aa_poh_galeriler_g08_016.txt,true,9ab4af704e1a0a86d5b26fe0a3e9ce423f09cee3e3c14ac24fa9d58e03bff5fd
135,şeyda.zip,135,136,aa_poh_galeriler/aa_poh_galeriler_g08_017.jpg,848,636,1,yolo/labels/aa_poh_galeriler/aa_poh_galeriler_g08_017.txt,true,72a568b1552ba34a6a8606e30a11b42d69adc1e14781ccaaf6d98f0b2dffb6c9
136,şeyda.zip,136,137,aa_poh_galeriler/aa_poh_galeriler_g09_000.jpg,1120,630,1,yolo/labels/aa_poh_galeriler/aa_poh_galeriler_g09_000.txt,true,0304c487b6b42345a78388eca7202d3891bc03eb721e108bf330f533103b1ae2
137,şeyda.zip,137,138,aa_poh_galeriler/aa_poh_galeriler_g09_001.jpg,954,636,1,yolo/labels/aa_poh_galeriler/aa_poh_galeriler_g09_001.txt,true,817e024192d3a008689a78c2fde92d675d8736f3cbe50c425591e79218a5cc87
138,şeyda.zip,138,139,aa_poh_galeriler/aa_poh_galeriler_g09_002.jpg,979,636,1,yolo/labels/aa_poh_galeriler/aa_poh_galeriler_g09_002.txt,true,c2e01bb6982f41ff5bec0f96765208734d26592e99880019c559e60548ead798
139,şeyda.zip,139,140,aa_poh_galeriler/aa_poh_galeriler_g09_003.jpg,954,636,0,yolo/labels/aa_poh_galeriler/aa_poh_galeriler_g09_003.txt,true,b8a3daa8aae5a288ade3ac6075af09d6385c8eb3521ca8aca9000c2ee48b5da2
140,şeyda.zip,140,141,aa_poh_galeriler/aa_poh_galeriler_g09_004.jpg,954,636,0,yolo/labels/aa_poh_galeriler/aa_poh_galeriler_g09_004.txt,true,aacddbf5bb7ad96874a98806fc8911b2a666ae082dce22b9befae2555be180a3
141,şeyda.zip,141,142,aa_poh_galeriler/aa_poh_galeriler_g09_005.jpg,954,636,0,yolo/labels/aa_poh_galeriler/aa_poh_galeriler_g09_005.txt,true,10ebaca1ac812b7c309416b68aff943b40af55f156f570601c4289c5dc77c928
142,şeyda.zip,142,143,aa_poh_galeriler/aa_poh_galeriler_g09_010.jpg,954,636,2,yolo/labels/aa_poh_galeriler/aa_poh_galeriler_g09_010.txt,true,ca3abebbb9486375fc647863f67eceb3b2b3e3af5a42811e9e05ff31edbdca25
143,şeyda.zip,143,144,aa_poh_galeriler/aa_poh_galeriler_g09_011.jpg,954,636,3,yolo/labels/aa_poh_galeriler/aa_poh_galeriler_g09_011.txt,true,1f066f00d2f3cab673a94a4ae6394408cf635a640553122964f6f37abf373886
144,şeyda.zip,144,145,aa_poh_galeriler/aa_poh_galeriler_g09_012.jpg,954,636,3,yolo/labels/aa_poh_galeriler/aa_poh_galeriler_g09_012.txt,true,509776432bfdee001fb24226ccd65b0dbf7c815492a5e29f988bc26996669f86
145,şeyda.zip,145,146,aa_poh_galeriler/aa_poh_galeriler_g09_013.jpg,945,636,2,yolo/labels/aa_poh_galeriler/aa_poh_galeriler_g09_013.txt,true,75ef8f14a60fe3afbc258645a97fe320f102ec70be12424194e2bdb36e06c524
146,şeyda.zip,146,147,aa_poh_galeriler/aa_poh_galeriler_g09_014.jpg,954,636,2,yolo/labels/aa_poh_galeriler/aa_poh_galeriler_g09_014.txt,true,b57b14c90f82f000863f7b01a19996f4ed6724e984e0ff0cb9ff38c6d45a90f8
147,şeyda.zip,147,148,aa_poh_galeriler/aa_poh_galeriler_g09_015.jpg,954,636,1,yolo/labels/aa_poh_galeriler/aa_poh_galeriler_g09_015.txt,true,8811255b12bddd02ef0a66df432806964d4bd4706b7a793c2aca1515807d3f14
148,şeyda.zip,148,149,aa_poh_galeriler/aa_poh_galeriler_g10_000.jpg,1120,629,1,yolo/labels/aa_poh_galeriler/aa_poh_galeriler_g10_000.txt,true,6591c9db342ba7f19cb202782fe56133e940cb61fde27cc6df3940cf5bfb94ee
149,şeyda.zip,149,150,aa_poh_galeriler/aa_poh_galeriler_g10_001.jpg,954,636,1,yolo/labels/aa_poh_galeriler/aa_poh_galeriler_g10_001.txt,true,78a6f700980e96be667c5f24df07259e387962f55bb824a097826425cdf0c54d
150,şeyda.zip,150,151,aa_poh_galeriler/aa_poh_galeriler_g10_002.jpg,928,636,3,yolo/labels/aa_poh_galeriler/aa_poh_galeriler_g10_002.txt,true,ed26399fe08fea3fb09b67618a17a6eeb5cc52a76dd315e422c2658018033dfb
151,şeyda.zip,151,152,aa_poh_galeriler/aa_poh_galeriler_g10_003.jpg,954,636,1,yolo/labels/aa_poh_galeriler/aa_poh_galeriler_g10_003.txt,true,09dbf3cc790a8a686abb46ad67649628e1c018a5afba83e9e2c6775a6a4ccc51
152,şeyda.zip,152,153,aa_poh_galeriler/aa_poh_galeriler_g10_004.jpg,954,636,2,yolo/labels/aa_poh_galeriler/aa_poh_galeriler_g10_004.txt,true,1e14032405d2c044860686599b38ac2e25dc1aecb9acbf7272db760efce3144e
153,şeyda.zip,153,154,aa_poh_galeriler/aa_poh_galeriler_g10_005.jpg,954,636,2,yolo/labels/aa_poh_galeriler/aa_poh_galeriler_g10_005.txt,true,b3059195b35f9abdacb9e73afe141f7a1bab1b32901b9d1fb9fb9ff7b1601cca
154,şeyda.zip,154,155,aa_poh_galeriler/aa_poh_galeriler_g10_006.jpg,954,636,1,yolo/labels/aa_poh_galeriler/aa_poh_galeriler_g10_006.txt,true,548da3cb9ab3bc9d30f52ccee11b5df798356a5361ad9f6be7ed66b6b4883935
155,şeyda.zip,155,156,aa_poh_galeriler/aa_poh_galeriler_g10_007.jpg,954,636,2,yolo/labels/aa_poh_galeriler/aa_poh_galeriler_g10_007.txt,true,c846b3f0dbb1a559cf866ffdfcc9618726f16cb036889147774c104384bfb150
156,şeyda.zip,156,157,aa_poh_galeriler/aa_poh_galeriler_g10_008.jpg,954,636,2,yolo/labels/aa_poh_galeriler/aa_poh_galeriler_g10_008.txt,true,a009831da963e43e745cfa8741522906a263d5252d24483373b85c39ff816c32
157,şeyda.zip,157,158,aa_poh_galeriler/aa_poh_galeriler_g10_009.jpg,954,636,2,yolo/labels/aa_poh_galeriler/aa_poh_galeriler_g10_009.txt,true,d306afedae8279c80c4163fbc4764a6122e3bb948c20885dd2a570c7af0a00ff
158,şeyda.zip,158,159,aa_poh_galeriler/aa_poh_galeriler_g10_010.jpg,954,636,2,yolo/labels/aa_poh_galeriler/aa_poh_galeriler_g10_010.txt,true,08af334321f13c14b16abd3abd0c071c1946b8ee9fde9d1a68af051be949ef19
159,şeyda.zip,159,160,aa_poh_galeriler/aa_poh_galeriler_g10_011.jpg,954,636,1,yolo/labels/aa_poh_galeriler/aa_poh_galeriler_g10_011.txt,true,bf5c639e6260269555c6b388813d9a2ac90c9a972de2a962b3cbcd11045de8d9
160,şeyda.zip,160,161,aa_poh_galeriler/aa_poh_galeriler_g10_012.jpg,954,636,4,yolo/labels/aa_poh_galeriler/aa_poh_galeriler_g10_012.txt,true,816a36a53c04f7ae0d021c22405c11c7e0f750f770c302b672ac1632b36a2373
161,şeyda.zip,161,162,aa_poh_galeriler/aa_poh_galeriler_g10_013.jpg,938,636,0,yolo/labels/aa_poh_galeriler/aa_poh_galeriler_g10_013.txt,true,382e5185845e63b17f172b73280b0941fd00ca06bcc1c328561b3357e7a12e10
162,şeyda.zip,162,163,aa_poh_galeriler/aa_poh_galeriler_g10_014.jpg,954,636,2,yolo/labels/aa_poh_galeriler/aa_poh_galeriler_g10_014.txt,true,3a51ddbe75e2c10f794f8f901a2366d5f3a4f083990382e6aee3594e1f07cfaf
163,şeyda.zip,163,164,aa_poh_galeriler/aa_poh_galeriler_g10_016.jpg,954,636,1,yolo/labels/aa_poh_galeriler/aa_poh_galeriler_g10_016.txt,true,9e9a8227d025bbf7dbec08f4155da72431a066d97965cd6064282811b30c92f4
164,şeyda.zip,164,165,aa_poh_galeriler/aa_poh_galeriler_g10_017.jpg,954,636,1,yolo/labels/aa_poh_galeriler/aa_poh_galeriler_g10_017.txt,true,38fa0b7d560de746692102ad17509affd724ddbcf4b46d45abbbcb362dd6bac5
165,şeyda.zip,165,166,aa_poh_galeriler/aa_poh_galeriler_g10_018.jpg,928,636,2,yolo/labels/aa_poh_galeriler/aa_poh_galeriler_g10_018.txt,true,f294f79fc32d6a9dfd8f6fe9df82e01e3e243286cc491b99b04a4f779cf4899d
166,şeyda.zip,166,167,aa_poh_galeriler/aa_poh_galeriler_g10_019.jpg,858,636,1,yolo/labels/aa_poh_galeriler/aa_poh_galeriler_g10_019.txt,true,b2f4231d020998cc102564e28e723190d18bb5a230e143c04a9449fad7cc7777
167,şeyda.zip,167,168,aa_poh_galeriler/aa_poh_galeriler_g10_020.jpg,954,636,1,yolo/labels/aa_poh_galeriler/aa_poh_galeriler_g10_020.txt,true,6a0564f1d9370c300b3f83dfd11055d6458d33c1c4497b29c2081a299ac1458e
168,şeyda.zip,168,169,aa_poh_galeriler/aa_poh_galeriler_g10_021.jpg,954,636,2,yolo/labels/aa_poh_galeriler/aa_poh_galeriler_g10_021.txt,true,c47617a33900bd560162cb6675bd99893ed5ace0262dd0f267603540839609f4
169,şeyda.zip,169,170,aa_poh_galeriler/aa_poh_galeriler_g10_022.jpg,954,636,2,yolo/labels/aa_poh_galeriler/aa_poh_galeriler_g10_022.txt,true,e6fc36e9cf6d03618dee09ca37552ea7722b7235b32da83d28890e8bbf2d9631
170,şeyda.zip,170,171,aa_poh_galeriler/aa_poh_galeriler_g11_000.jpg,863,485,7,yolo/labels/aa_poh_galeriler/aa_poh_galeriler_g11_000.txt,true,e8521a16ed089052f75dfb5b1c1f518fb102bed1336b96e818fe56dc3f1c3ac0
171,şeyda.zip,171,172,aa_poh_galeriler/aa_poh_galeriler_g11_001.jpg,954,636,1,yolo/labels/aa_poh_galeriler/aa_poh_galeriler_g11_001.txt,true,b0f6fad5c3f9343c7c8bba8a1ee65504cde1fe85b6724b0987b83f4cc35de5ff
172,şeyda.zip,172,173,aa_poh_galeriler/aa_poh_galeriler_g11_002.jpg,954,636,2,yolo/labels/aa_poh_galeriler/aa_poh_galeriler_g11_002.txt,true,ec5a6ca68a75b5f96f7744370356861c537d66118db70a42a31190dba4203cf6
173,şeyda.zip,173,174,aa_poh_galeriler/aa_poh_galeriler_g11_003.jpg,954,636,1,yolo/labels/aa_poh_galeriler/aa_poh_galeriler_g11_003.txt,true,edc42e31328dc8156a11ebc8f0372b28465657839e87d711abeb8c10cb996c22
174,şeyda.zip,174,175,aa_poh_galeriler/aa_poh_galeriler_g11_004.jpg,954,636,2,yolo/labels/aa_poh_galeriler/aa_poh_galeriler_g11_004.txt,true,1db58f49d43d78257e2220fa66aa488dc6594797af19a8fdaef4eb376414bd9a
175,şeyda.zip,175,176,aa_poh_galeriler/aa_poh_galeriler_g11_005.jpg,954,636,3,yolo/labels/aa_poh_galeriler/aa_poh_galeriler_g11_005.txt,true,80f84971eca54fb8c3c807035af23027b93b838fbaf096fc0aec42c3ea38f483
176,şeyda.zip,176,177,aa_poh_galeriler/aa_poh_galeriler_g11_006.jpg,954,636,6,yolo/labels/aa_poh_galeriler/aa_poh_galeriler_g11_006.txt,true,bb02e6411549e48f6d8f4747de968cd08c647eb007662f825242f1992e294702
177,şeyda.zip,177,178,aa_poh_galeriler/aa_poh_galeriler_g11_007.jpg,954,636,8,yolo/labels/aa_poh_galeriler/aa_poh_galeriler_g11_007.txt,true,27418e2382bcf555f77a8cde20d460d6c43285ef226848409ca43b19c3596187
178,şeyda.zip,178,179,aa_poh_galeriler/aa_poh_galeriler_g11_008.jpg,954,636,3,yolo/labels/aa_poh_galeriler/aa_poh_galeriler_g11_008.txt,true,085e1d96130d175c1fd7815aaac383124109b5f9ff1b2e1b951017745e835d2f
179,şeyda.zip,179,180,aa_poh_galeriler/aa_poh_galeriler_g11_009.jpg,954,636,2,yolo/labels/aa_poh_galeriler/aa_poh_galeriler_g11_009.txt,true,dfc8cdb3679b5fc46781e9cfe14a7f52b4fb0ccf88d45d55befbebb087c0e72d
180,şeyda.zip,180,181,aa_poh_galeriler/aa_poh_galeriler_g11_010.jpg,954,636,8,yolo/labels/aa_poh_galeriler/aa_poh_galeriler_g11_010.txt,true,886875e9daa189e63ecb9e36259a9587d2809b4679d4f0b8bc55d859e64becc8
181,şeyda.zip,181,182,aa_poh_galeriler/aa_poh_galeriler_g11_011.jpg,954,636,3,yolo/labels/aa_poh_galeriler/aa_poh_galeriler_g11_011.txt,true,69281bd195bd1eca3afffba398d4700ffa645240240df7ea0773350bf7598957
182,şeyda.zip,182,183,aa_poh_galeriler/aa_poh_galeriler_g11_012.jpg,954,636,5,yolo/labels/aa_poh_galeriler/aa_poh_galeriler_g11_012.txt,true,d9e6917d0d24afe77ee11efee84f613df902d79d8f9bf3b94fd4bd54c3921370
183,şeyda.zip,183,184,aa_poh_galeriler/aa_poh_galeriler_g12_000.jpg,863,486,1,yolo/labels/aa_poh_galeriler/aa_poh_galeriler_g12_000.txt,true,c158f1af48a2a5ff2cd0950075b3160619819784cd137088262322665d1ec467
184,şeyda.zip,184,185,aa_poh_galeriler/aa_poh_galeriler_g12_001.jpg,954,636,1,yolo/labels/aa_poh_galeriler/aa_poh_galeriler_g12_001.txt,true,320d3bbdbe4862f0c77a1f5924f00379d19116ffe8513a37edcb8a721a6a529a
185,şeyda.zip,185,186,aa_poh_galeriler/aa_poh_galeriler_g12_002.jpg,1016,636,1,yolo/labels/aa_poh_galeriler/aa_poh_galeriler_g12_002.txt,true,d2aa109cc7e3b7fc10fc3cce2b21359409616a3e0981593facc0c73ee72db673
186,şeyda.zip,186,187,aa_poh_galeriler/aa_poh_galeriler_g12_003.jpg,954,636,1,yolo/labels/aa_poh_galeriler/aa_poh_galeriler_g12_003.txt,true,88439876d16064a4420cd62fd6e0f6d1691627d15b470fb1bca64ef9c4819368
187,şeyda.zip,187,188,aa_poh_galeriler/aa_poh_galeriler_g12_004.jpg,954,636,6,yolo/labels/aa_poh_galeriler/aa_poh_galeriler_g12_004.txt,true,90caba383461767719e879268180635ccb95cdb076cd610cdfe4908d8fd8e111
188,şeyda.zip,188,189,aa_poh_galeriler/aa_poh_galeriler_g12_005.jpg,954,636,6,yolo/labels/aa_poh_galeriler/aa_poh_galeriler_g12_005.txt,true,50d1ca6eb04c74d0daa8d077bf6d01598a83810beb028c56cae9787f7fd1b549
189,şeyda.zip,189,190,aa_poh_galeriler/aa_poh_galeriler_g12_006.jpg,954,636,2,yolo/labels/aa_poh_galeriler/aa_poh_galeriler_g12_006.txt,true,e47867f17602976ad8664f24f49907c73662c3c6ac4514ef90ee9676e1d3a8ef
190,şeyda.zip,190,191,aa_poh_galeriler/aa_poh_galeriler_g12_007.jpg,988,636,7,yolo/labels/aa_poh_galeriler/aa_poh_galeriler_g12_007.txt,true,81469c33a5c2fd3b880292cc684014e650860f8a931601e3c761fd3d4ecec483
191,şeyda.zip,191,192,aa_poh_galeriler/aa_poh_galeriler_g12_008.jpg,954,636,4,yolo/labels/aa_poh_galeriler/aa_poh_galeriler_g12_008.txt,true,40009fca01cf9576b7ff6d040f5dc5ea491e4afae2c2283975da0bdc8d960623
192,şeyda.zip,192,193,aa_poh_galeriler/aa_poh_galeriler_g12_009.jpg,954,636,6,yolo/labels/aa_poh_galeriler/aa_poh_galeriler_g12_009.txt,true,e0cea59a6c3084a2bc6f31f434c50d969bbb5ccbc10aacb1e022fff337176eae
193,şeyda.zip,193,194,aa_poh_galeriler/aa_poh_galeriler_g12_010.jpg,954,636,1,yolo/labels/aa_poh_galeriler/aa_poh_galeriler_g12_010.txt,true,856340d25f23ef6b0441d555f83a95d11dc02496b478736a9a57a2cca8cf788e
194,şeyda.zip,194,195,aa_poh_galeriler/aa_poh_galeriler_g12_011.jpg,954,636,2,yolo/labels/aa_poh_galeriler/aa_poh_galeriler_g12_011.txt,true,93b74f011312e394e6deeeb5bc07c9f7ecec80d1e332585e1ee4f13ab86a5666
195,şeyda.zip,195,196,aa_poh_galeriler/aa_poh_galeriler_g12_012.jpg,951,636,1,yolo/labels/aa_poh_galeriler/aa_poh_galeriler_g12_012.txt,true,a6ff0f9441b529a9fd5fcd86750bd52dd5c9d04f6074e12eea04e1c6794a9cd6
196,şeyda.zip,196,197,aa_poh_galeriler/aa_poh_galeriler_g12_013.jpg,954,636,4,yolo/labels/aa_poh_galeriler/aa_poh_galeriler_g12_013.txt,true,292da8433d94e1fdf15dacdd805ab07a489e1e8a2386ce5f46014edf956ea128
197,şeyda.zip,197,198,aa_poh_galeriler/aa_poh_galeriler_g13_000.jpg,863,486,2,yolo/labels/aa_poh_galeriler/aa_poh_galeriler_g13_000.txt,true,6034e115f84e2664731fb081fefda8e3b40eb714cb3da6b9ac8c38359352087a
198,şeyda.zip,198,199,aa_poh_galeriler/aa_poh_galeriler_g13_001.jpg,954,636,8,yolo/labels/aa_poh_galeriler/aa_poh_galeriler_g13_001.txt,true,d57199396cdf923a52ad9629ce9d967eed3ddbabfec13fb7e8416e82fdfc7aaa
199,şeyda.zip,199,200,aa_poh_galeriler/aa_poh_galeriler_g13_002.jpg,954,636,5,yolo/labels/aa_poh_galeriler/aa_poh_galeriler_g13_002.txt,true,63d1c9f3e28a62f195599d1addd88152bc500b8cb8f67bf95acecaf548bda343
200,şeyda.zip,200,201,aa_poh_galeriler/aa_poh_galeriler_g13_003.jpg,954,636,3,yolo/labels/aa_poh_galeriler/aa_poh_galeriler_g13_003.txt,true,24f008e752b490217be4f729cf3b712a03a5a13e2e6ab0fb0f02fb3b86167404
201,şeyda.zip,201,202,aa_poh_galeriler/aa_poh_galeriler_g13_004.jpg,954,636,6,yolo/labels/aa_poh_galeriler/aa_poh_galeriler_g13_004.txt,true,4c4ac8c585377cf339183e369041e0401679135bebe38440da33131572774227
202,şeyda.zip,202,203,aa_poh_galeriler/aa_poh_galeriler_g13_005.jpg,804,636,2,yolo/labels/aa_poh_galeriler/aa_poh_galeriler_g13_005.txt,true,4ba3872d9895033b6356327ff36942111fc0b193829b49749e636ef664d6f952
203,şeyda.zip,203,204,aa_poh_galeriler/aa_poh_galeriler_g13_006.jpg,954,636,2,yolo/labels/aa_poh_galeriler/aa_poh_galeriler_g13_006.txt,true,fa9c24fbabdef94949f3bb763670056b4ebc901d0cdc8199f6e0e7922728e65e
204,şeyda.zip,204,205,aa_poh_galeriler/aa_poh_galeriler_g13_007.jpg,953,636,1,yolo/labels/aa_poh_galeriler/aa_poh_galeriler_g13_007.txt,true,c7972b8982098dc3a2f4fb92d68dfa29a59109bf1a8069ba700c701ce7d6d4ab
205,şeyda.zip,205,206,aa_poh_galeriler/aa_poh_galeriler_g13_008.jpg,954,636,3,yolo/labels/aa_poh_galeriler/aa_poh_galeriler_g13_008.txt,true,c47236a33d670676a3c9df3594ccb25325280784382c180cd624187952488085
206,şeyda.zip,206,207,aa_poh_galeriler/aa_poh_galeriler_g13_009.jpg,954,636,9,yolo/labels/aa_poh_galeriler/aa_poh_galeriler_g13_009.txt,true,c256f85c48521e0d9a9afb67d0dd40f83c018736d5d0ba7589040bd0310112ac
207,şeyda.zip,207,208,aa_poh_galeriler/aa_poh_galeriler_g13_010.jpg,954,636,7,yolo/labels/aa_poh_galeriler/aa_poh_galeriler_g13_010.txt,true,14afc2c8b1b492aaa72b56f5f480c9205fbf08f697f013c0f77e5cf79a55176f
208,şeyda.zip,208,209,aa_poh_galeriler/aa_poh_galeriler_g13_011.jpg,954,636,6,yolo/labels/aa_poh_galeriler/aa_poh_galeriler_g13_011.txt,true,aba81ce303b2471fd3feebbed38e36b62056372c6cdb9db2a47448c4c419945f
209,şeyda.zip,209,210,aa_poh_galeriler/aa_poh_galeriler_g13_012.jpg,954,636,9,yolo/labels/aa_poh_galeriler/aa_poh_galeriler_g13_012.txt,true,4beea1247357d2641d9e28a680169790e009ebb13f54d7a4d0008c335fea991d
210,şeyda.zip,210,211,aa_poh_galeriler/aa_poh_galeriler_g14_001.jpg,956,636,1,yolo/labels/aa_poh_galeriler/aa_poh_galeriler_g14_001.txt,true,54f3abedac917bd1f663c02310e6ccce315b909478dd95829ab551a25daebcd6
211,şeyda.zip,211,212,aa_poh_galeriler/aa_poh_galeriler_g14_002.jpg,956,636,2,yolo/labels/aa_poh_galeriler/aa_poh_galeriler_g14_002.txt,true,008a4845e8a81ca0321208498e3b02570971e7e9a15cc0f29e2dccee6306b4d9
212,şeyda.zip,212,213,aa_poh_galeriler/aa_poh_galeriler_g14_003.jpg,956,636,2,yolo/labels/aa_poh_galeriler/aa_poh_galeriler_g14_003.txt,true,7289c14c674122ade76f1a0649699de1f0e2237b794608e90cc9540d53b210ba
213,şeyda.zip,213,214,aa_poh_galeriler/aa_poh_galeriler_g14_004.jpg,956,636,8,yolo/labels/aa_poh_galeriler/aa_poh_galeriler_g14_004.txt,true,d2a6817425aef183137a760e12b1389da73d957be8352deb70a753132beadc81
214,şeyda.zip,214,215,aa_poh_galeriler/aa_poh_galeriler_g14_005.jpg,956,636,3,yolo/labels/aa_poh_galeriler/aa_poh_galeriler_g14_005.txt,true,e66fc39c014b531a93739e1f73f28754d91acfb8d9bd7bb75754b6555317ca02
215,şeyda.zip,215,216,aa_poh_galeriler/aa_poh_galeriler_g14_006.jpg,956,636,11,yolo/labels/aa_poh_galeriler/aa_poh_galeriler_g14_006.txt,true,ca7542ff46db99ef2f15ea02d6ab3693cc98d3f4a18f79e85810e18d7f336c86
216,şeyda.zip,216,217,aa_poh_galeriler/aa_poh_galeriler_g14_008.jpg,956,636,7,yolo/labels/aa_poh_galeriler/aa_poh_galeriler_g14_008.txt,true,bd9ce11b955a5eeefb948efe235ce7af41a488d9a8ce19d33888687cb1eb20a5
217,şeyda.zip,217,218,aa_poh_galeriler/aa_poh_galeriler_g14_009.jpg,956,636,2,yolo/labels/aa_poh_galeriler/aa_poh_galeriler_g14_009.txt,true,0b1b5ae93500076cccb0bc94e43814337d6fdadb3d1d9a0f5b36a2ba557369b9
218,şeyda.zip,218,219,aa_poh_galeriler/aa_poh_galeriler_g14_010.jpg,956,636,9,yolo/labels/aa_poh_galeriler/aa_poh_galeriler_g14_010.txt,true,d0e6479a80b8eed70c77f248571328a70e8b2bf2c4caeebe98f24d3da378d54e
219,şeyda.zip,219,220,aa_poh_galeriler/aa_poh_galeriler_g14_011.jpg,956,636,1,yolo/labels/aa_poh_galeriler/aa_poh_galeriler_g14_011.txt,true,9a784af7b5ab81c6b964712f54a08ee3015e2ed207e67ffcfb96e045d975440d
220,şeyda.zip,220,221,aa_poh_galeriler/aa_poh_galeriler_g14_012.jpg,956,636,1,yolo/labels/aa_poh_galeriler/aa_poh_galeriler_g14_012.txt,true,d11e8b1bb6a62204fbf1897b6161bf0fc931fee0edd82ebab5ac81b445dc01d0
221,şeyda.zip,221,222,aa_poh_galeriler/aa_poh_galeriler_g14_013.jpg,422,636,10,yolo/labels/aa_poh_galeriler/aa_poh_galeriler_g14_013.txt,true,ed28e4f2899f0dadecd024f8505c82720badbf12e73de0c05a9e1cb0207843ee
222,şeyda.zip,222,223,aa_poh_galeriler/aa_poh_galeriler_g14_014.jpg,956,636,8,yolo/labels/aa_poh_galeriler/aa_poh_galeriler_g14_014.txt,true,aebb1dd96f5b68d547ae6aa2fcd17298ea2d47abebe6ff4bba2639511bbc9d43
223,şeyda.zip,223,224,aa_poh_galeriler/aa_poh_galeriler_g14_015.jpg,956,636,2,yolo/labels/aa_poh_galeriler/aa_poh_galeriler_g14_015.txt,true,cad713ee9715c1339db6d6c604fa0dfd1c679ac356941bde079d950c5b01049a
224,şeyda.zip,224,225,aa_poh_galeriler/aa_poh_galeriler_g15_000.jpg,1120,630,10,yolo/labels/aa_poh_galeriler/aa_poh_galeriler_g15_000.txt,true,1af21ed440b59ea3d5de742eb3bbd64ed50ff5e3ae21096c285966d4aeec5812
225,şeyda.zip,225,226,aa_poh_galeriler/aa_poh_galeriler_g15_001.jpg,1024,683,1,yolo/labels/aa_poh_galeriler/aa_poh_galeriler_g15_001.txt,true,c5dea58d08a1f8c9c34cb74851797f147a926cc4a12a706909c5280143c2228f
226,şeyda.zip,226,227,aa_poh_galeriler/aa_poh_galeriler_g15_002.jpg,1024,682,1,yolo/labels/aa_poh_galeriler/aa_poh_galeriler_g15_002.txt,true,8a9bef567898cb5cf51e9cd8a062a591eee5a4448d66506592bb094842ad044c
227,şeyda.zip,227,228,aa_poh_galeriler/aa_poh_galeriler_g15_003.jpg,1024,682,10,yolo/labels/aa_poh_galeriler/aa_poh_galeriler_g15_003.txt,true,a8b353317367cae08f2c4fe5ab4149e33d819140bf6e95d55dc14e1af791b109
228,şeyda.zip,228,229,aa_poh_galeriler/aa_poh_galeriler_g15_004.jpg,1024,682,3,yolo/labels/aa_poh_galeriler/aa_poh_galeriler_g15_004.txt,true,afe8545c1b25167b6eb6e139f566b7c1242e90540e762a6cc43e75450ff48e0e
229,şeyda.zip,229,230,aa_poh_galeriler/aa_poh_galeriler_g15_005.jpg,1024,682,4,yolo/labels/aa_poh_galeriler/aa_poh_galeriler_g15_005.txt,true,7344e63dd443a2dbdc203e06fb4233afc54b84a73c44b29a0a291c7be199869e
230,şeyda.zip,230,231,aa_poh_galeriler/aa_poh_galeriler_g15_006.jpg,1024,682,7,yolo/labels/aa_poh_galeriler/aa_poh_galeriler_g15_006.txt,true,5f2ba712bfbca528e3d71b3b4aaeb368127825c217a40c7058b117baa364a430
231,şeyda.zip,231,232,aa_poh_galeriler/aa_poh_galeriler_g15_007.jpg,1024,683,5,yolo/labels/aa_poh_galeriler/aa_poh_galeriler_g15_007.txt,true,2872d77d2be4961446c8e1e9c7e6f89a3b23538cdb168db215c7cd64f1ac5250
232,şeyda.zip,232,233,aa_poh_galeriler/aa_poh_galeriler_g15_008.jpg,1024,683,5,yolo/labels/aa_poh_galeriler/aa_poh_galeriler_g15_008.txt,true,309ff04192ff93c689029f66c31073e69848ea3114db975486f697b78b55a61f
233,şeyda.zip,233,234,aa_poh_galeriler/aa_poh_galeriler_g15_009.jpg,1024,683,6,yolo/labels/aa_poh_galeriler/aa_poh_galeriler_g15_009.txt,true,5370ef325e6089722266b034f5be8cf0be99774ae196bbf118106ba56ba4a6f9
234,şeyda.zip,234,235,aa_poh_galeriler/aa_poh_galeriler_g15_010.jpg,1024,683,3,yolo/labels/aa_poh_galeriler/aa_poh_galeriler_g15_010.txt,true,1f5097d98192e868fcd39d72dd70c339f1b72b2321f420a81745ff76ee327064
235,şeyda.zip,235,236,aa_poh_galeriler/aa_poh_galeriler_g15_011.jpg,1024,683,2,yolo/labels/aa_poh_galeriler/aa_poh_galeriler_g15_011.txt,true,47c6fbe99efd46145c887ad01c8f8153c366d4ae674525421964e8e82d81199a
236,şeyda.zip,236,237,aa_poh_galeriler/aa_poh_galeriler_g15_012.jpg,1024,683,1,yolo/labels/aa_poh_galeriler/aa_poh_galeriler_g15_012.txt,true,ffe6748286cbbd10e28086e7596a2d568651c16bc3dc55866fa51f485ed44c3b
237,şeyda.zip,237,238,aa_poh_galeriler/aa_poh_galeriler_g15_013.jpg,1024,683,1,yolo/labels/aa_poh_galeriler/aa_poh_galeriler_g15_013.txt,true,1dd0e4705ef2430f5c7506feac1591cb515adc3f9e309d01fcefefe93d01085f
238,şeyda.zip,238,239,aa_poh_galeriler/aa_poh_galeriler_g15_014.jpg,1024,683,1,yolo/labels/aa_poh_galeriler/aa_poh_galeriler_g15_014.txt,true,0e2154aeffb0752db16c632d09b93141ae478fa50265ce958deedd0996b30b6b
239,şeyda.zip,239,240,aa_poh_galeriler/aa_poh_galeriler_g15_015.jpg,1024,683,1,yolo/labels/aa_poh_galeriler/aa_poh_galeriler_g15_015.txt,true,f051af5722524241089a5d18e9019ffa7ddbc1f90583c72cf33e99bf636cf582
240,şeyda.zip,240,241,aa_poh_galeriler/aa_poh_galeriler_g15_016.jpg,1024,683,10,yolo/labels/aa_poh_galeriler/aa_poh_galeriler_g15_016.txt,true,de1b6da9a827cf23859d21d0f210ed12dee9ca21c0096ca58469770e18bdeafc
241,şeyda.zip,241,242,aa_poh_galeriler/aa_poh_galeriler_g16_000.jpg,1120,630,4,yolo/labels/aa_poh_galeriler/aa_poh_galeriler_g16_000.txt,true,1b74d59fd8e530f5794307fafd4b090067d88bfadf3025ce81ca60be0cf5e80c
242,şeyda.zip,242,243,aa_poh_galeriler/aa_poh_galeriler_g16_001.jpg,1024,683,1,yolo/labels/aa_poh_galeriler/aa_poh_galeriler_g16_001.txt,true,72e90e737b0c88ff45e1c012a3bd762f7d676b303cc9f1f46dc28bfa5fb7b674
243,şeyda.zip,243,244,aa_poh_galeriler/aa_poh_galeriler_g16_002.jpg,1024,683,1,yolo/labels/aa_poh_galeriler/aa_poh_galeriler_g16_002.txt,true,40aff4131e84be733faba812636db30598c507869d6e9c24fcf98d5110990b69
244,şeyda.zip,244,245,aa_poh_galeriler/aa_poh_galeriler_g16_003.jpg,1024,683,8,yolo/labels/aa_poh_galeriler/aa_poh_galeriler_g16_003.txt,true,d0e0836b2ef4051699b4d8be22343cc79580fbee291ec944c7f721347042ddc6
245,şeyda.zip,245,246,aa_poh_galeriler/aa_poh_galeriler_g16_004.jpg,1024,683,1,yolo/labels/aa_poh_galeriler/aa_poh_galeriler_g16_004.txt,true,45b70baaa997f2a66e1cb44f456b0e9c00db8cccf7a16b24044ada06c8a12292
246,şeyda.zip,246,247,aa_poh_galeriler/aa_poh_galeriler_g16_005.jpg,1024,683,1,yolo/labels/aa_poh_galeriler/aa_poh_galeriler_g16_005.txt,true,b8438fb262247e733e8369fe12eabb28f85175ac666897a455b9a31dd752d155
247,şeyda.zip,247,248,aa_poh_galeriler/aa_poh_galeriler_g16_006.jpg,1024,683,0,yolo/labels/aa_poh_galeriler/aa_poh_galeriler_g16_006.txt,true,4d17c18792b0afc218f82f762a467f16955336d80eaa35e19b97a8db9a1a4c3e
248,şeyda.zip,248,249,aa_poh_galeriler/aa_poh_galeriler_g16_007.jpg,1024,683,1,yolo/labels/aa_poh_galeriler/aa_poh_galeriler_g16_007.txt,true,9e8785123839c7242c5acb6c00210ed474c8bc7e3b3311a6f573591a199fadc4
249,şeyda.zip,249,250,aa_poh_galeriler/aa_poh_galeriler_g16_008.jpg,1024,683,1,yolo/labels/aa_poh_galeriler/aa_poh_galeriler_g16_008.txt,true,efad8c099183eded2852973280f38974deebb811fcc6ccb721dea5aaacb1e970
250,şeyda.zip,250,251,aa_poh_galeriler/aa_poh_galeriler_g16_009.jpg,1024,683,0,yolo/labels/aa_poh_galeriler/aa_poh_galeriler_g16_009.txt,true,3f2dfeb9d5bedf48f29d9d5cf46ad7687dfd2680de623232475f47dc810877dc
251,şeyda.zip,251,252,aa_poh_galeriler/aa_poh_galeriler_g16_010.jpg,1024,683,2,yolo/labels/aa_poh_galeriler/aa_poh_galeriler_g16_010.txt,true,95ae06d3dd8e03869c103dafeb7cef9039dac2d45feb7213b709743194496237
252,şeyda.zip,252,253,aa_poh_galeriler/aa_poh_galeriler_g16_011.jpg,1024,683,1,yolo/labels/aa_poh_galeriler/aa_poh_galeriler_g16_011.txt,true,fd5f841f1c1299cb0b1eb02aa06cb82b6d222de6929970d7c604e74992f6bdb5
253,şeyda.zip,253,254,aa_poh_galeriler/aa_poh_galeriler_g16_012.jpg,1024,682,2,yolo/labels/aa_poh_galeriler/aa_poh_galeriler_g16_012.txt,true,d1ca9691097cfd6d3cd48273abf6c0175551454c3b23a5a62d9fc709314082d1
254,şeyda.zip,254,255,aa_poh_galeriler/aa_poh_galeriler_g16_013.jpg,1024,683,5,yolo/labels/aa_poh_galeriler/aa_poh_galeriler_g16_013.txt,true,bce4a2824da26f2e497485b00f98f9b03114ff9b0bf34c7ca1315a5050178bed
255,şeyda.zip,255,256,aa_poh_galeriler/aa_poh_galeriler_g16_014.jpg,1024,683,2,yolo/labels/aa_poh_galeriler/aa_poh_galeriler_g16_014.txt,true,d0e45ae290e15f80363ed76fdb336571a1c16501e13df7bd9dddc8d30a47ee76
256,şeyda.zip,256,257,aa_poh_galeriler/aa_poh_galeriler_g16_015.jpg,1024,683,1,yolo/labels/aa_poh_galeriler/aa_poh_galeriler_g16_015.txt,true,fda76feb8597832fe7c0015b71aa2da6c06f9d8c45540bb996b8a0c0506838a9
257,şeyda.zip,257,258,aa_poh_galeriler/aa_poh_galeriler_g16_016.jpg,1024,683,1,yolo/labels/aa_poh_galeriler/aa_poh_galeriler_g16_016.txt,true,ecab674b37dddbf433a8c3a48d31e55afb1b9167611ad406865e6a2c32bf278f
258,şeyda.zip,258,259,aa_poh_galeriler/aa_poh_galeriler_g16_017.jpg,1024,683,1,yolo/labels/aa_poh_galeriler/aa_poh_galeriler_g16_017.txt,true,2ecaa7b8687de9ab2b35d976f2d09af4d556ce3d49aebc01d9dee9173fde2bb6
259,şeyda.zip,259,260,aa_poh_galeriler/aa_poh_galeriler_g16_018.jpg,1024,683,0,yolo/labels/aa_poh_galeriler/aa_poh_galeriler_g16_018.txt,true,1d79bd2766e35c51c32f8103e528c18d52be3b081cc261b18766a18c95b936f2
260,hasan.zip,0,1,aa_poh_galeriler/aa_poh_galeriler_g16_020.jpg,1024,683,1,yolo/labels/aa_poh_galeriler/aa_poh_galeriler_g16_020.txt,true,ccda230c02a297099750612451caec3fd5ed37b4e413e1f5703a50fdf03fe195
261,hasan.zip,1,2,aa_poh_galeriler/aa_poh_galeriler_g16_021.jpg,1024,683,1,yolo/labels/aa_poh_galeriler/aa_poh_galeriler_g16_021.txt,true,1eb0952935b06993ddf730480ced6f64c82cb381919ed78e9a53a6ed27542104
262,hasan.zip,2,3,aa_poh_galeriler/aa_poh_galeriler_g16_022.jpg,1024,683,0,yolo/labels/aa_poh_galeriler/aa_poh_galeriler_g16_022.txt,true,dd19aa7d98a43c21097b47f937616c3aa09f853c0660ea59ccb1e995e4a1d5d2
263,hasan.zip,3,4,aa_poh_galeriler/aa_poh_galeriler_g16_023.jpg,1024,683,0,yolo/labels/aa_poh_galeriler/aa_poh_galeriler_g16_023.txt,true,b75b5b5f496cb1da8dd4adf2820cafcf78bff853254af5ce250c84debbf6dad6
264,hasan.zip,4,5,aa_poh_galeriler/aa_poh_galeriler_g16_024.jpg,1024,683,1,yolo/labels/aa_poh_galeriler/aa_poh_galeriler_g16_024.txt,true,83ef0205cc4437682494c6389d23d5b7dd0292b430dbbcdcb3fdd00dac2d1900
265,hasan.zip,5,6,aa_poh_galeriler/aa_poh_galeriler_g16_025.jpg,1024,683,1,yolo/labels/aa_poh_galeriler/aa_poh_galeriler_g16_025.txt,true,b68082e11902ee3bfc929b16091c145de50c89514c9930518e7fa8f3d921c20f
266,hasan.zip,6,7,aa_poh_galeriler/aa_poh_galeriler_g16_026.jpg,1024,683,1,yolo/labels/aa_poh_galeriler/aa_poh_galeriler_g16_026.txt,true,7cbb090bdb808ea329e6d0b4e89cb5ff087fc68f71d91538ecc1a6f1e25e26af
267,hasan.zip,7,8,aa_poh_galeriler/aa_poh_galeriler_g16_027.jpg,1024,683,1,yolo/labels/aa_poh_galeriler/aa_poh_galeriler_g16_027.txt,true,bd208b2565ca65318ecce45803951c7f93f1d7e4ba73deabe511a3a4a2f3b102
268,hasan.zip,8,9,aa_poh_galeriler/aa_poh_galeriler_g16_028.jpg,1024,683,1,yolo/labels/aa_poh_galeriler/aa_poh_galeriler_g16_028.txt,true,f47c5afc9d36797d409a96fd946f5ab110702c27bbb2da98556543cafa8129c6
269,hasan.zip,9,10,aa_poh_galeriler/aa_poh_galeriler_g16_029.jpg,1024,683,1,yolo/labels/aa_poh_galeriler/aa_poh_galeriler_g16_029.txt,true,0606d593dfc09a0932f6cbf2d0f174223507c1192b6ac8fe272ddf9e45a06e33
270,hasan.zip,10,11,aa_poh_galeriler/aa_poh_galeriler_g16_030.jpg,1024,683,7,yolo/labels/aa_poh_galeriler/aa_poh_galeriler_g16_030.txt,true,5e219138f80eff8ce462e98b2656d63abb3df629b27403380bc2ffaf3d211b88
271,hasan.zip,11,12,aa_poh_galeriler/aa_poh_galeriler_g17_000.jpg,1120,630,1,yolo/labels/aa_poh_galeriler/aa_poh_galeriler_g17_000.txt,true,babde2ad54eb3bbdd8dcada6f7fd4dc3d03c8ba5c83c160a7a01a575156f41f9
272,hasan.zip,12,13,aa_poh_galeriler/aa_poh_galeriler_g17_001.jpg,1024,683,3,yolo/labels/aa_poh_galeriler/aa_poh_galeriler_g17_001.txt,true,04e9b804a0e6c9be1e543fe7f0ac5c1bcfd825e14e9efaf46cac75e2623cd69d
273,hasan.zip,13,14,aa_poh_galeriler/aa_poh_galeriler_g17_002.jpg,1024,683,5,yolo/labels/aa_poh_galeriler/aa_poh_galeriler_g17_002.txt,true,2a39f98f083be65190b7f9c1cfb49f5d23d8eb41771ab2f120f08c077e4327fa
274,hasan.zip,14,15,aa_poh_galeriler/aa_poh_galeriler_g17_003.jpg,1024,624,1,yolo/labels/aa_poh_galeriler/aa_poh_galeriler_g17_003.txt,true,c2bb96c65385019bf0a454c654d0757da4ee67527969adcd0f58962fe66f932d
275,hasan.zip,15,16,aa_poh_galeriler/aa_poh_galeriler_g17_004.jpg,1024,683,6,yolo/labels/aa_poh_galeriler/aa_poh_galeriler_g17_004.txt,true,bd21b07d5303850835762981a24d7781dbece041d146caae143100bf54f5dd89
276,hasan.zip,16,17,aa_poh_galeriler/aa_poh_galeriler_g17_005.jpg,1024,683,0,yolo/labels/aa_poh_galeriler/aa_poh_galeriler_g17_005.txt,true,56b0d926152fd873080a931ae940ede53109d705d76df5ec8466cd2f94c19021
277,hasan.zip,17,18,aa_poh_galeriler/aa_poh_galeriler_g17_006.jpg,1024,736,5,yolo/labels/aa_poh_galeriler/aa_poh_galeriler_g17_006.txt,true,b80b96c9e08c282bb41cd49f2204136aeb8c758da4d21fda8b3e440721d2054a
278,hasan.zip,18,19,aa_poh_galeriler/aa_poh_galeriler_g17_007.jpg,1024,683,11,yolo/labels/aa_poh_galeriler/aa_poh_galeriler_g17_007.txt,true,1153384692d27098c9f282090c0dbd34ff957e2c188a2143ac58ccbe54a381ec
279,hasan.zip,19,20,aa_poh_galeriler/aa_poh_galeriler_g17_008.jpg,1024,576,1,yolo/labels/aa_poh_galeriler/aa_poh_galeriler_g17_008.txt,true,3a2ab83008922689753f38b1fa2cfec16a5ccff6a6afd098d8305dd78d12a06a
280,hasan.zip,20,21,aa_poh_galeriler/aa_poh_galeriler_g17_009.jpg,1024,683,1,yolo/labels/aa_poh_galeriler/aa_poh_galeriler_g17_009.txt,true,4145e6b91f36f47d1debad4837279286451ef3209718a55c51cb8accd333d779
281,hasan.zip,21,22,aa_poh_galeriler/aa_poh_galeriler_g17_010.jpg,1024,683,3,yolo/labels/aa_poh_galeriler/aa_poh_galeriler_g17_010.txt,true,2eee573e0fcfca1d3b4004422f894d0bc032ce7aba7f0c207f4ec8db779faecc
282,hasan.zip,22,23,aa_poh_galeriler/aa_poh_galeriler_g17_011.jpg,1024,617,0,yolo/labels/aa_poh_galeriler/aa_poh_galeriler_g17_011.txt,true,6ed04c0ba4478583891ff99a0431cd70d666d554defacac8a90127dd40cf44f0
283,hasan.zip,23,24,aa_poh_galeriler/aa_poh_galeriler_g17_012.jpg,1024,683,5,yolo/labels/aa_poh_galeriler/aa_poh_galeriler_g17_012.txt,true,d876bca095a4096e25b83c4680a660680b05b54bd6c70719ce0f6ce54539be86
284,hasan.zip,24,25,aa_poh_galeriler/aa_poh_galeriler_g17_013.jpg,1024,658,1,yolo/labels/aa_poh_galeriler/aa_poh_galeriler_g17_013.txt,true,0890cbf9d2a620d5c42193d37526d9cc12e8db43a55a6b7ac9f84f5889e758d8
285,hasan.zip,25,26,aa_poh_galeriler/aa_poh_galeriler_g17_014.jpg,1024,899,1,yolo/labels/aa_poh_galeriler/aa_poh_galeriler_g17_014.txt,true,313ce55795bb111a9d2545c9d539827f93faa82725e716c1b36614b6336cd8bf
286,hasan.zip,26,27,aa_poh_galeriler/aa_poh_galeriler_g17_015.jpg,1024,683,4,yolo/labels/aa_poh_galeriler/aa_poh_galeriler_g17_015.txt,true,85f8dfe35af83fbda449a6337306890e051b11cc51f4875594c0bfe7a94f20ee
287,hasan.zip,27,28,aa_poh_galeriler/aa_poh_galeriler_g17_016.jpg,1024,683,2,yolo/labels/aa_poh_galeriler/aa_poh_galeriler_g17_016.txt,true,85f3b802890a5032e18e41bdca0614b1b6bbe87db59640c58a7deeda2d978c30
288,hasan.zip,28,29,aa_poh_galeriler/aa_poh_galeriler_g17_017.jpg,1024,683,2,yolo/labels/aa_poh_galeriler/aa_poh_galeriler_g17_017.txt,true,f2658933bdff9eec91125bc852be67670f941a877437233aa4ef36c534636818
289,hasan.zip,29,30,aa_poh_galeriler/aa_poh_galeriler_g17_018.jpg,1024,683,4,yolo/labels/aa_poh_galeriler/aa_poh_galeriler_g17_018.txt,true,d9e6d411673cfe9b18a1eb636fefac8d6b0260935752ce455161aa3316f8840d
290,hasan.zip,30,31,aa_poh_galeriler/aa_poh_galeriler_g17_019.jpg,1024,683,6,yolo/labels/aa_poh_galeriler/aa_poh_galeriler_g17_019.txt,true,a3b2db06a91611c79512d3a11721ce82203d193b24c222d9c499052ea81b9db2
291,hasan.zip,31,32,aa_poh_galeriler/aa_poh_galeriler_g17_020.jpg,1024,994,3,yolo/labels/aa_poh_galeriler/aa_poh_galeriler_g17_020.txt,true,a2a18327762c91036d9de2a3211f3e18cc6c3787dc0a04b41a86e80eb615352f
292,hasan.zip,32,33,aa_poh_galeriler/aa_poh_galeriler_g17_021.jpg,1024,683,1,yolo/labels/aa_poh_galeriler/aa_poh_galeriler_g17_021.txt,true,08d3b27e23dc048527f9672e2b4f952192ed676c79697c140be17a6e581c007c
293,hasan.zip,33,34,aa_poh_galeriler/aa_poh_galeriler_g17_022.jpg,1024,640,5,yolo/labels/aa_poh_galeriler/aa_poh_galeriler_g17_022.txt,true,ca26dbedbbcd5150cacec27be1258c9b135acdd52c1eb06124f1bf45f1506423
294,hasan.zip,34,35,aa_poh_galeriler/aa_poh_galeriler_g17_023.jpg,1024,780,5,yolo/labels/aa_poh_galeriler/aa_poh_galeriler_g17_023.txt,true,9544f29caea1ea6cfc35adce6cf0ad84bd5b9388e6209a85efc25a04ce9d7f3c
295,hasan.zip,35,36,aa_poh_galeriler/aa_poh_galeriler_g18_000.jpg,1120,630,3,yolo/labels/aa_poh_galeriler/aa_poh_galeriler_g18_000.txt,true,7f7b465f7f8850ec730b221446583601399353b91efc2fcf07945bf8ddd0f0d0
296,hasan.zip,36,37,aa_poh_galeriler/aa_poh_galeriler_g18_001.jpg,1024,683,3,yolo/labels/aa_poh_galeriler/aa_poh_galeriler_g18_001.txt,true,d4cb24e8400b8e9aab07a116354f8edd786c0310003482ef3d78d439412a6f80
297,hasan.zip,37,38,aa_poh_galeriler/aa_poh_galeriler_g18_002.jpg,1024,683,3,yolo/labels/aa_poh_galeriler/aa_poh_galeriler_g18_002.txt,true,a062aae8d1ab66a2009fd75011236fd9576b171a8d2c3c500c0bc88482199a7e
298,hasan.zip,38,39,aa_poh_galeriler/aa_poh_galeriler_g18_003.jpg,1024,683,2,yolo/labels/aa_poh_galeriler/aa_poh_galeriler_g18_003.txt,true,82734111dbb47a3de9cb118f0cf38491584d44973281ea11453cf4d35eb7fb4b
299,hasan.zip,39,40,aa_poh_galeriler/aa_poh_galeriler_g18_004.jpg,1024,683,3,yolo/labels/aa_poh_galeriler/aa_poh_galeriler_g18_004.txt,true,42a515e34cae969df5a0a72796ec954b7cefb97ab9f9c4c7497677c41c422824
300,hasan.zip,40,41,aa_poh_galeriler/aa_poh_galeriler_g18_005.jpg,1024,683,2,yolo/labels/aa_poh_galeriler/aa_poh_galeriler_g18_005.txt,true,65893288320504d6d5f55e411b1c4a09ac5539606de4548bceafc5ef87072fe2
301,hasan.zip,41,42,aa_poh_galeriler/aa_poh_galeriler_g18_006.jpg,1024,683,1,yolo/labels/aa_poh_galeriler/aa_poh_galeriler_g18_006.txt,true,ae0e2982241ba0dd5371d616948dbe64cffb59fded50db026bfa540c19bcf541
302,hasan.zip,42,43,aa_poh_galeriler/aa_poh_galeriler_g18_007.jpg,1024,681,3,yolo/labels/aa_poh_galeriler/aa_poh_galeriler_g18_007.txt,true,723b9002308423b12fef8841fa4cc43f75ce5462321dab43f7b27f7af0c33d49
303,hasan.zip,43,44,aa_poh_galeriler/aa_poh_galeriler_g18_008.jpg,1024,683,2,yolo/labels/aa_poh_galeriler/aa_poh_galeriler_g18_008.txt,true,553c226195a8c2f229da756637c09fa6844f373305b13c0be11ae45be3e8ade0
304,hasan.zip,44,45,aa_poh_galeriler/aa_poh_galeriler_g18_009.jpg,1024,683,3,yolo/labels/aa_poh_galeriler/aa_poh_galeriler_g18_009.txt,true,8afd9620af8e85e4cbbf7c1ae41ea9fe7f990828e7a020bdbca744ecd98901eb
305,hasan.zip,45,46,aa_poh_galeriler/aa_poh_galeriler_g19_000.jpg,1120,635,6,yolo/labels/aa_poh_galeriler/aa_poh_galeriler_g19_000.txt,true,6b94cb4235979f456061609eabff849e0ae94d89e2e83f7aae0790b6289337e9
306,hasan.zip,46,47,aa_poh_galeriler/aa_poh_galeriler_g19_001.jpg,1024,718,2,yolo/labels/aa_poh_galeriler/aa_poh_galeriler_g19_001.txt,true,c78dedf695cb57bb50655407e8773c8bcaf6f46507840955173cd1e57c5eb3dc
307,hasan.zip,47,48,aa_poh_galeriler/aa_poh_galeriler_g19_005.jpg,1024,703,3,yolo/labels/aa_poh_galeriler/aa_poh_galeriler_g19_005.txt,true,36af3b6dd53f261fd28b21eceb8aad3d72e073c35c107d03dc20d3adb44e0a95
308,hasan.zip,48,49,aa_poh_galeriler/aa_poh_galeriler_g19_006.jpg,1024,683,5,yolo/labels/aa_poh_galeriler/aa_poh_galeriler_g19_006.txt,true,681311391d56037883015039907d0d3f03485b6c6c45691c91d48774abe46f71
309,hasan.zip,49,50,aa_poh_galeriler/aa_poh_galeriler_g19_007.jpg,1024,649,7,yolo/labels/aa_poh_galeriler/aa_poh_galeriler_g19_007.txt,true,4136e44842aff266f43bb8233f7aae04b46c231775ade457133fc37dc9096cd9
310,hasan.zip,50,51,aa_poh_galeriler/aa_poh_galeriler_g19_008.jpg,1024,683,7,yolo/labels/aa_poh_galeriler/aa_poh_galeriler_g19_008.txt,true,b9c2d528b336a3de1e876d35f04be06bd9a0aa2b0575d8f3f998bd5cc71532e4
311,hasan.zip,51,52,aa_poh_galeriler/aa_poh_galeriler_g19_009.jpg,1024,683,12,yolo/labels/aa_poh_galeriler/aa_poh_galeriler_g19_009.txt,true,201780e79fdf736c5af6dce236b76b6ad80220604b6f2178e0a0ef546dedfb93
312,hasan.zip,52,53,aa_poh_galeriler/aa_poh_galeriler_g19_010.jpg,1024,577,33,yolo/labels/aa_poh_galeriler/aa_poh_galeriler_g19_010.txt,true,6cc04bbf7724fa995c87f923307931a2456855926bb9ea5ba7fe32b2f7ec96b1
313,hasan.zip,53,54,aa_poh_galeriler/aa_poh_galeriler_g20_013.jpg,1024,682,6,yolo/labels/aa_poh_galeriler/aa_poh_galeriler_g20_013.txt,true,0a5e825274de3a359ff95c2689bed39abe3f318eee1f43677463b4a83fa6cce8
314,hasan.zip,54,55,aa_poh_galeriler/aa_poh_galeriler_g21_000.jpg,1120,630,3,yolo/labels/aa_poh_galeriler/aa_poh_galeriler_g21_000.txt,true,1c0a8f036ecf1043772d709d412c98ace553ad095f21a49a4be7ab1ff03e9848
315,hasan.zip,55,56,aa_poh_galeriler/aa_poh_galeriler_g21_001.jpg,1024,683,0,yolo/labels/aa_poh_galeriler/aa_poh_galeriler_g21_001.txt,true,51a5ed889b0111d5f2ff7c28ebe70c2dde5722918733db28916e5ac9363c9dfa
316,hasan.zip,56,57,aa_poh_galeriler/aa_poh_galeriler_g21_002.jpg,1024,683,2,yolo/labels/aa_poh_galeriler/aa_poh_galeriler_g21_002.txt,true,e366c861abaa1715bf0d1a5e55989d84ccbcefab0efc02d68393facadb60ad3b
317,hasan.zip,57,58,aa_poh_galeriler/aa_poh_galeriler_g21_003.jpg,1024,683,1,yolo/labels/aa_poh_galeriler/aa_poh_galeriler_g21_003.txt,true,5e778711ded50fe773fe1ad787bedcab54b2b847365c19109a42dc3596024c27
318,hasan.zip,58,59,aa_poh_galeriler/aa_poh_galeriler_g21_004.jpg,1024,683,3,yolo/labels/aa_poh_galeriler/aa_poh_galeriler_g21_004.txt,true,4cffe490e288baf1ca16e996df4feb5713a1fdc4c0a7e8aa74e783936bf17ec4
319,hasan.zip,59,60,aa_poh_galeriler/aa_poh_galeriler_g21_005.jpg,1024,683,2,yolo/labels/aa_poh_galeriler/aa_poh_galeriler_g21_005.txt,true,69f7988b3a52e4c7fa80bfd89175efeb40de9bb90029c7faf9ab1b33d410f83f
320,hasan.zip,60,61,aa_poh_galeriler/aa_poh_galeriler_g21_006.jpg,1024,683,6,yolo/labels/aa_poh_galeriler/aa_poh_galeriler_g21_006.txt,true,4133c4bff2a3e4d4eb3c4b4e397a892aae3ee56a22cbfe8049042f9714eb144f
321,hasan.zip,61,62,aa_poh_galeriler/aa_poh_galeriler_g21_007.jpg,1024,683,4,yolo/labels/aa_poh_galeriler/aa_poh_galeriler_g21_007.txt,true,d2e063570a325111c257e6fd4845ca0bfca4a7d8660b722584d85649c0f2a68c
322,hasan.zip,62,63,aa_poh_galeriler/aa_poh_galeriler_g21_008.jpg,1024,683,8,yolo/labels/aa_poh_galeriler/aa_poh_galeriler_g21_008.txt,true,87abba83d78fda6d97a09e86202fd7aa58957eb66d2e63e87a7ebe7cc10d0564
323,hasan.zip,63,64,aa_poh_galeriler/aa_poh_galeriler_g21_009.jpg,1024,683,2,yolo/labels/aa_poh_galeriler/aa_poh_galeriler_g21_009.txt,true,b47fe4d9b5260bea579378b0e6b052917d73fa95ce5c4be9eccda96bfd1697a6
324,hasan.zip,64,65,aa_poh_galeriler/aa_poh_galeriler_g21_010.jpg,1024,683,3,yolo/labels/aa_poh_galeriler/aa_poh_galeriler_g21_010.txt,true,ccc0b5cd9037f0ff3b68aa0dd62ec4522d72f19efe883282f81f25e491b7b2f2
325,hasan.zip,65,66,aa_poh_galeriler/aa_poh_galeriler_g21_011.jpg,1024,683,7,yolo/labels/aa_poh_galeriler/aa_poh_galeriler_g21_011.txt,true,056531ee09b280ca01eacedf02e3ea4ad6b661a5bd890dbe223ca716798cd55a
326,hasan.zip,66,67,aa_poh_galeriler/aa_poh_galeriler_g21_012.jpg,1024,683,3,yolo/labels/aa_poh_galeriler/aa_poh_galeriler_g21_012.txt,true,405b12ea48cd2f28b5282bc4af1ce4f7fc7f067f0fb95966d6abc9525f866559
327,hasan.zip,67,68,aa_poh_galeriler/aa_poh_galeriler_g21_013.jpg,1024,683,1,yolo/labels/aa_poh_galeriler/aa_poh_galeriler_g21_013.txt,true,163a77b230544a69bf47abfbf983289e7d2eb9dd7d0b44e750cb226d4771d776
328,hasan.zip,68,69,aa_poh_galeriler/aa_poh_galeriler_g21_014.jpg,1024,683,4,yolo/labels/aa_poh_galeriler/aa_poh_galeriler_g21_014.txt,true,2d6efd089a590169273c490e02f0e5a563a4f2640b1b10522edf6aea7c907146
329,hasan.zip,69,70,aa_poh_galeriler/aa_poh_galeriler_g21_015.jpg,1024,683,2,yolo/labels/aa_poh_galeriler/aa_poh_galeriler_g21_015.txt,true,20da0e7b1d390a60e67b0a3dee36a7c2f54987aecababb1df2c750b72d6e8831
330,hasan.zip,70,71,aa_poh_galeriler/aa_poh_galeriler_g21_016.jpg,1024,683,7,yolo/labels/aa_poh_galeriler/aa_poh_galeriler_g21_016.txt,true,df1cc384834607cbbcd27f92ea2e8feb67ba339aba72e21985c822a4fb77a9b2
331,hasan.zip,71,72,aa_poh_galeriler/aa_poh_galeriler_g21_017.jpg,1024,683,3,yolo/labels/aa_poh_galeriler/aa_poh_galeriler_g21_017.txt,true,a8404dcd2035554afca8d73bb3591f7bc9430ad7cd8c16b8444a392120495830
332,hasan.zip,72,73,aa_poh_galeriler/aa_poh_galeriler_g21_018.jpg,1024,683,2,yolo/labels/aa_poh_galeriler/aa_poh_galeriler_g21_018.txt,true,ae2de996a632658f3f09529b0a7ebad8fbb91bc7202ac4a3ed626ce9259e1fb9
333,hasan.zip,73,74,aa_poh_galeriler/aa_poh_galeriler_g22_000.jpg,1120,747,0,yolo/labels/aa_poh_galeriler/aa_poh_galeriler_g22_000.txt,true,ba0fbea685bdb9d28df2025bc39a1908caa3bf10310b235e4a553d30b089a8dd
334,hasan.zip,74,75,aa_poh_galeriler/aa_poh_galeriler_g22_001.jpg,1024,683,0,yolo/labels/aa_poh_galeriler/aa_poh_galeriler_g22_001.txt,true,e0b84ede54d28c4d4d962bedbf6a5ac4686f109f3d5c145b91541f9783fd7a2f
335,hasan.zip,75,76,aa_poh_galeriler/aa_poh_galeriler_g22_002.jpg,1024,683,0,yolo/labels/aa_poh_galeriler/aa_poh_galeriler_g22_002.txt,true,5e8d010aad5920f41bb5b8c10a2c44f8b8002621571bea8170d32a181bcaaf47
336,hasan.zip,76,77,aa_poh_galeriler/aa_poh_galeriler_g22_003.jpg,1024,683,0,yolo/labels/aa_poh_galeriler/aa_poh_galeriler_g22_003.txt,true,1fb75471a5318a9f5afa63a007d0e1dc884209234c6491da4b31622e1be6fdea
337,hasan.zip,77,78,aa_poh_galeriler/aa_poh_galeriler_g22_004.jpg,1024,683,0,yolo/labels/aa_poh_galeriler/aa_poh_galeriler_g22_004.txt,true,ea11efd78cbf9dfefc93a4489c75b098efc859b00457a62f4b4e03d93eda8544
338,hasan.zip,78,79,aa_poh_galeriler/aa_poh_galeriler_g22_005.jpg,1024,683,0,yolo/labels/aa_poh_galeriler/aa_poh_galeriler_g22_005.txt,true,87ab525af3f07a22c480518c2c30c900591a8e9b8d208891a1f2661f25bc63a9
339,hasan.zip,79,80,aa_poh_galeriler/aa_poh_galeriler_g22_006.jpg,1024,683,0,yolo/labels/aa_poh_galeriler/aa_poh_galeriler_g22_006.txt,true,b277f23260701283f47fa0ba7d4131a3fe2672e452c93044574c8c5cb5f929ad
340,hasan.zip,80,81,aa_poh_galeriler/aa_poh_galeriler_g22_007.jpg,1024,683,0,yolo/labels/aa_poh_galeriler/aa_poh_galeriler_g22_007.txt,true,95bb51953d4eb8f472050cd414eb41e565baf58c0b4030b624713f9c3f446d47
341,hasan.zip,81,82,aa_poh_galeriler/aa_poh_galeriler_g22_008.jpg,1130,635,0,yolo/labels/aa_poh_galeriler/aa_poh_galeriler_g22_008.txt,true,21103a50dcfb0760119fdd6543ce8d8909e43f0798eeba4d904dd8ab1afdfd08
342,hasan.zip,82,83,aa_poh_galeriler/aa_poh_galeriler_g22_009.jpg,1024,683,0,yolo/labels/aa_poh_galeriler/aa_poh_galeriler_g22_009.txt,true,0ede2bc2f6e6975917a169a1745a823d71378a9ca64cf78f1b0e03ec10e46ef0
343,hasan.zip,83,84,aa_poh_galeriler/aa_poh_galeriler_g22_010.jpg,1024,683,0,yolo/labels/aa_poh_galeriler/aa_poh_galeriler_g22_010.txt,true,a410d71fc0088e6a8049333f1c45fc510464950293ce898f06fab1a07f638461
344,hasan.zip,84,85,aa_poh_galeriler/aa_poh_galeriler_g22_011.jpg,1024,683,0,yolo/labels/aa_poh_galeriler/aa_poh_galeriler_g22_011.txt,true,fc1319dcb4d9609a154259618778da65d2f6f75f34d46b32609b4ef8740a9194
345,hasan.zip,85,86,aa_poh_galeriler/aa_poh_galeriler_g22_012.jpg,1024,683,0,yolo/labels/aa_poh_galeriler/aa_poh_galeriler_g22_012.txt,true,05fcdac0ad5fdfca2b2bee163dc0ff39f67c6c0f8b24548aeda3b955c3092fbf
346,hasan.zip,86,87,aa_poh_galeriler/aa_poh_galeriler_g22_013.jpg,1024,683,0,yolo/labels/aa_poh_galeriler/aa_poh_galeriler_g22_013.txt,true,73805656c39cf75f52b847ed19266ee91cc5f4e9ef8e070e247fff9d18ffc833
347,hasan.zip,87,88,aa_poh_galeriler/aa_poh_galeriler_g22_014.jpg,1024,683,0,yolo/labels/aa_poh_galeriler/aa_poh_galeriler_g22_014.txt,true,67966efaeb2d04fa4afd39f3e78c239139712da2b655a17c6b9933770296a1fe
348,hasan.zip,88,89,aa_poh_galeriler/aa_poh_galeriler_g22_015.jpg,1024,683,0,yolo/labels/aa_poh_galeriler/aa_poh_galeriler_g22_015.txt,true,f39ac353dcbfe089495aa2ea586640ea3705747e84257c48077eb85dfe5bfb5b
349,hasan.zip,89,90,aa_poh_galeriler/aa_poh_galeriler_g22_016.jpg,1024,683,0,yolo/labels/aa_poh_galeriler/aa_poh_galeriler_g22_016.txt,true,9e226c2d32ef0bf9accba69cb19ca48497f1b0e50ee7aaff2c2b5feeee3a9aba
350,hasan.zip,90,91,aa_poh_galeriler/aa_poh_galeriler_g22_017.jpg,1024,683,0,yolo/labels/aa_poh_galeriler/aa_poh_galeriler_g22_017.txt,true,087a629113f720874ac995b01ccef8f818c2a3949f7ec733e5389d2be1f112af
351,hasan.zip,91,92,aa_poh_galeriler/aa_poh_galeriler_g22_018.jpg,1024,683,0,yolo/labels/aa_poh_galeriler/aa_poh_galeriler_g22_018.txt,true,69585aeaf8b61d77e5b60859748db89a1493451dbd109445efa682cd5df245aa
352,hasan.zip,92,93,aa_poh_galeriler/aa_poh_galeriler_g22_019.jpg,1024,683,0,yolo/labels/aa_poh_galeriler/aa_poh_galeriler_g22_019.txt,true,cfa1bffa3e76bc3e2a38f812be632baaa5dca3918ff89d5c483959ee9672bce3
353,hasan.zip,93,94,aa_poh_galeriler/aa_poh_galeriler_g22_020.jpg,1024,683,0,yolo/labels/aa_poh_galeriler/aa_poh_galeriler_g22_020.txt,true,e2559f701080288ffdb02e0e03fe77905d4ed035e6fb222b4bcdac6f9ffbfb88
354,hasan.zip,94,95,aa_poh_haberleri/aa_poh_haberleri_0000.jpg,864,486,0,yolo/labels/aa_poh_haberleri/aa_poh_haberleri_0000.txt,true,cc660fafc84a0500c33229c906a233721db591f6f2b15c0be2f9cffd1a0a2389
355,hasan.zip,95,96,aa_poh_haberleri/aa_poh_haberleri_0001.jpg,864,486,0,yolo/labels/aa_poh_haberleri/aa_poh_haberleri_0001.txt,true,7e09cfa8c20332a7f2886f1d645a7175cc9f3a65f6e1e92aba97b13ff4d7287e
356,hasan.zip,96,97,aa_poh_haberleri/aa_poh_haberleri_0002.jpg,864,486,13,yolo/labels/aa_poh_haberleri/aa_poh_haberleri_0002.txt,true,9a270778a2d2d656d8e54767c6d627b9fc9e55c1bd89877896c17feff096bac2
357,hasan.zip,97,98,aa_poh_haberleri/aa_poh_haberleri_0003.jpg,864,486,1,yolo/labels/aa_poh_haberleri/aa_poh_haberleri_0003.txt,true,d110756cf4e2f2b62c784d0319b51b38c02170bcb098e12e00505ba50f6e1727
358,hasan.zip,98,99,aa_poh_haberleri/aa_poh_haberleri_0004.jpg,864,486,0,yolo/labels/aa_poh_haberleri/aa_poh_haberleri_0004.txt,true,4eae1682c64fcf31e5335d500bc1af8e9de3d4f64bcc5e6f5f1d2c03f943af42
359,hasan.zip,99,100,aa_poh_haberleri/aa_poh_haberleri_0005.jpg,864,486,6,yolo/labels/aa_poh_haberleri/aa_poh_haberleri_0005.txt,true,1de926690dd2b04f32c64195b484c1e7ca82a52ea7fc5eb9a440fa79482e7097
360,hasan.zip,100,101,aa_poh_haberleri/aa_poh_haberleri_0006.jpg,864,486,0,yolo/labels/aa_poh_haberleri/aa_poh_haberleri_0006.txt,true,b042d2558dc727fbed9481a6578e6ac796a02f2d5b6b0d0395423cad6684f724
361,hasan.zip,101,102,aa_poh_haberleri/aa_poh_haberleri_000_01.jpg,1130,636,7,yolo/labels/aa_poh_haberleri/aa_poh_haberleri_000_01.txt,true,0c97f2397f5cc0dd571ac1f4a11056ea68c2b79f941f9627e745940274cc9e37
362,hasan.zip,102,103,aa_poh_haberleri/aa_poh_haberleri_000_02.jpg,1024,683,1,yolo/labels/aa_poh_haberleri/aa_poh_haberleri_000_02.txt,true,7e3439e5619d8537ad307f772df3ce28173fa99290c40e87092817619fa2a390
363,hasan.zip,103,104,aa_poh_haberleri/aa_poh_haberleri_000_03.jpg,1024,683,0,yolo/labels/aa_poh_haberleri/aa_poh_haberleri_000_03.txt,true,9099b662e346542b9ad6cf19c615f22ba63fdd5b4228dd971a165c8c3a38cccc
364,hasan.zip,104,105,aa_poh_haberleri/aa_poh_haberleri_000_04.jpg,1024,683,0,yolo/labels/aa_poh_haberleri/aa_poh_haberleri_000_04.txt,true,95d8af6a276b5c59b34c7f8cbc861976742249612f4dde400df202164ed5aa68
365,hasan.zip,105,106,aa_poh_haberleri/aa_poh_haberleri_000_05.jpg,1024,682,1,yolo/labels/aa_poh_haberleri/aa_poh_haberleri_000_05.txt,true,a9e92de87e9302dbf8de90cf0cb360795a9ba2d9aa81563b3e7df86ec41ee843
366,hasan.zip,106,107,aa_poh_haberleri/aa_poh_haberleri_000_06.jpg,1024,683,2,yolo/labels/aa_poh_haberleri/aa_poh_haberleri_000_06.txt,true,ad2928c06d01da7321df5afd50c0f603c47a11a0b88cc228eb26d73682a91bed
367,hasan.zip,107,108,aa_poh_haberleri/aa_poh_haberleri_000_07.jpg,1024,683,0,yolo/labels/aa_poh_haberleri/aa_poh_haberleri_000_07.txt,true,e1bc1499c25b1d4597fc81158f5b46c906df93f92e6ea969f08229a33b721899
368,hasan.zip,108,109,aa_poh_haberleri/aa_poh_haberleri_000_08.jpg,1024,683,0,yolo/labels/aa_poh_haberleri/aa_poh_haberleri_000_08.txt,true,01d50ad1b5bfd8aa40741c98fc6931bbe51883fcf05f36d89bab8e918c9d588d
369,hasan.zip,109,110,aa_poh_haberleri/aa_poh_haberleri_000_09.jpg,1024,683,0,yolo/labels/aa_poh_haberleri/aa_poh_haberleri_000_09.txt,true,24fe92c2c163172bd81f7aa6ba602bfb2cc85b2b5eea8a04ff45af4d586ce4ca
370,hasan.zip,110,111,aa_poh_haberleri/aa_poh_haberleri_000_10.jpg,1024,683,0,yolo/labels/aa_poh_haberleri/aa_poh_haberleri_000_10.txt,true,b961c222fa49820c780e60a99de890b7bf0cb20f06075086fa11e729dbdc50ee
371,hasan.zip,111,112,aa_poh_haberleri/aa_poh_haberleri_000_11.jpg,1024,682,2,yolo/labels/aa_poh_haberleri/aa_poh_haberleri_000_11.txt,true,13171c979d6b0da00fc519db3593bef251efab815fd31c299bdf9b625b7d7ab7
372,hasan.zip,112,113,aa_poh_haberleri/aa_poh_haberleri_000_12.jpg,1024,683,0,yolo/labels/aa_poh_haberleri/aa_poh_haberleri_000_12.txt,true,db5a5663c6f69855a9d600d1bbda0fdec611a46c4a9f8912355fb8f3cb7b4f4a
373,hasan.zip,113,114,aa_poh_haberleri/aa_poh_haberleri_000_13.jpg,1024,682,2,yolo/labels/aa_poh_haberleri/aa_poh_haberleri_000_13.txt,true,1a0b51968f319566e79f6bae8e4ea3d1a69660c0d9d0d85d2213b99f86270919
374,hasan.zip,114,115,aa_poh_haberleri/aa_poh_haberleri_000_14.jpg,1024,682,2,yolo/labels/aa_poh_haberleri/aa_poh_haberleri_000_14.txt,true,e02b207b2847f7b36c0726778c674ee807279843fdceafef313b3b784668dbcd
375,hasan.zip,115,116,aa_poh_haberleri/aa_poh_haberleri_000_15.jpg,1024,683,3,yolo/labels/aa_poh_haberleri/aa_poh_haberleri_000_15.txt,true,a0f2bf4523780390f76740f555b57c7d23ca96dddb3073c4d9cf41d626b3cf39
376,hasan.zip,116,117,aa_poh_haberleri/aa_poh_haberleri_000_16.jpg,1024,683,0,yolo/labels/aa_poh_haberleri/aa_poh_haberleri_000_16.txt,true,d87461db94d94b2738da766a2a14b14b8688f98339cb48d695b2322ea088634f
377,hasan.zip,117,118,aa_poh_haberleri/aa_poh_haberleri_000_17.jpg,1024,683,0,yolo/labels/aa_poh_haberleri/aa_poh_haberleri_000_17.txt,true,a5ec32be2a8a66e6b551b27759df2468f92cac34c70a9d97d967a3b6d0a1f458
378,hasan.zip,118,119,aa_poh_haberleri/aa_poh_haberleri_000_18.jpg,1024,683,0,yolo/labels/aa_poh_haberleri/aa_poh_haberleri_000_18.txt,true,405f01e5d4a82bb82e9ad555d531cbdd6721d26d8bd3e55b95f2867d41decf26
379,hasan.zip,119,120,aa_poh_haberleri/aa_poh_haberleri_000_19.jpg,1024,683,0,yolo/labels/aa_poh_haberleri/aa_poh_haberleri_000_19.txt,true,fc1f61cde6721697ac5c7c7eea3c1663a6dd1a1a592f0353e3ef00e11eaa2993
380,hasan.zip,120,121,aa_poh_haberleri/aa_poh_haberleri_000_20.jpg,1024,683,0,yolo/labels/aa_poh_haberleri/aa_poh_haberleri_000_20.txt,true,6b5faac97b16fe6362e43147f10844384966806330d6bcc2dd5d737ded18e6e4
381,hasan.zip,121,122,aa_poh_haberleri/aa_poh_haberleri_000_21.jpg,1024,683,0,yolo/labels/aa_poh_haberleri/aa_poh_haberleri_000_21.txt,true,92bd6134d8c1a873051bebf92a83291bd4db27ec14d5d1fccc5db2a0676e820a
382,hasan.zip,122,123,aa_poh_haberleri/aa_poh_haberleri_000_22.jpg,1024,683,0,yolo/labels/aa_poh_haberleri/aa_poh_haberleri_000_22.txt,true,3d3a2f0cfa9ac63ba04b437f15554304b8952585aa595540e98fdfcf4bcd690e
383,hasan.zip,123,124,aa_poh_haberleri/aa_poh_haberleri_000_23.jpg,1024,683,4,yolo/labels/aa_poh_haberleri/aa_poh_haberleri_000_23.txt,true,093e4466ba36d17d0411bfdf453b311c0e16fbb37ff14e8eebc82ec8ebf0a994
384,hasan.zip,124,125,aa_poh_haberleri/aa_poh_haberleri_000_24.jpg,1024,683,4,yolo/labels/aa_poh_haberleri/aa_poh_haberleri_000_24.txt,true,c9b3e13a3bf23f2bfbcd56198a38a21d4f4aa5bf186efc5236a340bf5ad85240
385,hasan.zip,125,126,aa_poh_haberleri/aa_poh_haberleri_000_25.jpg,1024,683,0,yolo/labels/aa_poh_haberleri/aa_poh_haberleri_000_25.txt,true,d02184e9f4fe6c2f9234a35d142c83ae7d8aa8b11db3a65ca6d04dce9665b49c
386,hasan.zip,126,127,aa_poh_haberleri/aa_poh_haberleri_000_26.jpg,1024,683,4,yolo/labels/aa_poh_haberleri/aa_poh_haberleri_000_26.txt,true,e10e23dbd90323c844f672fad4f0ad3081e037e625156fddebcc894840a80a1a
387,hasan.zip,127,128,aa_poh_haberleri/aa_poh_haberleri_000_27.jpg,1024,683,0,yolo/labels/aa_poh_haberleri/aa_poh_haberleri_000_27.txt,true,d1105588afa8648cd276ebbc65015df756e9646af613826b4d0dfa2d2ee31b71
388,hasan.zip,128,129,aa_poh_haberleri/aa_poh_haberleri_000_28.jpg,1024,683,1,yolo/labels/aa_poh_haberleri/aa_poh_haberleri_000_28.txt,true,ca268ea1ae36e5e4e77d56d92b9cec2e5c2adb50b4356a25da76735e4bf4883b
389,hasan.zip,130,130,aa_poh_haberleri/aa_poh_haberleri_000_30.jpg,750,500,4,yolo/labels/aa_poh_haberleri/aa_poh_haberleri_000_30.txt,true,5c2c0b64d0e31ea3445539d1401086287e2693e97c01818bd233e4901d06ac09
390,hasan.zip,131,131,aa_poh_haberleri/aa_poh_haberleri_000_34.jpg,384,216,2,yolo/labels/aa_poh_haberleri/aa_poh_haberleri_000_34.txt,true,50f6c9ddc734c1791fff6d9914ce5323fbee49a7a150b8b041440ef101162ec4
391,hasan.zip,132,132,aa_poh_haberleri/aa_poh_haberleri_0010.jpg,864,486,8,yolo/labels/aa_poh_haberleri/aa_poh_haberleri_0010.txt,true,db40c846fd525f93ebce47f4b38709207f71b6bc496031cd264e4ecab5d7e72f
392,hasan.zip,133,133,aa_poh_haberleri/aa_poh_haberleri_0011.jpg,864,486,15,yolo/labels/aa_poh_haberleri/aa_poh_haberleri_0011.txt,true,49bed1164ca427eb6a073c3c05a29355ec50edc46b961cdbf96ebd1f8b4a3fc4
393,hasan.zip,134,134,aa_poh_haberleri/aa_poh_haberleri_0013.jpg,1130,635,3,yolo/labels/aa_poh_haberleri/aa_poh_haberleri_0013.txt,true,3fa962a5311ce1d8fff527359f0f5b18307a9e5e6da1caf3d8b410ffd0df6897
394,hasan.zip,135,135,aa_poh_haberleri/aa_poh_haberleri_0014.jpg,1130,635,0,yolo/labels/aa_poh_haberleri/aa_poh_haberleri_0014.txt,true,b423296b09d6a85ae1c75791a8af87d32e9cd0a02e7fde093a3e07b08809006a
395,hasan.zip,136,136,aa_poh_haberleri/aa_poh_haberleri_001_01.jpg,750,500,0,yolo/labels/aa_poh_haberleri/aa_poh_haberleri_001_01.txt,true,3bd9d98cc86c48192a5d5420d43a0e10d419294584d0c63166c3359205546193
396,hasan.zip,137,137,aa_poh_haberleri/aa_poh_haberleri_001_02.jpg,750,500,0,yolo/labels/aa_poh_haberleri/aa_poh_haberleri_001_02.txt,true,a8f22d9ca76c0c3cdbe7888493f335a02e561d6d38b540fb51d2ce228bfc0a59
397,hasan.zip,138,138,aa_poh_haberleri/aa_poh_haberleri_001_03.jpg,750,500,0,yolo/labels/aa_poh_haberleri/aa_poh_haberleri_001_03.txt,true,3e5b73b2eee4cb029a75e5c3081285318099e9ba97e5f1a5d2ceda324647d971
398,hasan.zip,139,139,aa_poh_haberleri/aa_poh_haberleri_001_09.jpg,384,216,1,yolo/labels/aa_poh_haberleri/aa_poh_haberleri_001_09.txt,true,b0977459076e59f83827231791e88f2fad528b873664d7fdf4abcc5b24ce6d93
399,hasan.zip,140,140,aa_poh_haberleri/aa_poh_haberleri_001_10.jpg,384,216,0,yolo/labels/aa_poh_haberleri/aa_poh_haberleri_001_10.txt,true,62bb3234d95ebff84b527e91e2d4fd9c2804466e34ac97c11ef55588370293c8
400,hasan.zip,141,141,aa_poh_haberleri/aa_poh_haberleri_001_11.jpg,384,208,0,yolo/labels/aa_poh_haberleri/aa_poh_haberleri_001_11.txt,true,eae8f1fb905fefc590140a8e0155a0ef359c60f3354b1758cfbe41d8ff11e086
401,hasan.zip,142,142,aa_poh_haberleri/aa_poh_haberleri_002_01.jpg,954,636,12,yolo/labels/aa_poh_haberleri/aa_poh_haberleri_002_01.txt,true,b7d77b1a15743a85416a962f9f2b8be5852f87db0b2b65863313857e428b717a
402,hasan.zip,143,143,aa_poh_haberleri/aa_poh_haberleri_002_02.jpg,954,636,4,yolo/labels/aa_poh_haberleri/aa_poh_haberleri_002_02.txt,true,93933c71c3fc22726a54ce89e784d283e9a62321a6a00db2dd104d9ef9e6e81d
403,hasan.zip,144,144,aa_poh_haberleri/aa_poh_haberleri_002_03.jpg,954,636,4,yolo/labels/aa_poh_haberleri/aa_poh_haberleri_002_03.txt,true,7b3af5714a3d6376563e722267b1693c88530035b5d8bc17b302b6f06916bbaa
404,hasan.zip,145,145,aa_poh_haberleri/aa_poh_haberleri_002_04.jpg,954,636,8,yolo/labels/aa_poh_haberleri/aa_poh_haberleri_002_04.txt,true,b62d7d244aae2715b922ccb2a9de265fcaa48378eeba85725d181b251955ed67
405,hasan.zip,146,146,aa_poh_haberleri/aa_poh_haberleri_002_05.jpg,954,636,2,yolo/labels/aa_poh_haberleri/aa_poh_haberleri_002_05.txt,true,5c95dcc7d2ed1a069fe63773f8f5ea92a640d877e53c2146db6d7deb7a3f58d8
406,hasan.zip,147,147,aa_poh_haberleri/aa_poh_haberleri_002_06.jpg,954,636,1,yolo/labels/aa_poh_haberleri/aa_poh_haberleri_002_06.txt,true,bccb6b8753c383afb3d5746301ec649c40595d25b38141a3cbdff88c2ea4f0c4
407,hasan.zip,148,148,aa_poh_haberleri/aa_poh_haberleri_002_07.jpg,954,636,3,yolo/labels/aa_poh_haberleri/aa_poh_haberleri_002_07.txt,true,995518fae056e70934553321a3af0718f754f2964573431d0d5bd8b70b5d85f2
408,hasan.zip,149,149,aa_poh_haberleri/aa_poh_haberleri_002_08.jpg,954,636,6,yolo/labels/aa_poh_haberleri/aa_poh_haberleri_002_08.txt,true,38b69a2217d92dc7759ecba8467cb732429f1cddecb25ad50789db71710e358a
409,hasan.zip,150,150,aa_poh_haberleri/aa_poh_haberleri_002_09.jpg,954,636,1,yolo/labels/aa_poh_haberleri/aa_poh_haberleri_002_09.txt,true,faceb9570f4b52a160a7dff8858cd57d594ff6e67b46fa5d7019c51f9fd5b335
410,hasan.zip,151,151,aa_poh_haberleri/aa_poh_haberleri_002_10.jpg,954,636,12,yolo/labels/aa_poh_haberleri/aa_poh_haberleri_002_10.txt,true,8b8e996bbe2653fb5fedf93e008a5ae8572852a97119f3805f7fd0b883d7cce8
411,hasan.zip,152,152,aa_poh_haberleri/aa_poh_haberleri_002_11.jpg,954,636,1,yolo/labels/aa_poh_haberleri/aa_poh_haberleri_002_11.txt,true,86fdebf7405f11d56306e678c4b7ba24d1b0b2878c2b754a612073521584321c
412,hasan.zip,153,153,aa_poh_haberleri/aa_poh_haberleri_002_12.jpg,954,636,1,yolo/labels/aa_poh_haberleri/aa_poh_haberleri_002_12.txt,true,911d96a7d1c76c446960f4d8cecda431d7f3ff0acece8a90aaa63d23c16955a2
413,hasan.zip,154,154,aa_poh_haberleri/aa_poh_haberleri_002_13.jpg,954,636,2,yolo/labels/aa_poh_haberleri/aa_poh_haberleri_002_13.txt,true,2405d99d73c4c7cdac2815f83083890a9e7dab98f85fe1baa43de504b3925557
414,hasan.zip,155,155,aa_poh_haberleri/aa_poh_haberleri_002_14.jpg,954,636,1,yolo/labels/aa_poh_haberleri/aa_poh_haberleri_002_14.txt,true,e9608ea34422cbc1af0d46d720ca78f6b6e725ab7d91b6ec60ae71a42db6d1cb
415,hasan.zip,156,156,aa_poh_haberleri/aa_poh_haberleri_002_15.jpg,954,636,1,yolo/labels/aa_poh_haberleri/aa_poh_haberleri_002_15.txt,true,9511c1566462d1a07e3ad3fd8b7daf7b2bbc260bbe43055b4aae3847b5243e31
416,hasan.zip,157,157,aa_poh_haberleri/aa_poh_haberleri_002_16.jpg,954,636,1,yolo/labels/aa_poh_haberleri/aa_poh_haberleri_002_16.txt,true,e89aade7471b395ecb420516e2c545bc06fd8c273776b5ab69cbd12d7d778ad9
417,hasan.zip,158,158,aa_poh_haberleri/aa_poh_haberleri_002_17.jpg,954,636,12,yolo/labels/aa_poh_haberleri/aa_poh_haberleri_002_17.txt,true,2762ac0abd05a10e9b10ca4e617e5120e36b7ded6de01bb3dc33b6bb0f6f5c41
418,hasan.zip,159,159,aa_poh_haberleri/aa_poh_haberleri_002_18.jpg,954,636,2,yolo/labels/aa_poh_haberleri/aa_poh_haberleri_002_18.txt,true,11e26fbfbfeafe5933a6184f79b2d332823c27788a26af257ef31b51b215be6d
419,hasan.zip,160,160,aa_poh_haberleri/aa_poh_haberleri_002_19.jpg,954,636,3,yolo/labels/aa_poh_haberleri/aa_poh_haberleri_002_19.txt,true,510e7aafd28b0720314350af31af0397fec3cd6e3bb74447c3282b5fe3639504
420,hasan.zip,161,161,aa_poh_haberleri/aa_poh_haberleri_002_20.jpg,954,636,2,yolo/labels/aa_poh_haberleri/aa_poh_haberleri_002_20.txt,true,881752d3afa3b5f1e510a753e1b6b2cb7047a474fd76a254ef29625e85c2fffc
421,hasan.zip,162,162,aa_poh_haberleri/aa_poh_haberleri_002_21.jpg,954,636,6,yolo/labels/aa_poh_haberleri/aa_poh_haberleri_002_21.txt,true,f482049d746218d8c59c8ccf4ff58a291dfc4d31788f8c75d12feb678d755f12
422,hasan.zip,163,163,aa_poh_haberleri/aa_poh_haberleri_002_22.jpg,954,636,1,yolo/labels/aa_poh_haberleri/aa_poh_haberleri_002_22.txt,true,192966666c9c3f1ac6c0a6ad924ac5d500e42d868b26ae9a5d991e359e7f9684
423,hasan.zip,164,164,aa_poh_haberleri/aa_poh_haberleri_002_23.jpg,1130,635,7,yolo/labels/aa_poh_haberleri/aa_poh_haberleri_002_23.txt,true,bbb6d038848daf604301697ce0fc03098b96d30a1cff1e4ddb238018716d7ab2
424,hasan.zip,165,165,aa_poh_haberleri/aa_poh_haberleri_002_24.jpg,954,636,1,yolo/labels/aa_poh_haberleri/aa_poh_haberleri_002_24.txt,true,5388680e063fb5290de07e95ae8620b4a0efc9bbbc571e45f7abf9ba5c36dfc3
425,hasan.zip,166,166,aa_poh_haberleri/aa_poh_haberleri_002_25.jpg,954,636,1,yolo/labels/aa_poh_haberleri/aa_poh_haberleri_002_25.txt,true,6d4b4fc56f99a2f72e3fff819df9d7e640e517a6d03449f756bbf246d27edd9f
426,hasan.zip,167,167,aa_poh_haberleri/aa_poh_haberleri_002_26.jpg,954,636,3,yolo/labels/aa_poh_haberleri/aa_poh_haberleri_002_26.txt,true,17b44ef827f4a730d65d1d25ab851fbbc3e9fa6055a74013a369905c94045e08
427,hasan.zip,168,168,aa_poh_haberleri/aa_poh_haberleri_002_27.jpg,954,636,1,yolo/labels/aa_poh_haberleri/aa_poh_haberleri_002_27.txt,true,861ae5cc58ce9552ad17d43920a6783f46a08fd9891110ee7174708ff2803cbc
428,hasan.zip,170,169,aa_poh_haberleri/aa_poh_haberleri_002_29.jpg,954,636,13,yolo/labels/aa_poh_haberleri/aa_poh_haberleri_002_29.txt,true,ce3cf0372f6036dc7a279fdacff8f4009f1187e0b7ea28083885cb917699762a
429,hasan.zip,171,170,aa_poh_haberleri/aa_poh_haberleri_002_30.jpg,954,636,4,yolo/labels/aa_poh_haberleri/aa_poh_haberleri_002_30.txt,true,73b716628d05acca79e0b832f58e47243c0873664459e571f5eee892c46957f2
430,hasan.zip,172,171,aa_poh_haberleri/aa_poh_haberleri_002_31.jpg,954,636,2,yolo/labels/aa_poh_haberleri/aa_poh_haberleri_002_31.txt,true,2e7cabb301444356eb4e7286bf18ab1818d29d0f160f257d6de63f0b77a8f928
431,hasan.zip,173,172,aa_poh_haberleri/aa_poh_haberleri_002_32.jpg,750,500,1,yolo/labels/aa_poh_haberleri/aa_poh_haberleri_002_32.txt,true,5387595cf6ccf45e5bf086e80f596918e2f1955346ad30bba250b79a4b933f1d
432,hasan.zip,174,173,aa_poh_haberleri/aa_poh_haberleri_002_34.jpg,750,500,4,yolo/labels/aa_poh_haberleri/aa_poh_haberleri_002_34.txt,true,a7a31b56e446de844241955fc24d7e5411dc5af37347dda7f0ddc196567d55f1
433,hasan.zip,175,174,aa_poh_haberleri/aa_poh_haberleri_002_38.jpg,318,216,0,yolo/labels/aa_poh_haberleri/aa_poh_haberleri_002_38.txt,true,e97e6831781172b0d2eb43e8c3186644245a68f004137f6eab6608e3c6606ebc
434,hasan.zip,176,175,aa_poh_haberleri/aa_poh_haberleri_002_42.jpg,384,216,0,yolo/labels/aa_poh_haberleri/aa_poh_haberleri_002_42.txt,true,a57bf13f04d526be7d1c3967db577027ba53e36c52d202d1871cf1dbf9795f2d
435,hasan.zip,177,176,aa_poh_haberleri/aa_poh_haberleri_002_43.jpg,384,216,2,yolo/labels/aa_poh_haberleri/aa_poh_haberleri_002_43.txt,true,592e246545445be89b3b338636dbe85c02d31f7fbad745e4d6216f3f43dbeeeb
436,hasan.zip,178,177,aa_poh_haberleri/aa_poh_haberleri_003_01.jpg,750,489,5,yolo/labels/aa_poh_haberleri/aa_poh_haberleri_003_01.txt,true,43867f3872466665a255df38527cf64de473470d534c3ebe8cdadd082009984d
437,hasan.zip,179,178,aa_poh_haberleri/aa_poh_haberleri_003_02.jpg,750,478,5,yolo/labels/aa_poh_haberleri/aa_poh_haberleri_003_02.txt,true,0dde63c93306711ec8dd6ce251b4c9346fd1c350d56a72c00e76d426237444cc
438,hasan.zip,180,179,aa_poh_haberleri/aa_poh_haberleri_003_03.jpg,750,468,0,yolo/labels/aa_poh_haberleri/aa_poh_haberleri_003_03.txt,true,fd496a6a323c8ff629e9e40a2dfa90dd9415742998f5072719740ee5a497ed06
439,hasan.zip,181,180,aa_poh_haberleri/aa_poh_haberleri_003_04.jpg,750,463,4,yolo/labels/aa_poh_haberleri/aa_poh_haberleri_003_04.txt,true,323c8ef16dfb1716594cbf43237e25540ad726ad828c7130b08ff9afeb0aea56
440,hasan.zip,182,181,aa_poh_haberleri/aa_poh_haberleri_003_05.jpg,750,474,0,yolo/labels/aa_poh_haberleri/aa_poh_haberleri_003_05.txt,true,64442d536cf9d318783b1ea8635e980f4cf600609583696fb3e15472ef2aa8cd
441,hasan.zip,183,182,aa_poh_haberleri/aa_poh_haberleri_003_06.jpg,750,468,1,yolo/labels/aa_poh_haberleri/aa_poh_haberleri_003_06.txt,true,38983af5013396709cfc6f8a8619d41ff7d8cbd6c7350518619ebfa94dee189c
442,hasan.zip,184,183,aa_poh_haberleri/aa_poh_haberleri_003_09.jpg,384,216,6,yolo/labels/aa_poh_haberleri/aa_poh_haberleri_003_09.txt,true,cc43e5b2d6e70ac67b5af58f76ff75be3099e0e4b090fb9d663fd5e61a97df1d
443,hasan.zip,185,184,aa_poh_haberleri/aa_poh_haberleri_003_11.jpg,384,216,4,yolo/labels/aa_poh_haberleri/aa_poh_haberleri_003_11.txt,true,286c7ebb5363f04401cb821d5c8a0786a1c6936da951d23841efe90c38e3e245
444,hasan.zip,186,185,aa_poh_haberleri/aa_poh_haberleri_003_12.jpg,384,216,1,yolo/labels/aa_poh_haberleri/aa_poh_haberleri_003_12.txt,true,9fac2c85a9ca6403a53a89f562dd6a6638a47da95aca6069c3989c2950c9bd39
445,hasan.zip,187,186,aa_poh_haberleri/aa_poh_haberleri_003_13.jpg,384,216,5,yolo/labels/aa_poh_haberleri/aa_poh_haberleri_003_13.txt,true,6838c533d8e036cf09ceb4de5e584f1d5c322abf35868404ecc94d41bd0bbea2
446,hasan.zip,188,187,aa_poh_haberleri/aa_poh_haberleri_003_14.jpg,384,216,0,yolo/labels/aa_poh_haberleri/aa_poh_haberleri_003_14.txt,true,c14f2255360d4f6993a959584c1fdb67c749c67dae8b5862c35a31654b3fbb22
447,hasan.zip,189,188,aa_poh_haberleri/aa_poh_haberleri_003_16.jpg,384,216,1,yolo/labels/aa_poh_haberleri/aa_poh_haberleri_003_16.txt,true,6d098fb30e997cdf24af239166901052023416b425dd36318402e594e54dadd7
448,hasan.zip,190,189,aa_poh_haberleri/aa_poh_haberleri_003_17.jpg,384,216,0,yolo/labels/aa_poh_haberleri/aa_poh_haberleri_003_17.txt,true,d72220c67b959a37edeb2778edccda8d479680e179ba6236d069d6add2f0d1bf
449,hasan.zip,191,190,aa_poh_haberleri/aa_poh_haberleri_003_18.jpg,384,216,0,yolo/labels/aa_poh_haberleri/aa_poh_haberleri_003_18.txt,true,81e6d4841768f922f63c3091d2945692d3b758dec009d850db4e9767b4d135a1
450,hasan.zip,192,191,aa_poh_haberleri/aa_poh_haberleri_005_01.jpg,750,422,3,yolo/labels/aa_poh_haberleri/aa_poh_haberleri_005_01.txt,true,59325712322468b2041d3951c2c4e8453aae6e1bd23459f09107c9e83f31919d
451,hasan.zip,193,192,aa_poh_haberleri/aa_poh_haberleri_005_02.jpg,750,494,13,yolo/labels/aa_poh_haberleri/aa_poh_haberleri_005_02.txt,true,fe64a2094abaabbab2b427d486dd67b2ced6a02587f50c6fd30233bfbbd8f2af
452,hasan.zip,194,193,aa_poh_haberleri/aa_poh_haberleri_005_13.jpg,318,216,1,yolo/labels/aa_poh_haberleri/aa_poh_haberleri_005_13.txt,true,3b8757f51f7eddb99bd50a8948a62a16122bd4e92018c64959a7cc32e6163914
453,hasan.zip,195,194,aa_poh_haberleri/aa_poh_haberleri_009_01.jpg,1024,683,1,yolo/labels/aa_poh_haberleri/aa_poh_haberleri_009_01.txt,true,7aed7967f71576f52a21a83b09459f7ba4c0816935206b09c6e79dc2b2655ab8
454,hasan.zip,196,195,aa_poh_haberleri/aa_poh_haberleri_009_02.jpg,1024,683,0,yolo/labels/aa_poh_haberleri/aa_poh_haberleri_009_02.txt,true,0a529798671cd9445fef6a4f28c6265f8b3640a7c4af585802cb410929369934
455,hasan.zip,197,196,aa_poh_haberleri/aa_poh_haberleri_009_03.jpg,1024,709,0,yolo/labels/aa_poh_haberleri/aa_poh_haberleri_009_03.txt,true,1697dc7671877a087d8546e38675bdeac37757f33b0fcf0576a041386d1f8dac
456,hasan.zip,198,197,aa_poh_haberleri/aa_poh_haberleri_009_04.jpg,1024,683,0,yolo/labels/aa_poh_haberleri/aa_poh_haberleri_009_04.txt,true,f5a9b6ed8f99941c1520bd1e29a8afc8b9c9be253cfaf0c7ef1bf259e3ebff84
457,hasan.zip,199,198,aa_poh_haberleri/aa_poh_haberleri_009_05.jpg,1024,668,0,yolo/labels/aa_poh_haberleri/aa_poh_haberleri_009_05.txt,true,2ed4ca4cc475e9503a4f983bb40d972835996bd10e83bdeddf17d0af4c15f30a
458,hasan.zip,200,199,aa_poh_haberleri/aa_poh_haberleri_009_06.jpg,1024,683,0,yolo/labels/aa_poh_haberleri/aa_poh_haberleri_009_06.txt,true,4876882891988e119740eda73316e4aaa98d9be8a979850d0c7826e4e7f938fb
459,hasan.zip,201,200,aa_poh_haberleri/aa_poh_haberleri_009_08.jpg,1024,725,3,yolo/labels/aa_poh_haberleri/aa_poh_haberleri_009_08.txt,true,b4983f0e2fd5a2f9c38c6c378bdf8034e53216274cead9ea90c705361a72a95e
460,hasan.zip,202,201,aa_poh_haberleri/aa_poh_haberleri_009_09.jpg,1024,754,2,yolo/labels/aa_poh_haberleri/aa_poh_haberleri_009_09.txt,true,57d940e3b2a6636dd11e24628a543a97bd4fabd51b8b5ed74dad229946d945a6
461,hasan.zip,203,202,aa_poh_haberleri/aa_poh_haberleri_009_10.jpg,1024,729,3,yolo/labels/aa_poh_haberleri/aa_poh_haberleri_009_10.txt,true,265d27f6c1614e9159b04356e85e166077243f4fd9ce5e8b293e174b53049c30
462,hasan.zip,204,203,aa_poh_haberleri/aa_poh_haberleri_009_11.jpg,1024,732,3,yolo/labels/aa_poh_haberleri/aa_poh_haberleri_009_11.txt,true,f1baa58f6cbbc9d63a535e22919cbae564af410479613eb271d945db6cd59ce8
463,hasan.zip,205,204,aa_poh_haberleri/aa_poh_haberleri_009_12.jpg,1024,733,2,yolo/labels/aa_poh_haberleri/aa_poh_haberleri_009_12.txt,true,d0d072f17bb61046824be788ead611533080a5006bb9d6e5b2a6e51c4d6d9111
464,hasan.zip,206,205,aa_poh_haberleri/aa_poh_haberleri_009_13.jpg,1024,683,1,yolo/labels/aa_poh_haberleri/aa_poh_haberleri_009_13.txt,true,8be4d009a36aa14b9d8e86b1d93173d971dff0ef06e7810989d05711d33db888
465,hasan.zip,207,206,aa_poh_haberleri/aa_poh_haberleri_009_14.jpg,1024,683,0,yolo/labels/aa_poh_haberleri/aa_poh_haberleri_009_14.txt,true,51442094cc5250cc7097e7935204e1a53cffec399fbac37dd36484c30052b46a
466,hasan.zip,208,207,aa_poh_haberleri/aa_poh_haberleri_009_15.jpg,1024,683,0,yolo/labels/aa_poh_haberleri/aa_poh_haberleri_009_15.txt,true,995b43fbe8827eb4516e022be59511b61bec6b31202700ae9e7a15cb1f5590a7
467,hasan.zip,209,208,aa_poh_haberleri/aa_poh_haberleri_009_16.jpg,1024,768,0,yolo/labels/aa_poh_haberleri/aa_poh_haberleri_009_16.txt,true,6dd21f275ac9bfc8ae854b88164cb8669e2b61ea5f357dc2c58c5501861a275a
468,hasan.zip,210,209,aa_poh_haberleri/aa_poh_haberleri_009_17.jpg,1024,683,2,yolo/labels/aa_poh_haberleri/aa_poh_haberleri_009_17.txt,true,358a7458db39954976430a694ed1f39c86ab5389c3ea35bd24ef8bc4f7d101fb
469,hasan.zip,211,210,aa_poh_haberleri/aa_poh_haberleri_009_18.jpg,1024,683,1,yolo/labels/aa_poh_haberleri/aa_poh_haberleri_009_18.txt,true,6293f99a683421074d06c5989e62be8553ce4cdb952f6563367a54a3fdd9135b
470,hasan.zip,212,211,aa_poh_haberleri/aa_poh_haberleri_009_19.jpg,1024,683,2,yolo/labels/aa_poh_haberleri/aa_poh_haberleri_009_19.txt,true,850259ce7d89885a109f50066adc678d7ab0783fa739f5e777f356f5ab42a124
471,hasan.zip,213,212,aa_poh_haberleri/aa_poh_haberleri_009_20.jpg,1024,683,2,yolo/labels/aa_poh_haberleri/aa_poh_haberleri_009_20.txt,true,94f6cdd94b71d40c9c0c7872b21567e30a74d33f7ac5022bcdb156c14084ed15
472,hasan.zip,214,213,aa_poh_haberleri/aa_poh_haberleri_009_21.jpg,1024,683,2,yolo/labels/aa_poh_haberleri/aa_poh_haberleri_009_21.txt,true,778bc3469cd5ee6cee15e6caf0479a72a6ccd2e661739b10052cab67d0fb8b99
473,hasan.zip,215,214,aa_poh_haberleri/aa_poh_haberleri_009_22.jpg,1024,683,0,yolo/labels/aa_poh_haberleri/aa_poh_haberleri_009_22.txt,true,5c92d0ea3f0760274cf0b676d7b5c669d7a1879d099e8d0e7d2f35780a55e1d7
474,hasan.zip,216,215,aa_poh_haberleri/aa_poh_haberleri_009_23.jpg,1024,716,1,yolo/labels/aa_poh_haberleri/aa_poh_haberleri_009_23.txt,true,27c9c176454c63f89e5d667be80312c0a74fad1cf9ce647552cc62ed4580af6c
475,hasan.zip,217,216,aa_poh_haberleri/aa_poh_haberleri_009_24.jpg,1024,683,1,yolo/labels/aa_poh_haberleri/aa_poh_haberleri_009_24.txt,true,3417d1a349b2bbf4f5cfae698df27a35a251656a77c2f2be1b758dabdf76fad7
476,hasan.zip,218,217,aa_poh_haberleri/aa_poh_haberleri_009_25.jpg,1024,683,1,yolo/labels/aa_poh_haberleri/aa_poh_haberleri_009_25.txt,true,b5420e7713d82a8e78517fd8a629a06320347ea200496b0ff6e8182a5292269d
477,hasan.zip,219,218,aa_poh_haberleri/aa_poh_haberleri_009_26.jpg,1024,683,1,yolo/labels/aa_poh_haberleri/aa_poh_haberleri_009_26.txt,true,4f16b7eceff434279856ae31ea02f0e7339c118cf65f6486af5153815a7f1b70
478,hasan.zip,220,219,aa_poh_haberleri/aa_poh_haberleri_009_27.jpg,749,1024,4,yolo/labels/aa_poh_haberleri/aa_poh_haberleri_009_27.txt,true,b9d23a2f7d521126fae3fd1fe89919800c40fbc7c8d20c488d02e0a52a4f2fb1
479,hasan.zip,221,220,aa_poh_haberleri/aa_poh_haberleri_009_28.jpg,1024,683,6,yolo/labels/aa_poh_haberleri/aa_poh_haberleri_009_28.txt,true,1902a684d24075a57daadd8fbefebe7e2ce5bd79662b7dbcd193b67d7d221f5e
480,hasan.zip,222,221,aa_poh_haberleri/aa_poh_haberleri_009_29.jpg,1024,697,3,yolo/labels/aa_poh_haberleri/aa_poh_haberleri_009_29.txt,true,528b7a7ca6008ad3c7836b4c0fa0da62b674140cccd668db53a10b27d5b50ded
481,hasan.zip,223,222,aa_poh_haberleri/aa_poh_haberleri_009_30.jpg,1024,683,3,yolo/labels/aa_poh_haberleri/aa_poh_haberleri_009_30.txt,true,86a1984598168ee8864fc33c19a9f2575c847c260129c28e50f2812010eb2e7f
482,hasan.zip,224,223,aa_poh_haberleri/aa_poh_haberleri_009_31.jpg,1024,683,3,yolo/labels/aa_poh_haberleri/aa_poh_haberleri_009_31.txt,true,3a45089fb4ad4f206c151b0efe562ee5513d7374fc17f6e0435d2193492b37ab
483,hasan.zip,225,224,aa_poh_haberleri/aa_poh_haberleri_009_32.jpg,1024,683,5,yolo/labels/aa_poh_haberleri/aa_poh_haberleri_009_32.txt,true,b2419c2f93f30f9e214914f322cf3a6c538c41743432501e55af562ccfbcffd0
484,hasan.zip,226,225,aa_poh_haberleri/aa_poh_haberleri_009_33.jpg,1024,683,7,yolo/labels/aa_poh_haberleri/aa_poh_haberleri_009_33.txt,true,1b43a47b5befeb11f1a57148dee277ed38b23298b2d2bf2abb9174a3d8f673fc
485,hasan.zip,227,226,aa_poh_haberleri/aa_poh_haberleri_009_34.jpg,907,1024,1,yolo/labels/aa_poh_haberleri/aa_poh_haberleri_009_34.txt,true,8d47ff82d91f4f215a116f6cccd87aabca2894e1e67d8b3f13e97eec48241df2
486,hasan.zip,228,227,aa_poh_haberleri/aa_poh_haberleri_009_35.jpg,1024,683,1,yolo/labels/aa_poh_haberleri/aa_poh_haberleri_009_35.txt,true,3a9e62f057c0ea4792d4ba559d1091bf05748aa9f142e75d7222cc48a33d2d0e
487,hasan.zip,229,228,aa_poh_haberleri/aa_poh_haberleri_009_36.jpg,1024,820,1,yolo/labels/aa_poh_haberleri/aa_poh_haberleri_009_36.txt,true,c8abfe5fb5152c76f49ce64c2069ad2bd512d5b8d5ada2d954a6b88cbc1a219c
488,hasan.zip,230,229,aa_poh_haberleri/aa_poh_haberleri_009_37.jpg,1024,810,0,yolo/labels/aa_poh_haberleri/aa_poh_haberleri_009_37.txt,true,9111159d975b3c9eee8a1f1419518b69d6000802e3fd4071c6a873fdc0a2df30
489,hasan.zip,231,230,aa_poh_haberleri/aa_poh_haberleri_009_38.jpg,779,1024,1,yolo/labels/aa_poh_haberleri/aa_poh_haberleri_009_38.txt,true,83bbc21f085e34d1a7a51a828f59c18543987cd3bba007b856aadffa50763ffa
490,hasan.zip,232,231,aa_poh_haberleri/aa_poh_haberleri_009_39.jpg,1130,636,2,yolo/labels/aa_poh_haberleri/aa_poh_haberleri_009_39.txt,true,1e4825e2d3f9af2d7fe6d21ae101c763d3e6cee3121cc1c2a002ac9de4637657
491,hasan.zip,233,232,aa_poh_haberleri/aa_poh_haberleri_009_40.jpg,1024,683,3,yolo/labels/aa_poh_haberleri/aa_poh_haberleri_009_40.txt,true,e837d4636d04998ff063dfb18a7dde621209d2ac165ffe40d4bd7e3808128f7c
492,hasan.zip,234,233,aa_poh_haberleri/aa_poh_haberleri_009_41.jpg,1024,683,3,yolo/labels/aa_poh_haberleri/aa_poh_haberleri_009_41.txt,true,e1a98338a514daeda66ba353c8f94080d2c2b29c7b50df25f36715e063065a60
493,hasan.zip,235,234,aa_poh_haberleri/aa_poh_haberleri_009_42.jpg,1024,683,5,yolo/labels/aa_poh_haberleri/aa_poh_haberleri_009_42.txt,true,70592ad28dbb500d1187716c98e6251a685971ac12d8a2b7c30b25486a9e4b93
494,hasan.zip,236,235,aa_poh_haberleri/aa_poh_haberleri_009_43.jpg,1024,683,3,yolo/labels/aa_poh_haberleri/aa_poh_haberleri_009_43.txt,true,d0bba3642183c9356b702f900d2d03e67cb71a62a658d5952b0d6664b605c5fe
495,hasan.zip,237,236,aa_poh_haberleri/aa_poh_haberleri_009_44.jpg,1024,683,0,yolo/labels/aa_poh_haberleri/aa_poh_haberleri_009_44.txt,true,a7a3345954bb58d8ee9bcdf6a98ae32b15569523f4dcc3a72dc5179e67a569a9
496,hasan.zip,238,237,aa_poh_haberleri/aa_poh_haberleri_009_45.jpg,1024,693,4,yolo/labels/aa_poh_haberleri/aa_poh_haberleri_009_45.txt,true,189c146fb52149cb978d197c44c9427166da2d2b9e1c8262766c91c1748f1d82
497,hasan.zip,239,238,aa_poh_haberleri/aa_poh_haberleri_009_46.jpg,1024,683,4,yolo/labels/aa_poh_haberleri/aa_poh_haberleri_009_46.txt,true,52ff53d86ce4ecf405b265e05536a7be5d7d03bcd56c313ff186a4b2fd60bd0b
498,hasan.zip,240,239,aa_poh_haberleri/aa_poh_haberleri_009_47.jpg,1024,675,0,yolo/labels/aa_poh_haberleri/aa_poh_haberleri_009_47.txt,true,16181ccc720a7798d04c636cc4a476ac0cbafb04af9f55bc2db24725e51f3997
499,hasan.zip,241,240,aa_poh_haberleri/aa_poh_haberleri_009_48.jpg,1024,716,0,yolo/labels/aa_poh_haberleri/aa_poh_haberleri_009_48.txt,true,c10271caebb3653bb58f7fb3a5551f408a7e3a05802fa21e00a6b4cf8124e6f4
500,hasan.zip,242,241,aa_poh_haberleri/aa_poh_haberleri_009_49.jpg,1120,747,2,yolo/labels/aa_poh_haberleri/aa_poh_haberleri_009_49.txt,true,abf2e68f956b06fe1d248deb26ac0e86f0bf4e00cab5da80d6cb048767abe946
501,hasan.zip,243,242,aa_poh_haberleri/aa_poh_haberleri_009_55.jpg,1120,630,14,yolo/labels/aa_poh_haberleri/aa_poh_haberleri_009_55.txt,true,3dbff05b16f60c21ed37087e69768d1a37a78ab90850ef5e534354d5f368952a
502,hasan.zip,244,243,aa_poh_haberleri/aa_poh_haberleri_009_56.jpg,1120,805,8,yolo/labels/aa_poh_haberleri/aa_poh_haberleri_009_56.txt,true,198f81646cd33aaa8e05aac18664a8e4ffeb5a54543efddc090540f4167f6fd5
503,hasan.zip,245,244,aa_poh_haberleri/aa_poh_haberleri_009_57.jpg,1120,747,9,yolo/labels/aa_poh_haberleri/aa_poh_haberleri_009_57.txt,true,0928bf2e6a48011bc525cf6066192e33e6a1578c5917e1dd8b4a2291ad6c5c88
504,hasan.zip,246,245,aa_poh_haberleri/aa_poh_haberleri_009_58.jpg,1120,747,5,yolo/labels/aa_poh_haberleri/aa_poh_haberleri_009_58.txt,true,5a02a373ce4db8517f9207e07bd7d39b2e6c0d0b00d81ab6cb145c832fc2255b
505,hasan.zip,247,246,aa_poh_haberleri/aa_poh_haberleri_009_59.jpg,1120,747,3,yolo/labels/aa_poh_haberleri/aa_poh_haberleri_009_59.txt,true,cc68c70e6cad6a5e26bab4d5ce32c690881385c2f16f95ab3398ff3ce348c705
506,hasan.zip,248,247,aa_poh_haberleri/aa_poh_haberleri_010_01.jpg,750,498,5,yolo/labels/aa_poh_haberleri/aa_poh_haberleri_010_01.txt,true,0cb930ea8423e2ac892aa36fbdcbd412f011bf2aadbbdf244c663c2dedd30e22
507,hasan.zip,249,248,aa_poh_haberleri/aa_poh_haberleri_010_03.jpg,750,500,1,yolo/labels/aa_poh_haberleri/aa_poh_haberleri_010_03.txt,true,6c8e7d4766f60bb0e06b8bc7f6b09ce9c00866832a2c9adee45b6317babb5461
508,hasan.zip,250,249,aa_poh_haberleri/aa_poh_haberleri_010_07.jpg,384,216,0,yolo/labels/aa_poh_haberleri/aa_poh_haberleri_010_07.txt,true,6ba874b88b1353220a849909606d05110180f3d246758ca70a7156fe588fd01b
509,hasan.zip,251,250,aa_poh_haberleri/aa_poh_haberleri_011_01.jpg,1130,636,3,yolo/labels/aa_poh_haberleri/aa_poh_haberleri_011_01.txt,true,66666de3211f4e2d25e723741fb16862c38dcc7a7fc108db11597847d9934332
510,hasan.zip,252,251,aa_poh_haberleri/aa_poh_haberleri_011_02.jpg,1024,683,8,yolo/labels/aa_poh_haberleri/aa_poh_haberleri_011_02.txt,true,867d23ba4c72789194cb153e165c28e0040ac94eb32e1c6a1d6db74ce4fe9ae3
511,hasan.zip,253,252,aa_poh_haberleri/aa_poh_haberleri_011_03.jpg,1024,683,1,yolo/labels/aa_poh_haberleri/aa_poh_haberleri_011_03.txt,true,384a01347ce7111bcb593598c34c6dac252e3bed61f3288d9f4aadd7c5730daf
512,hasan.zip,254,253,aa_poh_haberleri/aa_poh_haberleri_011_04.jpg,1024,683,1,yolo/labels/aa_poh_haberleri/aa_poh_haberleri_011_04.txt,true,11e59a6622553ff9249b931d8ae6c19b04686e66a739208175a2638e7d2df1e2
513,hasan.zip,255,254,aa_poh_haberleri/aa_poh_haberleri_011_05.jpg,1024,683,2,yolo/labels/aa_poh_haberleri/aa_poh_haberleri_011_05.txt,true,be03eb8fdd90f205dc79067169a54cb27af1fda06b122b5ad16859976f5a56cb
514,hasan.zip,256,255,aa_poh_haberleri/aa_poh_haberleri_011_06.jpg,1024,683,1,yolo/labels/aa_poh_haberleri/aa_poh_haberleri_011_06.txt,true,d58ec6b1798a84dc1483804c074787cbf6e1c5a6d3dc0681bfd5b9b087098fec
515,hasan.zip,257,256,aa_poh_haberleri/aa_poh_haberleri_011_07.jpg,1024,683,2,yolo/labels/aa_poh_haberleri/aa_poh_haberleri_011_07.txt,true,1520700573913c3b704d983e499e5d619e4f7f073bef31710a6c05600c55e733
516,hasan.zip,258,257,aa_poh_haberleri/aa_poh_haberleri_011_08.jpg,1024,683,5,yolo/labels/aa_poh_haberleri/aa_poh_haberleri_011_08.txt,true,0018228eed45c3b3d58f7e6b15aef8bd277616944127a6ebfe613e2514b08c84
517,hasan.zip,259,258,aa_poh_haberleri/aa_poh_haberleri_011_09.jpg,1024,683,2,yolo/labels/aa_poh_haberleri/aa_poh_haberleri_011_09.txt,true,6b0112408ed54a80795a8ea6124d3c150c099eb7d739d234001df4d30a0fb536
518,hasan.zip,260,259,aa_poh_haberleri/aa_poh_haberleri_011_10.jpg,1024,682,5,yolo/labels/aa_poh_haberleri/aa_poh_haberleri_011_10.txt,true,6291cde21a7c408f511cd792084af5c0401f0544e6f62d11a9ee5395556c899e
519,songül.zip,0,1,aa_poh_haberleri/aa_poh_haberleri_011_11.jpg,1024,683,2,yolo/labels/aa_poh_haberleri/aa_poh_haberleri_011_11.txt,true,fc07217e72709dc83803fcfd092f10ddf4f7bbed7beb16ec59908eff4d41c9aa
520,songül.zip,1,2,aa_poh_haberleri/aa_poh_haberleri_011_12.jpg,1024,683,1,yolo/labels/aa_poh_haberleri/aa_poh_haberleri_011_12.txt,true,20171a1873bb4debe202eda96b7342b9a24bbb0fd8c66d7153977a04f57d553d
521,songül.zip,2,3,aa_poh_haberleri/aa_poh_haberleri_011_13.jpg,1024,683,8,yolo/labels/aa_poh_haberleri/aa_poh_haberleri_011_13.txt,true,b3271f1d5ea1a8aa2c354e477e3e3e3164ecbb2582e2fc581455912ddfca8978
522,songül.zip,3,4,aa_poh_haberleri/aa_poh_haberleri_011_14.jpg,1024,683,3,yolo/labels/aa_poh_haberleri/aa_poh_haberleri_011_14.txt,true,5eb6aa118485f001b7c15812e9d63842703bb15005210703333374e1137a7f2d
523,songül.zip,4,5,aa_poh_haberleri/aa_poh_haberleri_011_15.jpg,1024,683,3,yolo/labels/aa_poh_haberleri/aa_poh_haberleri_011_15.txt,true,8908676d8232abf564bd351249f8f075f4962904d779a466ec9239cb9c5b0a04
524,songül.zip,5,6,aa_poh_haberleri/aa_poh_haberleri_011_16.jpg,750,500,2,yolo/labels/aa_poh_haberleri/aa_poh_haberleri_011_16.txt,true,5f132453399651ad4a93cbe9705267deecb9ef3864bb777b603f7fc15ab30b8e
525,songül.zip,6,7,aa_poh_haberleri/aa_poh_haberleri_011_17.jpg,750,500,0,yolo/labels/aa_poh_haberleri/aa_poh_haberleri_011_17.txt,true,8a72b05ed1d2e49e4fedb20874f5a03ba07534b6221332bf7d79d43fbbae5d07
526,songül.zip,7,8,aa_poh_haberleri/aa_poh_haberleri_011_18.jpg,750,500,2,yolo/labels/aa_poh_haberleri/aa_poh_haberleri_011_18.txt,true,e744267a261a63cc2ebda1eacfbc5ad8f63143c50efc5b4c3425f1704a5af6b3
527,songül.zip,8,9,aa_poh_haberleri/aa_poh_haberleri_011_19.jpg,750,500,2,yolo/labels/aa_poh_haberleri/aa_poh_haberleri_011_19.txt,true,2368021eedc9c632398a6d092a7da83a00a3439fffa436772718c1075ff2b8c0
528,songül.zip,9,10,aa_poh_haberleri/aa_poh_haberleri_011_21.jpg,750,500,2,yolo/labels/aa_poh_haberleri/aa_poh_haberleri_011_21.txt,true,baf79e334d139fd6b79aa582bf48878eaeec485fa6fc7849553205f4a9457a52
529,songül.zip,10,11,aa_poh_haberleri/aa_poh_haberleri_011_22.jpg,750,500,3,yolo/labels/aa_poh_haberleri/aa_poh_haberleri_011_22.txt,true,3b68165bd42208cf96a239225d2cbe935a14b804b8db98b3dcfdb434e7a9775d
530,songül.zip,11,12,aa_poh_haberleri/aa_poh_haberleri_011_24.jpg,750,500,8,yolo/labels/aa_poh_haberleri/aa_poh_haberleri_011_24.txt,true,93e23d80ef3c876c1fea37349cbe1609b165d58a761378d9e82363e5c94e3b65
531,songül.zip,12,13,aa_poh_haberleri/aa_poh_haberleri_011_36.jpg,384,216,6,yolo/labels/aa_poh_haberleri/aa_poh_haberleri_011_36.txt,true,0c001b645e962b59053c35e01cd79028e1a4cb7aa71c602732a8e1777acde4c0
532,songül.zip,13,14,aa_poh_haberleri/aa_poh_haberleri_012_00.jpg,1120,630,7,yolo/labels/aa_poh_haberleri/aa_poh_haberleri_012_00.txt,true,f36e76aee807cb6308ba45012a0eb513ca32dc57052dd3eef592370374fb8e9b
533,songül.zip,14,15,aa_poh_haberleri/aa_poh_haberleri_013_01.jpg,954,636,4,yolo/labels/aa_poh_haberleri/aa_poh_haberleri_013_01.txt,true,aa110fc003c07da000f7a4b7f2fcad6096c058a0fd2a8642cd22592d95faa5d7
534,songül.zip,15,16,aa_poh_haberleri/aa_poh_haberleri_013_02.jpg,954,636,8,yolo/labels/aa_poh_haberleri/aa_poh_haberleri_013_02.txt,true,939c56626971b721cfcdf33c8cc4de7da4adf2b63526caa157757a90d107b541
535,songül.zip,16,17,aa_poh_haberleri/aa_poh_haberleri_013_03.jpg,954,636,3,yolo/labels/aa_poh_haberleri/aa_poh_haberleri_013_03.txt,true,2b1dd662f08f301e9786ad89a8fac135268d996bad670f204a067835e4373239
536,songül.zip,17,18,aa_poh_haberleri/aa_poh_haberleri_013_04.jpg,954,636,4,yolo/labels/aa_poh_haberleri/aa_poh_haberleri_013_04.txt,true,c96eb682cf4270c99c96b95491a973e3bc89b1a2d2529a756b8804b4138c7c08
537,songül.zip,18,19,aa_poh_haberleri/aa_poh_haberleri_013_05.jpg,954,636,4,yolo/labels/aa_poh_haberleri/aa_poh_haberleri_013_05.txt,true,7e11e61a299ff80a90dc893b0d49c7e48249e97a4d4d1b3468ef0d8c8aae4a95
538,songül.zip,19,20,aa_poh_haberleri/aa_poh_haberleri_013_06.jpg,953,636,4,yolo/labels/aa_poh_haberleri/aa_poh_haberleri_013_06.txt,true,77e48a44cf84a869e9081877880f39bbeb8474286fe6bfeea0759d578bb796b0
539,songül.zip,20,21,aa_poh_haberleri/aa_poh_haberleri_013_07.jpg,954,636,5,yolo/labels/aa_poh_haberleri/aa_poh_haberleri_013_07.txt,true,df79a5f445050d85bb86891bc458aa96dd9fad85ceacd08d813078585f94ebe0
540,songül.zip,21,22,aa_poh_haberleri/aa_poh_haberleri_013_08.jpg,954,636,4,yolo/labels/aa_poh_haberleri/aa_poh_haberleri_013_08.txt,true,bd0ca54b0865c4676b2c0a2dd733435c301906ad6bc034e8c227af7824ad889e
541,songül.zip,22,23,aa_poh_haberleri/aa_poh_haberleri_013_09.jpg,954,636,4,yolo/labels/aa_poh_haberleri/aa_poh_haberleri_013_09.txt,true,8329aecad6bdcacd3abcca887257d353be25f0e2c6b90d39b93d289ea29c36e2
542,songül.zip,23,24,aa_poh_haberleri/aa_poh_haberleri_013_10.jpg,954,636,0,yolo/labels/aa_poh_haberleri/aa_poh_haberleri_013_10.txt,true,e778151df6e2c1677eb3725a3b9e1327df14df5bda72550c0edc4cf267cf0cda
543,songül.zip,24,25,aa_poh_haberleri/aa_poh_haberleri_013_11.jpg,954,636,2,yolo/labels/aa_poh_haberleri/aa_poh_haberleri_013_11.txt,true,78a453824306ef595ac56d51e170394de949a26a374849fdd66a5d061238ed4f
544,songül.zip,25,26,aa_poh_haberleri/aa_poh_haberleri_013_12.jpg,954,636,6,yolo/labels/aa_poh_haberleri/aa_poh_haberleri_013_12.txt,true,1e4967325a334ddba8b5fb9fe680db5f8c5014c599e9ca70bd8ef3ca1c2a1530
545,songül.zip,26,27,aa_poh_haberleri/aa_poh_haberleri_013_13.jpg,953,636,6,yolo/labels/aa_poh_haberleri/aa_poh_haberleri_013_13.txt,true,2d0cd23c011ff041ffaa3257a9620a73fa3d77e5741a35775d1a779b7d24f299
546,songül.zip,27,28,aa_poh_haberleri/aa_poh_haberleri_014_01.jpg,923,636,3,yolo/labels/aa_poh_haberleri/aa_poh_haberleri_014_01.txt,true,ea2105085b15f598e393b1e9e79ec5980810d92de68e1890da86b85244193685
547,songül.zip,28,29,aa_poh_haberleri/aa_poh_haberleri_014_02.jpg,953,636,2,yolo/labels/aa_poh_haberleri/aa_poh_haberleri_014_02.txt,true,fcca56ab8c07c290da98fb5f34ff6a9fb54cce4cd04934d6fca553e8957129bd
548,songül.zip,29,30,aa_poh_haberleri/aa_poh_haberleri_014_03.jpg,953,636,1,yolo/labels/aa_poh_haberleri/aa_poh_haberleri_014_03.txt,true,0f943fa6d1ffea59fc9a91dd2f5b3afc9a87af7dc719d1c24b918a57804befe8
549,songül.zip,30,31,aa_poh_haberleri/aa_poh_haberleri_014_04.jpg,953,636,6,yolo/labels/aa_poh_haberleri/aa_poh_haberleri_014_04.txt,true,3a3934b38fff03f9ed22a95fed3450bd37a1a874e519aa6b491a5e5a9ae6b201
550,songül.zip,31,32,aa_poh_haberleri/aa_poh_haberleri_014_05.jpg,953,636,1,yolo/labels/aa_poh_haberleri/aa_poh_haberleri_014_05.txt,true,979423ab9b09bcbb834ad7c9d880875bfa26d6107f9860f6c3931c4db149f3f5
551,songül.zip,32,33,aa_poh_haberleri/aa_poh_haberleri_014_06.jpg,953,636,2,yolo/labels/aa_poh_haberleri/aa_poh_haberleri_014_06.txt,true,9b7d3d9702830301b114f2c8717641c01239d19eaa0a181b7586e51b556b9997
552,songül.zip,33,34,aa_poh_haberleri/aa_poh_haberleri_014_07.jpg,953,636,4,yolo/labels/aa_poh_haberleri/aa_poh_haberleri_014_07.txt,true,2187e77f3d9c1144104848bbedeec818ae7d129f7b1738d9c2627edcafa21baa
553,songül.zip,34,35,aa_poh_haberleri/aa_poh_haberleri_014_08.jpg,953,636,2,yolo/labels/aa_poh_haberleri/aa_poh_haberleri_014_08.txt,true,dd29ff9bd616c506a00e1bf1b72ca51255de5783588f16823e46d1c31f53068b
554,songül.zip,35,36,aa_poh_haberleri/aa_poh_haberleri_014_09.jpg,953,636,6,yolo/labels/aa_poh_haberleri/aa_poh_haberleri_014_09.txt,true,060a099a3a1a9325090a16ff44f08b04c345153923da0f4cc763743f8d3a33a5
555,songül.zip,36,37,aa_poh_haberleri/aa_poh_haberleri_014_10.jpg,859,636,2,yolo/labels/aa_poh_haberleri/aa_poh_haberleri_014_10.txt,true,0041a00eddb65bcf2b6e2d30daac2fe5eb97e91d936001c5358dc47caa014aa4
556,songül.zip,37,38,aa_poh_haberleri/aa_poh_haberleri_014_11.jpg,953,636,0,yolo/labels/aa_poh_haberleri/aa_poh_haberleri_014_11.txt,true,53f88d7c0f0c0fcc776c73aa92cb0955abe88bd32a5d9e4a9820bd91e9cc77df
557,songül.zip,38,39,aa_poh_haberleri/aa_poh_haberleri_014_12.jpg,953,636,0,yolo/labels/aa_poh_haberleri/aa_poh_haberleri_014_12.txt,true,f6ecab3694d27c71fb9609a539fa07232604b0e28e6929bd7e0e9c3f9ed840dc
558,songül.zip,39,40,aa_poh_haberleri/aa_poh_haberleri_014_13.jpg,953,636,1,yolo/labels/aa_poh_haberleri/aa_poh_haberleri_014_13.txt,true,fd002765f13dcc88298d19b486ed2c77d2994da807e9e543fc5f9d047a6c3fe4
559,songül.zip,40,41,aa_poh_haberleri/aa_poh_haberleri_014_14.jpg,953,636,2,yolo/labels/aa_poh_haberleri/aa_poh_haberleri_014_14.txt,true,0acf19e53e675378b51b4944645143b388413237dc680ecf9eb4c52a4b915150
560,songül.zip,41,42,aa_poh_haberleri/aa_poh_haberleri_014_15.jpg,953,636,2,yolo/labels/aa_poh_haberleri/aa_poh_haberleri_014_15.txt,true,0d19de8e5dae33cc5810e749474d5321325bd9622a80cc8a35b56e891baf82e6
561,songül.zip,42,43,aa_poh_haberleri/egm_ozel_harekat_polisi_0003.jpg,800,533,3,yolo/labels/aa_poh_haberleri/egm_ozel_harekat_polisi_0003.txt,true,a80dae2bee37f939abf62d3cdfe19303c92ee9f0f584f6bc84c307942b97e7e1
562,songül.zip,43,44,ig_profile_ozelharekatbaskanlik/ig_ozelharekatbaskanlik_0000.jpg,705,705,0,yolo/labels/ig_profile_ozelharekatbaskanlik/ig_ozelharekatbaskanlik_0000.txt,true,31475337f65c1c889b5d713cb94a579d899e1d46e10c6e3ac09c860275ca007c
563,songül.zip,44,45,ig_profile_ozelharekatbaskanlik/ig_ozelharekatbaskanlik_0002.jpg,1440,811,1,yolo/labels/ig_profile_ozelharekatbaskanlik/ig_ozelharekatbaskanlik_0002.txt,true,7c097d21006f742394bd3de18f66ea4e3da52b80da3716842a667bf469478607
564,songül.zip,45,46,ig_profile_ozelharekatbaskanlik/ig_ozelharekatbaskanlik_0003.jpg,540,960,10,yolo/labels/ig_profile_ozelharekatbaskanlik/ig_ozelharekatbaskanlik_0003.txt,true,7e680a5a659a152ebf382bf26d193b661a9510140fd0af007f940a225afd56c8
565,songül.zip,46,47,ig_profile_ozelharekatbaskanlik/ig_ozelharekatbaskanlik_0004.jpg,1179,2096,1,yolo/labels/ig_profile_ozelharekatbaskanlik/ig_ozelharekatbaskanlik_0004.txt,true,fc1680d0797275d2f612b32329143b0acad73b6af0cc22611888c8bd21f12bb0
566,songül.zip,47,48,ig_profile_ozelharekatbaskanlik/ig_ozelharekatbaskanlik_0006.jpg,2733,1824,2,yolo/labels/ig_profile_ozelharekatbaskanlik/ig_ozelharekatbaskanlik_0006.txt,true,73c96a1712db29f7aa6b778f85cd54d77775b6ac7266d85d1249d01abf21ca52
567,songül.zip,48,49,ig_profile_ozelharekatbaskanlik/ig_ozelharekatbaskanlik_0007.jpg,1066,711,12,yolo/labels/ig_profile_ozelharekatbaskanlik/ig_ozelharekatbaskanlik_0007.txt,true,6a8a8d99ac92dbeba2b60c0ea3c7a71ad306efa9d7225ae6b367853501c2ef38
568,songül.zip,49,50,ig_profile_ozelharekatbaskanlik/ig_ozelharekatbaskanlik_0010.jpg,2308,1300,1,yolo/labels/ig_profile_ozelharekatbaskanlik/ig_ozelharekatbaskanlik_0010.txt,true,d12265a5dcf6944401b5ea9123cecb02c8d857426bd6bbdf9e8ff9f0870ee271
569,songül.zip,50,51,ig_profile_ozelharekatbaskanlik/ig_ozelharekatbaskanlik_0011.jpg,2305,1298,1,yolo/labels/ig_profile_ozelharekatbaskanlik/ig_ozelharekatbaskanlik_0011.txt,true,d6ae543e320386de9eceb0e3a655ca8d92452e4a8d46d0ac76b5a432ecd0cccb
570,songül.zip,51,52,ig_profile_ozelharekatbaskanlik/ig_ozelharekatbaskanlik_0013.jpg,2308,1300,3,yolo/labels/ig_profile_ozelharekatbaskanlik/ig_ozelharekatbaskanlik_0013.txt,true,6aabe8f84b73dac05e28c6c346c2f53196e3779992795752186bb47452e6038c
571,songül.zip,52,53,ig_profile_ozelharekatbaskanlik/ig_ozelharekatbaskanlik_0014.jpg,1705,1136,2,yolo/labels/ig_profile_ozelharekatbaskanlik/ig_ozelharekatbaskanlik_0014.txt,true,75db9a64e16b84027db2eee37a4d32e684fbd1a2fb7ed5c7827bf89bcd378de9
572,songül.zip,53,54,ig_profile_ozelharekatbaskanlik/ig_ozelharekatbaskanlik_0016.jpg,2347,1333,1,yolo/labels/ig_profile_ozelharekatbaskanlik/ig_ozelharekatbaskanlik_0016.txt,true,d0ca8cb0be0c4300e92d404f47b6ec916c9671f04ec65ee20026164346586a4c
573,songül.zip,54,55,ig_profile_ozelharekatbaskanlik/ig_ozelharekatbaskanlik_0017.jpg,1160,841,10,yolo/labels/ig_profile_ozelharekatbaskanlik/ig_ozelharekatbaskanlik_0017.txt,true,ad4365aafc2c3ac241b16030aba13d7f7739aa428e2f883e10a20603a442d192
574,songül.zip,55,56,ig_profile_ozelharekatbaskanlik/ig_ozelharekatbaskanlik_0018.jpg,2660,1509,1,yolo/labels/ig_profile_ozelharekatbaskanlik/ig_ozelharekatbaskanlik_0018.txt,true,9d8f74c5151c06351959739d1cfea0c5e8eef2be1dd60969dbaaf8acfe10316b
575,songül.zip,56,57,ig_profile_ozelharekatbaskanlik/ig_ozelharekatbaskanlik_0019.jpg,1065,710,1,yolo/labels/ig_profile_ozelharekatbaskanlik/ig_ozelharekatbaskanlik_0019.txt,true,0014b7a9e326a34f125a0f5f80771fc2613b21d88c5d51de1db7efeb7bf24fbb
576,songül.zip,57,58,ig_profile_ozelharekatbaskanlik/ig_ozelharekatbaskanlik_0020.jpg,1080,607,1,yolo/labels/ig_profile_ozelharekatbaskanlik/ig_ozelharekatbaskanlik_0020.txt,true,956e18a3014c62c2349397970d9efc0218cd16757599e325b08c8e6aea4c5312
577,songül.zip,58,59,ig_profile_ozelharekatbaskanlik/ig_ozelharekatbaskanlik_0021.jpg,2308,1300,19,yolo/labels/ig_profile_ozelharekatbaskanlik/ig_ozelharekatbaskanlik_0021.txt,true,c808cc85fff12273ddea2a98dde768df3fb1456b10430d9646aa96e780b07f4f
578,songül.zip,59,60,ig_profile_ozelharekatbaskanlik/ig_ozelharekatbaskanlik_0022.jpg,1086,738,1,yolo/labels/ig_profile_ozelharekatbaskanlik/ig_ozelharekatbaskanlik_0022.txt,true,22c94cffab7af0fb3785d3ec10e200bba5663b8c7464a898940c2d4ee87afa5b
579,songül.zip,60,61,ig_profile_ozelharekatbaskanlik/ig_ozelharekatbaskanlik_0023.jpg,1030,664,1,yolo/labels/ig_profile_ozelharekatbaskanlik/ig_ozelharekatbaskanlik_0023.txt,true,774b88d662e31014acff8e15355d0ed83e07cef6785ae4783f5de1db117dca3c
580,songül.zip,61,62,ig_profile_ozelharekatbaskanlik/ig_ozelharekatbaskanlik_0054.jpg,2568,1457,2,yolo/labels/ig_profile_ozelharekatbaskanlik/ig_ozelharekatbaskanlik_0054.txt,true,1354631ec949e8611f6281638dc4b1864e6e2e796cbcdf5955ae762121594005
581,songül.zip,62,63,ig_profile_ozelharekatbaskanlik/ig_ozelharekatbaskanlik_0060.jpg,1080,763,12,yolo/labels/ig_profile_ozelharekatbaskanlik/ig_ozelharekatbaskanlik_0060.txt,true,6ebb64f9a649c512211eab7d6529acd325cea08dea4e12e08356eacbe82e4099
582,songül.zip,63,64,ig_profile_ozelharekatbaskanlik/ig_ozelharekatbaskanlik_0061.jpg,2048,1150,1,yolo/labels/ig_profile_ozelharekatbaskanlik/ig_ozelharekatbaskanlik_0061.txt,true,bcc1cd25c641c528b1d6b0f1211cfe96c0573ecf252fbc81db2be2fc876c4bdc
583,songül.zip,64,65,ig_profile_ozelharekatbaskanlik/ig_ozelharekatbaskanlik_0062.jpg,1440,961,1,yolo/labels/ig_profile_ozelharekatbaskanlik/ig_ozelharekatbaskanlik_0062.txt,true,e38c7a5ade5f2367a5f7dbce58551c548604c0df83adeffd0f10f96b8a073525
584,songül.zip,65,66,ig_profile_ozelharekatbaskanlik/ig_ozelharekatbaskanlik_0063.jpg,1440,1257,1,yolo/labels/ig_profile_ozelharekatbaskanlik/ig_ozelharekatbaskanlik_0063.txt,true,fb9b5c3d1dc26668a6ba096efd6ad0c28dba44f5258421883b7c4b520d7a48e4
585,songül.zip,66,67,ig_profile_ozelharekatbaskanlik/ig_ozelharekatbaskanlik_0065.jpg,1600,1066,1,yolo/labels/ig_profile_ozelharekatbaskanlik/ig_ozelharekatbaskanlik_0065.txt,true,e4ce012bac16e7d4124791f731be17c60d44a2af237bf1483942e38054a01841
586,songül.zip,67,68,ig_profile_ozelharekatbaskanlik/ig_ozelharekatbaskanlik_0066.jpg,2250,1500,3,yolo/labels/ig_profile_ozelharekatbaskanlik/ig_ozelharekatbaskanlik_0066.txt,true,f939df66ab3920a796ae1eff9b0aa7eb8cd124e1cb060288ff46bb276baa325d
587,songül.zip,68,69,ig_profile_ozelharekatbaskanlik/ig_ozelharekatbaskanlik_0067.jpg,1080,675,4,yolo/labels/ig_profile_ozelharekatbaskanlik/ig_ozelharekatbaskanlik_0067.txt,true,5371c234f9d9e69fcf9ad71348d761808b2e5efcb1320fd8fc5d062b442e06c8
588,songül.zip,69,70,ig_profile_ozelharekatbaskanlik/ig_ozelharekatbaskanlik_0068.jpg,1536,2048,10,yolo/labels/ig_profile_ozelharekatbaskanlik/ig_ozelharekatbaskanlik_0068.txt,true,430945e13e9da42c58b174770b8ec96f77e1e3b91e254c6693703eb0006b6690
589,songül.zip,70,71,ig_profile_ozelharekatbaskanlik/ig_ozelharekatbaskanlik_0069.jpg,1350,1687,10,yolo/labels/ig_profile_ozelharekatbaskanlik/ig_ozelharekatbaskanlik_0069.txt,true,d1bbfbff4c707bd66ddbe8215b8f7b8c05a5bf17d3928479aa93004446999305
590,songül.zip,71,72,ig_profile_ozelharekatbaskanlik/ig_ozelharekatbaskanlik_0070.jpg,1085,814,1,yolo/labels/ig_profile_ozelharekatbaskanlik/ig_ozelharekatbaskanlik_0070.txt,true,5d12167e2bbc67822e927ea10d7800bb93c03922fbeb2af215729e2ef8ae8b17
591,songül.zip,72,73,ig_profile_ozelharekatbaskanlik/ig_ozelharekatbaskanlik_0071.jpg,2308,1300,5,yolo/labels/ig_profile_ozelharekatbaskanlik/ig_ozelharekatbaskanlik_0071.txt,true,e7bc4e200f5e8d5c5e870d0571546618f7ad558ec7564fe139aed7f60049294a
592,songül.zip,73,74,ig_profile_ozelharekatbaskanlik/ig_ozelharekatbaskanlik_0072.jpg,2733,1824,1,yolo/labels/ig_profile_ozelharekatbaskanlik/ig_ozelharekatbaskanlik_0072.txt,true,146cf28d4a357631a1389e1f07e0b4e72d363756f0c77d4d413aa859b07d052d
593,songül.zip,74,75,ig_profile_ozelharekatbaskanlik/ig_ozelharekatbaskanlik_0073.jpg,2733,1824,1,yolo/labels/ig_profile_ozelharekatbaskanlik/ig_ozelharekatbaskanlik_0073.txt,true,0cdcefbe7e50f5b4638073f1f03d94827378f0651ea2b77bc3011e24ff67e54d
594,songül.zip,75,76,ig_profile_ozelharekatbaskanlik/ig_ozelharekatbaskanlik_0084_DU6UPWKCLsE.jpg,1350,1687,10,yolo/labels/ig_profile_ozelharekatbaskanlik/ig_ozelharekatbaskanlik_0084_DU6UPWKCLsE.txt,true,13e47f58f1f310b4210f6b23245bcae891e8f0bb6bfdd17e194948d9285dc731
595,songül.zip,76,77,ig_profile_ozelharekatbaskanlik/ig_ozelharekatbaskanlik_0085_DU55CFuCF8A.jpg,1065,710,19,yolo/labels/ig_profile_ozelharekatbaskanlik/ig_ozelharekatbaskanlik_0085_DU55CFuCF8A.txt,true,54692fae7bc123e9a213cbf22ecd0b52a25c17a33143a34b4174207d84a47b40
596,songül.zip,77,78,ig_profile_ozelharekatbaskanlik/ig_ozelharekatbaskanlik_0086_DU3hJXTiGDS.jpg,1440,1081,39,yolo/labels/ig_profile_ozelharekatbaskanlik/ig_ozelharekatbaskanlik_0086_DU3hJXTiGDS.txt,true,f1a86478a858646cd7f5c10ca6878d1209d9e175c1d9a56cdbfaee48f12bb30b
597,songül.zip,78,79,ig_profile_ozelharekatbaskanlik/ig_ozelharekatbaskanlik_0087_DU2lzlKiFfu.jpg,1440,959,19,yolo/labels/ig_profile_ozelharekatbaskanlik/ig_ozelharekatbaskanlik_0087_DU2lzlKiFfu.txt,true,3222e52b4fe6fddb2c2299fc55ddd48da265a86dc2792fbbc08f85dc833e7cd2
598,songül.zip,79,80,ig_profile_ozelharekatbaskanlik/ig_ozelharekatbaskanlik_0088_DU0wRLUCHDi.jpg,1440,961,33,yolo/labels/ig_profile_ozelharekatbaskanlik/ig_ozelharekatbaskanlik_0088_DU0wRLUCHDi.txt,true,59883c25ed656098a7265077c0a9ed3fc74227deb930aba5112d2d1e6ba4a9bf
599,songül.zip,80,81,ig_profile_ozelharekatbaskanlik/ig_ozelharekatbaskanlik_0089_DU0IcvQiA61.jpg,1364,908,24,yolo/labels/ig_profile_ozelharekatbaskanlik/ig_ozelharekatbaskanlik_0089_DU0IcvQiA61.txt,true,ed477e248502cfaa36a6d75c91cfc1fdb349bca66785838a1d95c3a9e0a55478
600,songül.zip,81,82,ig_profile_ozelharekatbaskanlik/ig_ozelharekatbaskanlik_0090_DUyTzfpiHpZ.jpg,1200,900,19,yolo/labels/ig_profile_ozelharekatbaskanlik/ig_ozelharekatbaskanlik_0090_DUyTzfpiHpZ.txt,true,786afa61efe8aef6eed2284289a81553aba05689ffad38757f87c4fcb5cca577
601,songül.zip,82,83,ig_profile_ozelharekatbaskanlik/ig_ozelharekatbaskanlik_0091_DUvuCZ7CPvI.jpg,1440,1080,21,yolo/labels/ig_profile_ozelharekatbaskanlik/ig_ozelharekatbaskanlik_0091_DUvuCZ7CPvI.txt,true,265c360c10085e22ba7364ac73daa33a61f9beb35ae57cd0a7765a1a88008a29
602,songül.zip,83,84,ig_profile_ozelharekatbaskanlik/ig_ozelharekatbaskanlik_0092_DUu1UkKiLx9.jpg,1365,910,20,yolo/labels/ig_profile_ozelharekatbaskanlik/ig_ozelharekatbaskanlik_0092_DUu1UkKiLx9.txt,true,3043088a861419aa127c289cfa0e24a7b402cfb63b3c022d4c13dcf7b43f9dc6
603,songül.zip,84,85,ig_profile_ozelharekatbaskanlik/ig_ozelharekatbaskanlik_0093_DUtMZ7NiGgK.jpg,720,407,4,yolo/labels/ig_profile_ozelharekatbaskanlik/ig_ozelharekatbaskanlik_0093_DUtMZ7NiGgK.txt,true,84b47ddd31c520ee3a5af11be2b92a174cacf7bd87bdd798c230330ccaa04154
604,songül.zip,85,86,ig_profile_ozelharekatbaskanlik/ig_ozelharekatbaskanlik_0094_DUs2XWXCJND.jpg,1440,883,23,yolo/labels/ig_profile_ozelharekatbaskanlik/ig_ozelharekatbaskanlik_0094_DUs2XWXCJND.txt,true,acf0719aaa7676e177dd9a802ac516ce8c6f839056958f84caf313b312cf3737
605,songül.zip,86,87,ig_profile_ozelharekatbaskanlik/ig_ozelharekatbaskanlik_0095_DUqdLj9jLXj.jpg,1065,710,4,yolo/labels/ig_profile_ozelharekatbaskanlik/ig_ozelharekatbaskanlik_0095_DUqdLj9jLXj.txt,true,6ed26b8d7fc0308414f58cf0da50706c73133ff6736639db33fb56b4aa2baa1f
606,songül.zip,87,88,ig_profile_ozelharekatbaskanlik/ig_ozelharekatbaskanlik_0096_DUp1OTqjfdW.jpg,1200,900,2,yolo/labels/ig_profile_ozelharekatbaskanlik/ig_ozelharekatbaskanlik_0096_DUp1OTqjfdW.txt,true,e8c0640c588c4143399ef67656e4ad3abfe94befa24799a68f1cc7ab63e58d2b
607,songül.zip,88,89,ig_profile_ozelharekatbaskanlik/ig_ozelharekatbaskanlik_0097_DUoIzU3jZKe.jpg,1065,710,25,yolo/labels/ig_profile_ozelharekatbaskanlik/ig_ozelharekatbaskanlik_0097_DUoIzU3jZKe.txt,true,ca185d092129be9c8b476a3af127f400931379012d5eeccd4efe0a9a9a078b6f
608,songül.zip,89,90,ig_profile_ozelharekatbaskanlik/ig_ozelharekatbaskanlik_0098_DUnMu3LiFPz.jpg,1440,1080,30,yolo/labels/ig_profile_ozelharekatbaskanlik/ig_ozelharekatbaskanlik_0098_DUnMu3LiFPz.txt,true,470d79c19fa3b83469367148a7ee7edc88cee93c3af00fc658c6c20014f10601
609,songül.zip,90,91,ig_profile_ozelharekatbaskanlik/ig_ozelharekatbaskanlik_0099_DUlioz1iNgn.jpg,1065,710,28,yolo/labels/ig_profile_ozelharekatbaskanlik/ig_ozelharekatbaskanlik_0099_DUlioz1iNgn.txt,true,63f8faa01ea19a405cb614e02536f0a0a508d34e550a868ebdfd787b22a928d2
610,songül.zip,91,92,ig_profile_ozelharekatbaskanlik/ig_ozelharekatbaskanlik_0100_DUkgQDdCG-H.jpg,1065,710,22,yolo/labels/ig_profile_ozelharekatbaskanlik/ig_ozelharekatbaskanlik_0100_DUkgQDdCG-H.txt,true,5af8a9dc1c60ff298143e8b69c0517de55de67d249e222065eaf0610e2dfd34b
611,songül.zip,92,93,ig_profile_ozelharekatbaskanlik/ig_ozelharekatbaskanlik_0101_DUivj_SCD_Q.jpg,1065,710,7,yolo/labels/ig_profile_ozelharekatbaskanlik/ig_ozelharekatbaskanlik_0101_DUivj_SCD_Q.txt,true,f43d1938b0d4c0bc8b2cfd81d1efda7fcb009c8856b9bef5519efb4e2c1ebc7d
612,songül.zip,93,94,ig_profile_ozelharekatbaskanlik/ig_ozelharekatbaskanlik_0102_DUK5BvmDUgQ.jpg,1440,960,1,yolo/labels/ig_profile_ozelharekatbaskanlik/ig_ozelharekatbaskanlik_0102_DUK5BvmDUgQ.txt,true,b4aac11c7b81371ea710f1267e90ce776fe5a4f711a1149629170d33c29a5763
613,songül.zip,94,95,ig_profile_ozelharekatbaskanlik/ig_ozelharekatbaskanlik_0103_DUDwi_JiBi_.jpg,1440,1920,2,yolo/labels/ig_profile_ozelharekatbaskanlik/ig_ozelharekatbaskanlik_0103_DUDwi_JiBi_.txt,true,5e357d1590ea09b8c3f988848758d0708a80b9394270ad9352caa11ca0c36ba8
614,songül.zip,95,96,ig_profile_ozelharekatbaskanlik/ig_ozelharekatbaskanlik_0104_DT0WEqqiAoo.jpg,1065,710,4,yolo/labels/ig_profile_ozelharekatbaskanlik/ig_ozelharekatbaskanlik_0104_DT0WEqqiAoo.txt,true,aced816b89508cc60e6d352965d8ce6fc84077fd799a6dfeb196268c0b6e4886
615,songül.zip,96,97,ig_profile_ozelharekatbaskanlik/ig_ozelharekatbaskanlik_0105_DTvopMFiP3m.jpg,1440,1007,1,yolo/labels/ig_profile_ozelharekatbaskanlik/ig_ozelharekatbaskanlik_0105_DTvopMFiP3m.txt,true,6d0504545da28cbfcc8c7f507b8a0e2da19dc5698ed766788fc8feb5503eb86d
616,songül.zip,97,98,ig_profile_ozelharekatbaskanlik/ig_ozelharekatbaskanlik_0106_DTvnWZ0iJwq.jpg,1365,910,3,yolo/labels/ig_profile_ozelharekatbaskanlik/ig_ozelharekatbaskanlik_0106_DTvnWZ0iJwq.txt,true,85b41ccb1408c5dcf615421e2f33548ad4523c5870203d2ace7515d72c72992e
617,songül.zip,98,99,ig_profile_ozelharekatbaskanlik/ig_ozelharekatbaskanlik_0107_DTVa2EEiODr.jpg,1200,1600,38,yolo/labels/ig_profile_ozelharekatbaskanlik/ig_ozelharekatbaskanlik_0107_DTVa2EEiODr.txt,true,1bc1ae1afaf0fd7a938daf92fd0e6cda35ab68801d83375c249d78006ead921d
618,songül.zip,99,100,ig_profile_ozelharekatbaskanlik/ig_ozelharekatbaskanlik_0109_DTDbRyXCIC5.jpg,640,1136,1,yolo/labels/ig_profile_ozelharekatbaskanlik/ig_ozelharekatbaskanlik_0109_DTDbRyXCIC5.txt,true,88a4b1037174b6ae44ee210a3f9b6044dc8f5168ae49ada9ccdebc4dcc568e7b
619,songül.zip,100,101,ig_profile_ozelharekatbaskanlik/ig_ozelharekatbaskanlik_0110_DS7h1ATiHQP.jpg,640,1136,1,yolo/labels/ig_profile_ozelharekatbaskanlik/ig_ozelharekatbaskanlik_0110_DS7h1ATiHQP.txt,true,4c3a12623c92718e0e5bc0045084e80f7f2efd339688856342bdab94f24e4a28
620,songül.zip,101,102,ig_profile_ozelharekatbaskanlik/ig_ozelharekatbaskanlik_0111_DS5S7JQCDfT.jpg,1440,1001,1,yolo/labels/ig_profile_ozelharekatbaskanlik/ig_ozelharekatbaskanlik_0111_DS5S7JQCDfT.txt,true,7eca1094348de44d2e549b626e9211027ad4524c60914ecad31ff117dbce91a7
621,songül.zip,102,103,ig_profile_ozelharekatbaskanlik/ig_ozelharekatbaskanlik_0112_DS17Lb7iLz5.jpg,1194,672,3,yolo/labels/ig_profile_ozelharekatbaskanlik/ig_ozelharekatbaskanlik_0112_DS17Lb7iLz5.txt,true,e3cab66f30e791f189012a8e76d83a0fb88d084d661c10cd24859ae4f2b758da
622,songül.zip,103,104,ig_profile_ozelharekatbaskanlik/ig_ozelharekatbaskanlik_0113_DSsTa1diB-s.jpg,1363,908,11,yolo/labels/ig_profile_ozelharekatbaskanlik/ig_ozelharekatbaskanlik_0113_DSsTa1diB-s.txt,true,91a4c85604201241318be36a37f1a83088b2dad5f70ffcdd81cb7baf7f1eacfb
623,songül.zip,104,105,ig_profile_ozelharekatbaskanlik/ig_ozelharekatbaskanlik_0114_DSrk85iCHKr.jpg,1440,900,19,yolo/labels/ig_profile_ozelharekatbaskanlik/ig_ozelharekatbaskanlik_0114_DSrk85iCHKr.txt,true,aa9ec2776731a0d6ba606a292f02aa899e112858a8d68fcff76bfe212348a8fb
624,songül.zip,105,106,ig_profile_ozelharekatbaskanlik/ig_ozelharekatbaskanlik_0115_DSqJztTiD0k.jpg,1280,800,21,yolo/labels/ig_profile_ozelharekatbaskanlik/ig_ozelharekatbaskanlik_0115_DSqJztTiD0k.txt,true,9801bd573c9d1b36d8eee9ffbc82d440d6115452b44b19d0c7f45cf1df98c06d
625,songül.zip,106,107,ig_profile_ozelharekatbaskanlik/ig_ozelharekatbaskanlik_0116_DSpgH2CDIgp.jpg,1280,800,27,yolo/labels/ig_profile_ozelharekatbaskanlik/ig_ozelharekatbaskanlik_0116_DSpgH2CDIgp.txt,true,a56eca69f8fe169d71e40eab2d22115e238cf7c1c0ed184ff067a6041912bb77
626,songül.zip,107,108,ig_profile_ozelharekatbaskanlik/ig_ozelharekatbaskanlik_0117_DSm8ZFWiKed.jpg,1280,800,19,yolo/labels/ig_profile_ozelharekatbaskanlik/ig_ozelharekatbaskanlik_0117_DSm8ZFWiKed.txt,true,ad20fc12c6a33bbbe864841cba0f1dc07020de368713b38e6d68b7781a466fe4
627,songül.zip,108,109,ig_profile_ozelharekatbaskanlik/ig_ozelharekatbaskanlik_0118_DSkbsmkiOZO.jpg,1440,1080,20,yolo/labels/ig_profile_ozelharekatbaskanlik/ig_ozelharekatbaskanlik_0118_DSkbsmkiOZO.txt,true,f7c483f31fa3881a33c6e63a306c358d19221813519ee98e2e2dab5b9e3bb32a
628,songül.zip,109,110,ig_profile_ozelharekatbaskanlik/ig_ozelharekatbaskanlik_0119_DSiDmk9CGfc.jpg,1440,1080,28,yolo/labels/ig_profile_ozelharekatbaskanlik/ig_ozelharekatbaskanlik_0119_DSiDmk9CGfc.txt,true,a31af3c266a2279af3285969ebd03819b3ec17aa2d0e9aa7ebd056fc5e650fde
629,songül.zip,110,111,ig_profile_ozelharekatbaskanlik/ig_ozelharekatbaskanlik_0119_DYkIey0iFAm.jpg,2733,1824,8,yolo/labels/ig_profile_ozelharekatbaskanlik/ig_ozelharekatbaskanlik_0119_DYkIey0iFAm.txt,true,71c0997fd99d29f809ab40a86df6c7b49e995f84d82e851db4ed0c3ea47519e5
630,songül.zip,111,112,ig_profile_ozelharekatbaskanlik/ig_ozelharekatbaskanlik_0120_DSfxtfAiGvI.jpg,1440,1036,17,yolo/labels/ig_profile_ozelharekatbaskanlik/ig_ozelharekatbaskanlik_0120_DSfxtfAiGvI.txt,true,8acb46e64d639531d5952e713047951b3f90a306cab8107c988ca11ebbb1217f
631,songül.zip,112,113,ig_profile_ozelharekatbaskanlik/ig_ozelharekatbaskanlik_0120_DYhX4e1o20T.jpg,1290,1276,0,yolo/labels/ig_profile_ozelharekatbaskanlik/ig_ozelharekatbaskanlik_0120_DYhX4e1o20T.txt,true,e6e2c0cfbbbc23e3ca318095f6ebba1761ea76fcee639c0ed002059aad7b80c8
632,songül.zip,113,114,ig_profile_ozelharekatbaskanlik/ig_ozelharekatbaskanlik_0121_DSff5JrCJIF.jpg,1440,1081,54,yolo/labels/ig_profile_ozelharekatbaskanlik/ig_ozelharekatbaskanlik_0121_DSff5JrCJIF.txt,true,b5220c6de5af870e7c0fe7e2e98e5e75f6d5cfa3d82b32a1567cd74bc787960f
633,songül.zip,114,115,ig_profile_ozelharekatbaskanlik/ig_ozelharekatbaskanlik_0121_DYehZ7VCFJ5.jpg,1200,1600,1,yolo/labels/ig_profile_ozelharekatbaskanlik/ig_ozelharekatbaskanlik_0121_DYehZ7VCFJ5.txt,true,19ae1ba5fb830f95a0ff95585bf0e08ff16d69ee4a3b56ae9ea426efed8ebd90
634,songül.zip,115,116,ig_profile_ozelharekatbaskanlik/ig_ozelharekatbaskanlik_0122_DSc_jBTCKvV.jpg,640,362,4,yolo/labels/ig_profile_ozelharekatbaskanlik/ig_ozelharekatbaskanlik_0122_DSc_jBTCKvV.txt,true,c1c4eb03dc058a1a5e18029fbfed09cc1e28add3af936cbf40bc84fa6856ef21
635,songül.zip,116,117,ig_profile_ozelharekatbaskanlik/ig_ozelharekatbaskanlik_0122_DYUr30gCHVC.jpg,2733,1824,1,yolo/labels/ig_profile_ozelharekatbaskanlik/ig_ozelharekatbaskanlik_0122_DYUr30gCHVC.txt,true,bfb6de3a555349b9301516ebf255774fdeda68015a3749fd9adbb88df5e822e9
636,songül.zip,117,118,ig_profile_ozelharekatbaskanlik/ig_ozelharekatbaskanlik_0123_DSDnJf5CAWa.jpg,640,1136,3,yolo/labels/ig_profile_ozelharekatbaskanlik/ig_ozelharekatbaskanlik_0123_DSDnJf5CAWa.txt,true,f13c1f1fbf01f98036039b05ad331976a73263096a7db1676850f2721e346fbc
637,songül.zip,118,119,ig_profile_ozelharekatbaskanlik/ig_ozelharekatbaskanlik_0123_DYHxy99iCPD.jpg,2733,1824,6,yolo/labels/ig_profile_ozelharekatbaskanlik/ig_ozelharekatbaskanlik_0123_DYHxy99iCPD.txt,true,d25a105b4c83af0112cfc5ca36660e9c367a07f981d880a1a4a8437226bb01ba
638,songül.zip,119,120,ig_profile_ozelharekatbaskanlik/ig_ozelharekatbaskanlik_0124_DSC-LFXiN0d.jpg,1065,710,13,yolo/labels/ig_profile_ozelharekatbaskanlik/ig_ozelharekatbaskanlik_0124_DSC-LFXiN0d.txt,true,fb9af8e8bbcc4817ebf8c24bd4a700d2f54c6773bb91720a88ef62e019bfe9d8
639,songül.zip,120,121,ig_profile_ozelharekatbaskanlik/ig_ozelharekatbaskanlik_0124_DYFRnV6CGNe.jpg,1280,720,2,yolo/labels/ig_profile_ozelharekatbaskanlik/ig_ozelharekatbaskanlik_0124_DYFRnV6CGNe.txt,true,850dfad68ea461b31421384cbed4bb4ec451cc48c1e8a5965b5c3bbea2b9f38b
640,songül.zip,121,122,ig_profile_ozelharekatbaskanlik/ig_ozelharekatbaskanlik_0125_DSAYaWtCK7S.jpg,1303,1061,12,yolo/labels/ig_profile_ozelharekatbaskanlik/ig_ozelharekatbaskanlik_0125_DSAYaWtCK7S.txt,true,98dd7c395147dca525cf231ed9e6f465b75e8671c1d70edd57ffa123de823a95
641,songül.zip,122,123,ig_profile_ozelharekatbaskanlik/ig_ozelharekatbaskanlik_0125_DYC9FQBCFvp.jpg,1440,809,2,yolo/labels/ig_profile_ozelharekatbaskanlik/ig_ozelharekatbaskanlik_0125_DYC9FQBCFvp.txt,true,9a323366f01f5e325c1fbeba6b4cedf27026022f71799cca7380a10bd8831115
642,songül.zip,123,124,ig_profile_ozelharekatbaskanlik/ig_ozelharekatbaskanlik_0126_DYANJNVCGlL.jpg,1280,720,9,yolo/labels/ig_profile_ozelharekatbaskanlik/ig_ozelharekatbaskanlik_0126_DYANJNVCGlL.txt,true,74a14ff43c6ac505b8e3a2081ca7093b7d901a9a6d7057c4de5cde20a01c1dd8
643,songül.zip,124,125,ig_profile_ozelharekatbaskanlik/ig_ozelharekatbaskanlik_0127_DRxMsUXCKl6.jpg,1065,710,28,yolo/labels/ig_profile_ozelharekatbaskanlik/ig_ozelharekatbaskanlik_0127_DRxMsUXCKl6.txt,true,c1c4e9066b3fa0e9de10cf1a3c27cb48c864b2608d1b54e19af520bad08077a0
644,songül.zip,125,126,ig_profile_ozelharekatbaskanlik/ig_ozelharekatbaskanlik_0128_DRtok-0iHE_.jpg,1440,959,1,yolo/labels/ig_profile_ozelharekatbaskanlik/ig_ozelharekatbaskanlik_0128_DRtok-0iHE_.txt,true,0ee483e11bbb9567e43eb33762bc6c691ace40f0980acba8e3192b3ed238b06b
645,songül.zip,126,127,ig_profile_ozelharekatbaskanlik/ig_ozelharekatbaskanlik_0129_DRr8hU1CDUA.jpg,1365,910,41,yolo/labels/ig_profile_ozelharekatbaskanlik/ig_ozelharekatbaskanlik_0129_DRr8hU1CDUA.txt,true,14420be6568ebd68f2995d55a0cd4b77de2d2563235e464271a3a11e3e56132b
646,songül.zip,127,128,ig_profile_ozelharekatbaskanlik/ig_ozelharekatbaskanlik_0129_DXzjVdEIM2c.jpg,640,360,1,yolo/labels/ig_profile_ozelharekatbaskanlik/ig_ozelharekatbaskanlik_0129_DXzjVdEIM2c.txt,true,2a6d6d3a6061c49a8d0c7d0d7acc3403f9abd61ed3be3872e0121c45cfedf2b3
647,songül.zip,128,129,ig_profile_ozelharekatbaskanlik/ig_ozelharekatbaskanlik_0130_DRrNgkTjTpt.jpg,1440,1082,9,yolo/labels/ig_profile_ozelharekatbaskanlik/ig_ozelharekatbaskanlik_0130_DRrNgkTjTpt.txt,true,5cb2160285513c4453b7db53c32683704f1206a829e9c8b8e1d0f3ae9fbe17f7
648,songül.zip,129,130,ig_profile_ozelharekatbaskanlik/ig_ozelharekatbaskanlik_0130_DXWr2NGCLM4.jpg,1440,976,1,yolo/labels/ig_profile_ozelharekatbaskanlik/ig_ozelharekatbaskanlik_0130_DXWr2NGCLM4.txt,true,f8e9f3152f63cd81f93fa9a8530b8247646dd7a279e6b7b6231fc97c009d9263
649,songül.zip,130,131,ig_profile_ozelharekatbaskanlik/ig_ozelharekatbaskanlik_0131_DRpPasyCJqq.jpg,1365,910,1,yolo/labels/ig_profile_ozelharekatbaskanlik/ig_ozelharekatbaskanlik_0131_DRpPasyCJqq.txt,true,62146fd6e7a2e331412ac699563eecb5da52bb8b5efa9a660320b343393503bb
650,songül.zip,131,132,ig_profile_ozelharekatbaskanlik/ig_ozelharekatbaskanlik_0131_DXHplWJCGR4.jpg,720,430,5,yolo/labels/ig_profile_ozelharekatbaskanlik/ig_ozelharekatbaskanlik_0131_DXHplWJCGR4.txt,true,345b75efe572d3b570faa5958307b1cacbd1800cc9764a97c1cb9739cb2f779a
651,songül.zip,132,133,ig_profile_ozelharekatbaskanlik/ig_ozelharekatbaskanlik_0132_DRoYusTCLba.jpg,1066,1421,7,yolo/labels/ig_profile_ozelharekatbaskanlik/ig_ozelharekatbaskanlik_0132_DRoYusTCLba.txt,true,e75f02907008a300a63c8e70ff3e1d2ba5631f4b5b222aaf854e8ed66a52b50c
652,songül.zip,133,134,ig_profile_ozelharekatbaskanlik/ig_ozelharekatbaskanlik_0132_DXFD5FICBw1.jpg,640,360,2,yolo/labels/ig_profile_ozelharekatbaskanlik/ig_ozelharekatbaskanlik_0132_DXFD5FICBw1.txt,true,e05aab16e862e08a9339fa3002169701737aa66e4656615279d1fb1c6378d950
653,songül.zip,134,135,ig_profile_ozelharekatbaskanlik/ig_ozelharekatbaskanlik_0133_DRmnSDhCGLV.jpg,1440,960,12,yolo/labels/ig_profile_ozelharekatbaskanlik/ig_ozelharekatbaskanlik_0133_DRmnSDhCGLV.txt,true,8e2d4778dd0b67b0e02902be8e90c4ab70734b585d86f2707a53116a26f837ad
654,songül.zip,135,136,ig_profile_ozelharekatbaskanlik/ig_ozelharekatbaskanlik_0133_DW9vsZnCE_-.jpg,1440,961,6,yolo/labels/ig_profile_ozelharekatbaskanlik/ig_ozelharekatbaskanlik_0133_DW9vsZnCE_-.txt,true,722cfd34ee021b771e80fba0808a1498aaf37e0c20734d57ab1a3c89756a621f
655,songül.zip,136,137,ig_profile_ozelharekatbaskanlik/ig_ozelharekatbaskanlik_0134_DRl4VQ-iK0n.jpg,1440,961,22,yolo/labels/ig_profile_ozelharekatbaskanlik/ig_ozelharekatbaskanlik_0134_DRl4VQ-iK0n.txt,true,712345f65d1f4c13364e846b8396f596e678ba202d457efffde694625489a6a4
656,songül.zip,137,138,ig_profile_ozelharekatbaskanlik/ig_ozelharekatbaskanlik_0134_DW6wp-lCCLY.jpg,720,406,5,yolo/labels/ig_profile_ozelharekatbaskanlik/ig_ozelharekatbaskanlik_0134_DW6wp-lCCLY.txt,true,1aef82a536ea8ffe363ea970db3cd05f03897a27545c6199b2f8e880bc371a15
657,songül.zip,138,139,ig_profile_ozelharekatbaskanlik/ig_ozelharekatbaskanlik_0135_DRkFF_oCK8A.jpg,711,428,1,yolo/labels/ig_profile_ozelharekatbaskanlik/ig_ozelharekatbaskanlik_0135_DRkFF_oCK8A.txt,true,b3c0e49a11d55c8974348404d3489da744cbf31aacf67de8fdfa62888e088c6b
658,songül.zip,139,140,ig_profile_ozelharekatbaskanlik/ig_ozelharekatbaskanlik_0135_DW3yrZiiFoI.jpg,640,1136,1,yolo/labels/ig_profile_ozelharekatbaskanlik/ig_ozelharekatbaskanlik_0135_DW3yrZiiFoI.txt,true,0b3fd4ec493188d84787ec1b7bbb0e9fc74c15a346d6f74a6aef623d7c8f86f2
659,songül.zip,140,141,ig_profile_ozelharekatbaskanlik/ig_ozelharekatbaskanlik_0136_DRjNSGGCEyu.jpg,1440,961,1,yolo/labels/ig_profile_ozelharekatbaskanlik/ig_ozelharekatbaskanlik_0136_DRjNSGGCEyu.txt,true,176964827f9b3da436bbb87203e21ac15b212ef56134a7f9cff09754200839d6
660,songül.zip,141,142,ig_profile_ozelharekatbaskanlik/ig_ozelharekatbaskanlik_0136_DW1evgkiMat.jpg,640,320,4,yolo/labels/ig_profile_ozelharekatbaskanlik/ig_ozelharekatbaskanlik_0136_DW1evgkiMat.txt,true,f300a509b82916146f19976eee2f97bce6b19e3c62fe29bc8a36eaf00e195237
661,songül.zip,142,143,ig_profile_ozelharekatbaskanlik/ig_ozelharekatbaskanlik_0137_DRhTdDeCICR.jpg,1065,709,1,yolo/labels/ig_profile_ozelharekatbaskanlik/ig_ozelharekatbaskanlik_0137_DRhTdDeCICR.txt,true,ca9a8be61157c44b9388bbb647f48b50247803187dbf965c7e85463edc2b2377
662,songül.zip,143,144,ig_profile_ozelharekatbaskanlik/ig_ozelharekatbaskanlik_0137_DWyRuwciHyr.jpg,1440,961,5,yolo/labels/ig_profile_ozelharekatbaskanlik/ig_ozelharekatbaskanlik_0137_DWyRuwciHyr.txt,true,90083234465bd92921a388767723fbf14eec0ae53ccc177eedc85f32107d420f
663,songül.zip,144,145,ig_profile_ozelharekatbaskanlik/ig_ozelharekatbaskanlik_0138_DRhCarQiO6g.jpg,1348,1136,2,yolo/labels/ig_profile_ozelharekatbaskanlik/ig_ozelharekatbaskanlik_0138_DRhCarQiO6g.txt,true,6aeb01f31b3c81f7ba5f28794ec265004f001e8b702e60eaec3206b9eeadf6a6
664,songül.zip,145,146,ig_profile_ozelharekatbaskanlik/ig_ozelharekatbaskanlik_0139_DRgxvgRiEFx.jpg,1200,1598,7,yolo/labels/ig_profile_ozelharekatbaskanlik/ig_ozelharekatbaskanlik_0139_DRgxvgRiEFx.txt,true,20ff99c902eded4610f066b15ef8d89ba8024b2baeef017b4c6b121f8778231b
665,songül.zip,146,147,ig_profile_ozelharekatbaskanlik/ig_ozelharekatbaskanlik_0140_DWTzC90CPqj.jpg,1440,811,1,yolo/labels/ig_profile_ozelharekatbaskanlik/ig_ozelharekatbaskanlik_0140_DWTzC90CPqj.txt,true,a2ae6c8b3aebea7fc92a9bcf129d92dc801c6b35d5fe20f9ad718a32fe4f3525
666,songül.zip,147,148,ig_profile_ozelharekatbaskanlik/ig_ozelharekatbaskanlik_0141_DReth1hCJyP.jpg,1054,695,1,yolo/labels/ig_profile_ozelharekatbaskanlik/ig_ozelharekatbaskanlik_0141_DReth1hCJyP.txt,true,eb45dd312618f1c288b02cc545539cf86939a45f0902beb4cdcc4c989fc2fc45
667,songül.zip,148,149,ig_profile_ozelharekatbaskanlik/ig_ozelharekatbaskanlik_0141_DWRXff_CCE4.jpg,1440,961,1,yolo/labels/ig_profile_ozelharekatbaskanlik/ig_ozelharekatbaskanlik_0141_DWRXff_CCE4.txt,true,dc86a0a5d40a175198cbc1dc8fde73b088cd653f4ab59675fd3775347a53b47b
668,songül.zip,149,150,ig_profile_ozelharekatbaskanlik/ig_ozelharekatbaskanlik_0142_DReqFxviDq1.jpg,1065,710,1,yolo/labels/ig_profile_ozelharekatbaskanlik/ig_ozelharekatbaskanlik_0142_DReqFxviDq1.txt,true,f45de1568e6af210f88841448a39f4cb3df677036521479ca5236053af7fc553
669,songül.zip,150,151,ig_profile_ozelharekatbaskanlik/ig_ozelharekatbaskanlik_0142_DWQqFksCC3W.jpg,1440,961,2,yolo/labels/ig_profile_ozelharekatbaskanlik/ig_ozelharekatbaskanlik_0142_DWQqFksCC3W.txt,true,ce775e76fe4112d1998e02431c5772bdf06d6588c275110d0ce1ca2862a4d148
670,songül.zip,151,152,ig_profile_ozelharekatbaskanlik/ig_ozelharekatbaskanlik_0143_DRenyVWCOFW.jpg,1065,790,1,yolo/labels/ig_profile_ozelharekatbaskanlik/ig_ozelharekatbaskanlik_0143_DRenyVWCOFW.txt,true,d6e8cbbd7a1efd9a67468d452fa0538147e8ec90b1eab29aabc4235f21e824ae
671,songül.zip,152,153,ig_profile_ozelharekatbaskanlik/ig_ozelharekatbaskanlik_0143_DWOH4ojDf2L.jpg,640,1136,1,yolo/labels/ig_profile_ozelharekatbaskanlik/ig_ozelharekatbaskanlik_0143_DWOH4ojDf2L.txt,true,ed830daea2db196f1e114d441aa60a2bf78d4eaf2b6260106cad65f6a673438f
672,songül.zip,153,154,ig_profile_ozelharekatbaskanlik/ig_ozelharekatbaskanlik_0144_DRNHzPfiKo6.jpg,1065,710,1,yolo/labels/ig_profile_ozelharekatbaskanlik/ig_ozelharekatbaskanlik_0144_DRNHzPfiKo6.txt,true,b3a03dc4f0495e47d431b2dd412ed750efda476ee4c4e22ce2f3b8d31039ae7e
673,songül.zip,154,155,ig_profile_ozelharekatbaskanlik/ig_ozelharekatbaskanlik_0144_DWMEeSfjcw3.jpg,640,1136,1,yolo/labels/ig_profile_ozelharekatbaskanlik/ig_ozelharekatbaskanlik_0144_DWMEeSfjcw3.txt,true,5afd87607edf8b3375064f76b0489c19bb8c0db3b128e8dc22abd09bef19df3b
674,songül.zip,155,156,ig_profile_ozelharekatbaskanlik/ig_ozelharekatbaskanlik_0145_DRMPflTCPev.jpg,1440,946,1,yolo/labels/ig_profile_ozelharekatbaskanlik/ig_ozelharekatbaskanlik_0145_DRMPflTCPev.txt,true,cff68a60798d6c66566efc1d7c01a8021f67bba2c6178e43bf0d337df10b9a4b
675,songül.zip,156,157,ig_profile_ozelharekatbaskanlik/ig_ozelharekatbaskanlik_0145_DWJv2-siLp1.jpg,720,406,4,yolo/labels/ig_profile_ozelharekatbaskanlik/ig_ozelharekatbaskanlik_0145_DWJv2-siLp1.txt,true,600319e56eb553a34995d2c3bb3d107cf5e3c645ec5afa7461067f6f9e654835
676,songül.zip,157,158,ig_profile_ozelharekatbaskanlik/ig_ozelharekatbaskanlik_0146_DRCix9EiMlJ.jpg,720,406,0,yolo/labels/ig_profile_ozelharekatbaskanlik/ig_ozelharekatbaskanlik_0146_DRCix9EiMlJ.txt,true,847767cd83522a3c16db3fac5eb3cd378bcbae1048c1ec1d504742a8b0a40476
677,songül.zip,158,159,ig_profile_ozelharekatbaskanlik/ig_ozelharekatbaskanlik_0147_DV_2r4AiE9r.jpg,1065,710,5,yolo/labels/ig_profile_ozelharekatbaskanlik/ig_ozelharekatbaskanlik_0147_DV_2r4AiE9r.txt,true,90491c8ee5e2e1e341bfd08de67f158f38284f171d4830939e0160c17bc3b21d
678,songül.zip,159,160,ig_profile_ozelharekatbaskanlik/ig_ozelharekatbaskanlik_0148_DQZzRARiOam.jpg,1440,809,22,yolo/labels/ig_profile_ozelharekatbaskanlik/ig_ozelharekatbaskanlik_0148_DQZzRARiOam.txt,true,37cdab8ae6467fe93ac600943d5ef2294a3f38ac1863092822c2a2380f58151b
679,songül.zip,160,161,ig_profile_ozelharekatbaskanlik/ig_ozelharekatbaskanlik_0148_DVjTCWUCAlF.jpg,1440,929,17,yolo/labels/ig_profile_ozelharekatbaskanlik/ig_ozelharekatbaskanlik_0148_DVjTCWUCAlF.txt,true,c99bd7e0b9f42aa0c0e80f2ace9a0949c16c3238a063beff9e2bbb643b0d7c3c
680,songül.zip,161,162,ig_profile_ozelharekatbaskanlik/ig_ozelharekatbaskanlik_0149_DQYv7qzCJm9.jpg,1440,1009,9,yolo/labels/ig_profile_ozelharekatbaskanlik/ig_ozelharekatbaskanlik_0149_DQYv7qzCJm9.txt,true,acb9a479620e6fa335e56d95647be33424da8dec872978fd3d912db8d9a5eb71
681,songül.zip,162,163,ig_profile_ozelharekatbaskanlik/ig_ozelharekatbaskanlik_0150_DQYiBZeiCqW.jpg,640,360,14,yolo/labels/ig_profile_ozelharekatbaskanlik/ig_ozelharekatbaskanlik_0150_DQYiBZeiCqW.txt,true,ec4054f7d53bd6f425bd55b8a1ab5c9f3218f21c42f8b84779c68d0caae045fe
682,songül.zip,163,164,ig_profile_ozelharekatbaskanlik/ig_ozelharekatbaskanlik_0150_DVeS6mdCETD.jpg,1440,809,1,yolo/labels/ig_profile_ozelharekatbaskanlik/ig_ozelharekatbaskanlik_0150_DVeS6mdCETD.txt,true,4330b5d1a076647fcb5865c27190ed8e66eb129098c2e7bc2ada767e53b8e4dc
683,songül.zip,164,165,ig_profile_ozelharekatbaskanlik/ig_ozelharekatbaskanlik_0151_DQE_4brCODQ.jpg,1440,900,1,yolo/labels/ig_profile_ozelharekatbaskanlik/ig_ozelharekatbaskanlik_0151_DQE_4brCODQ.txt,true,7515db81ebfc4f9ec4ea1dbfb7c7deaf34b36c0bb913842d9eb516f6c48dc14e
684,songül.zip,165,166,ig_profile_ozelharekatbaskanlik/ig_ozelharekatbaskanlik_0151_DVb52OBCKEG.jpg,1065,710,1,yolo/labels/ig_profile_ozelharekatbaskanlik/ig_ozelharekatbaskanlik_0151_DVb52OBCKEG.txt,true,afdefc3a65072afc05a71c0aad1cf496ba8c94c83c977b58e036ea99302ad53b
685,songül.zip,166,167,ig_profile_ozelharekatbaskanlik/ig_ozelharekatbaskanlik_0152_DVO1l_tCNy9.jpg,1365,910,3,yolo/labels/ig_profile_ozelharekatbaskanlik/ig_ozelharekatbaskanlik_0152_DVO1l_tCNy9.txt,true,91dab180368a7d911088dc49a41d36c33c93dfce73659105a993fcc535c96679
686,songül.zip,167,168,ig_profile_ozelharekatbaskanlik/ig_ozelharekatbaskanlik_0153_DP7C0FHiIhI.jpg,1440,811,1,yolo/labels/ig_profile_ozelharekatbaskanlik/ig_ozelharekatbaskanlik_0153_DP7C0FHiIhI.txt,true,ce030eaa2c8e345bf8ad1e985a8cc461849d9b215330e241633d6a613d5ecd5e
687,songül.zip,168,169,ig_profile_ozelharekatbaskanlik/ig_ozelharekatbaskanlik_0154_DP31NZ_CLm4.jpg,1368,914,13,yolo/labels/ig_profile_ozelharekatbaskanlik/ig_ozelharekatbaskanlik_0154_DP31NZ_CLm4.txt,true,8cf564d0e92fd9b415de0e28c4cd138d24777acb237533609a46149a233bca0c
688,songül.zip,169,170,ig_profile_ozelharekatbaskanlik/ig_ozelharekatbaskanlik_0156_DPlbYjwCFvC.jpg,1440,1242,8,yolo/labels/ig_profile_ozelharekatbaskanlik/ig_ozelharekatbaskanlik_0156_DPlbYjwCFvC.txt,true,cc2648c46f70191da742fe857d78739749b2cc9cc035fd2dc1bb2bc0d16ab2b9
689,songül.zip,170,171,ig_profile_ozelharekatbaskanlik/ig_ozelharekatbaskanlik_0157_DPRddGPCPJG.jpg,976,808,1,yolo/labels/ig_profile_ozelharekatbaskanlik/ig_ozelharekatbaskanlik_0157_DPRddGPCPJG.txt,true,ebf2468e5bbe1dca6cf1c7e8fde0ae4c3cdf2414537ef10f8499bdde0ab2a9d3
690,songül.zip,171,172,ig_profile_ozelharekatbaskanlik/ig_ozelharekatbaskanlik_0158_DO889DYiNxL.jpg,1067,712,9,yolo/labels/ig_profile_ozelharekatbaskanlik/ig_ozelharekatbaskanlik_0158_DO889DYiNxL.txt,true,b8fcb873f9995fc7ae5cc94ca3ff8e181d3cd8928a38b9029aa37b0d85dc5c62
691,songül.zip,172,173,ig_profile_ozelharekatbaskanlik/ig_ozelharekatbaskanlik_0159_DO6QmF2CNQ8.jpg,640,362,12,yolo/labels/ig_profile_ozelharekatbaskanlik/ig_ozelharekatbaskanlik_0159_DO6QmF2CNQ8.txt,true,5ac9638a6297e739f895e9ee162c87a5c8a875f457cd817117b0ec7942db7035
692,songül.zip,173,174,ig_profile_ozelharekatbaskanlik/ig_ozelharekatbaskanlik_0160_DOy0tZXiGs7.jpg,1152,648,4,yolo/labels/ig_profile_ozelharekatbaskanlik/ig_ozelharekatbaskanlik_0160_DOy0tZXiGs7.txt,true,81d25785ab1f1d7a7f43b0a89bd4291746785b8269401da6594a0e43524f4110
693,songül.zip,174,175,ig_profile_ozelharekatbaskanlik/ig_ozelharekatbaskanlik_0162_DOTiWpkCIwr.jpg,640,1136,0,yolo/labels/ig_profile_ozelharekatbaskanlik/ig_ozelharekatbaskanlik_0162_DOTiWpkCIwr.txt,true,16aedc9b4a2bf528074a0ecf63fb790e67fe37c1805f7c477a776eec976b38e0
694,songül.zip,175,176,ig_profile_ozelharekatbaskanlik/ig_ozelharekatbaskanlik_0164_DOOu2OmCNAp.jpg,1440,813,1,yolo/labels/ig_profile_ozelharekatbaskanlik/ig_ozelharekatbaskanlik_0164_DOOu2OmCNAp.txt,true,c40383c7bd9cc454a51ff47dba9cdb257393b4ed71c754c631d98f1a0eafec6b
695,songül.zip,176,177,ig_profile_ozelharekatbaskanlik/ig_ozelharekatbaskanlik_0166_DNzwJD40C0m.jpg,640,360,0,yolo/labels/ig_profile_ozelharekatbaskanlik/ig_ozelharekatbaskanlik_0166_DNzwJD40C0m.txt,true,c7429b738118c00aebe186311d70799de3dff0a9d3ce4829b022db444f364235
696,songül.zip,177,178,ig_profile_ozelharekatbaskanlik/ig_ozelharekatbaskanlik_0167_DNvMyUH0GGm.jpg,640,362,5,yolo/labels/ig_profile_ozelharekatbaskanlik/ig_ozelharekatbaskanlik_0167_DNvMyUH0GGm.txt,true,93c5bc09ea59b9d4feedae8104c887e88125babf38de6132f692692a89fda4fd
697,songül.zip,178,179,ig_profile_ozelharekatbaskanlik/ig_ozelharekatbaskanlik_0169_DMr8qjtsNGD.jpg,720,405,1,yolo/labels/ig_profile_ozelharekatbaskanlik/ig_ozelharekatbaskanlik_0169_DMr8qjtsNGD.txt,true,18d6ba35c6aa68de79c2efdb0734e27f32018f68d20ef770e1949e142661e561
698,songül.zip,179,180,ig_profile_ozelharekatbaskanlik/ig_ozelharekatbaskanlik_0170_DMhzjSdtexd.jpg,1440,810,7,yolo/labels/ig_profile_ozelharekatbaskanlik/ig_ozelharekatbaskanlik_0170_DMhzjSdtexd.txt,true,a7e458522e2f93a9e4b8c9a00b9934e80485d2c8b6aa32940bd6dab1cf9a8381
699,songül.zip,180,181,ig_profile_ozelharekatbaskanlik/ig_ozelharekatbaskanlik_0173_DMF-aBHNhgm.jpg,640,360,1,yolo/labels/ig_profile_ozelharekatbaskanlik/ig_ozelharekatbaskanlik_0173_DMF-aBHNhgm.txt,true,47d0af663e24f620c685c14c68a03efcec08c0dab5459b44317c344679d33e77
700,songül.zip,181,182,ig_profile_ozelharekatbaskanlik/ig_ozelharekatbaskanlik_0176_DLp5mQst1SG.jpg,400,266,2,yolo/labels/ig_profile_ozelharekatbaskanlik/ig_ozelharekatbaskanlik_0176_DLp5mQst1SG.txt,true,1baa706046c2e26c8716acecfc72e0879017d2ff0f83a63ee01bf0b22b347db6
701,songül.zip,182,183,ig_profile_ozelharekatbaskanlik/ig_ozelharekatbaskanlik_0177_DLe-mY2NPwP.jpg,780,516,6,yolo/labels/ig_profile_ozelharekatbaskanlik/ig_ozelharekatbaskanlik_0177_DLe-mY2NPwP.txt,true,2374d05a3a9d6294a6035cb3ebc80eb3212d7ce1f697c0ce9f4a248060077cf7
702,songül.zip,183,184,ig_profile_ozelharekatbaskanlik/ig_ozelharekatbaskanlik_0178_DK6-8BCNiVq.jpg,640,852,1,yolo/labels/ig_profile_ozelharekatbaskanlik/ig_ozelharekatbaskanlik_0178_DK6-8BCNiVq.txt,true,5a00e5d683304126e650ced4dc8e4a836ab9d8a62a0bf1d9d87380e5e14fdec2
703,songül.zip,184,185,ig_profile_ozelharekatbaskanlik/ig_ozelharekatbaskanlik_0179_DKRbjqOtrEa.jpg,1440,811,7,yolo/labels/ig_profile_ozelharekatbaskanlik/ig_ozelharekatbaskanlik_0179_DKRbjqOtrEa.txt,true,a968abb275bea7929da4eeaf6c0263419a76a47d38d72f7686cda0d287faace0
704,songül.zip,185,186,ig_profile_ozelharekatbaskanlik/ig_ozelharekatbaskanlik_0181_DJ4ELUZNvVp.jpg,720,406,1,yolo/labels/ig_profile_ozelharekatbaskanlik/ig_ozelharekatbaskanlik_0181_DJ4ELUZNvVp.txt,true,cfc1ce1050246bf06e05bea81c97048999a62de68efe8409714dcfbd9e82e1bd
705,songül.zip,186,187,ig_profile_ozelharekatbaskanlik/ig_ozelharekatbaskanlik_0182_DJ042DqNGNP.jpg,640,360,14,yolo/labels/ig_profile_ozelharekatbaskanlik/ig_ozelharekatbaskanlik_0182_DJ042DqNGNP.txt,true,a96d95395c303e69fbb8ec53fcb30eabef53f44c1aca312ace6efae40e4a2302
706,songül.zip,187,188,ig_profile_ozelharekatbaskanlik/ig_ozelharekatbaskanlik_0183_DJMlB0IN0fT.jpg,1440,960,2,yolo/labels/ig_profile_ozelharekatbaskanlik/ig_ozelharekatbaskanlik_0183_DJMlB0IN0fT.txt,true,9e34cf7110cbbaaf1aab17394db583b8e22b5c36f56157053e22b6adce416af8
707,songül.zip,188,189,ig_profile_ozelharekatbaskanlik/ig_ozelharekatbaskanlik_0184_DJL2PuqNR1t.jpg,1440,1801,2,yolo/labels/ig_profile_ozelharekatbaskanlik/ig_ozelharekatbaskanlik_0184_DJL2PuqNR1t.txt,true,7e59922945aa4cf18d5384b7cd1dbf3853e90df9d581455bd714cb601297233d
708,songül.zip,189,190,ig_profile_ozelharekatbaskanlik/ig_ozelharekatbaskanlik_0185_DJHZlwyN3Jn.jpg,640,360,0,yolo/labels/ig_profile_ozelharekatbaskanlik/ig_ozelharekatbaskanlik_0185_DJHZlwyN3Jn.txt,true,064d493d394a6a1bae591d3763b6a0a835d8bab8caee536a71037003e7bb4e67
709,songül.zip,190,191,ig_profile_ozelharekatbaskanlik/ig_ozelharekatbaskanlik_0186_DJG4aS9M7pf.jpg,640,1136,1,yolo/labels/ig_profile_ozelharekatbaskanlik/ig_ozelharekatbaskanlik_0186_DJG4aS9M7pf.txt,true,8ef1e5e03fd5131f78149005448d48465c24cbb9507af96c57e706f3e68025c4
710,songül.zip,191,192,ig_profile_ozelharekatbaskanlik/ig_ozelharekatbaskanlik_0188_DIvqiRptEpX.jpg,1440,959,3,yolo/labels/ig_profile_ozelharekatbaskanlik/ig_ozelharekatbaskanlik_0188_DIvqiRptEpX.txt,true,a455e9a7b5b764e7bd1146ef4d8d1a708a67b019276ef5dff13569fcb8b06c76
711,songül.zip,192,193,ig_profile_ozelharekatbaskanlik/ig_ozelharekatbaskanlik_0189_DIrQ7l_tPVL.jpg,640,360,4,yolo/labels/ig_profile_ozelharekatbaskanlik/ig_ozelharekatbaskanlik_0189_DIrQ7l_tPVL.txt,true,d7950b2e8c48d181bac0c2fb2db320f4354b9f33522a919d4d6f4eb49edc27a7
712,songül.zip,193,194,ig_profile_ozelharekatbaskanlik/ig_ozelharekatbaskanlik_0191_DIO_C-YoD20.jpg,720,403,0,yolo/labels/ig_profile_ozelharekatbaskanlik/ig_ozelharekatbaskanlik_0191_DIO_C-YoD20.txt,true,c361d910c5b901eb3109c24a0abdcb3b5fd410b9c75c13b9cae2448afaec9562
713,songül.zip,194,195,ig_profile_ozelharekatbaskanlik/ig_ozelharekatbaskanlik_0192_DIJ_nx8uF_D.jpg,1440,959,5,yolo/labels/ig_profile_ozelharekatbaskanlik/ig_ozelharekatbaskanlik_0192_DIJ_nx8uF_D.txt,true,4a782521a8cf8d975e34f663b60346b0dedcb4aeca4bf21ae9ee7b74207bb31d
714,songül.zip,195,196,ig_profile_ozelharekatbaskanlik/ig_ozelharekatbaskanlik_0193_DIEG3cnta8K.jpg,1440,812,3,yolo/labels/ig_profile_ozelharekatbaskanlik/ig_ozelharekatbaskanlik_0193_DIEG3cnta8K.txt,true,1c75264ff0cea0702995aad22bed23aa1e40c5ca82084b55cbdab669dea97949
715,songül.zip,196,197,ig_profile_ozelharekatbaskanlik/ig_ozelharekatbaskanlik_0194_DH26zTbNoLS.jpg,828,1472,0,yolo/labels/ig_profile_ozelharekatbaskanlik/ig_ozelharekatbaskanlik_0194_DH26zTbNoLS.txt,true,2243920d88656e9c08ac339c87a8c616a25014a930150541609e4de91e8dc71f
716,songül.zip,197,198,ig_profile_ozelharekatbaskanlik/ig_ozelharekatbaskanlik_0195_DHgqRCwtpvO.jpg,1440,959,6,yolo/labels/ig_profile_ozelharekatbaskanlik/ig_ozelharekatbaskanlik_0195_DHgqRCwtpvO.txt,true,151d9e7c3914d50ba01d9b279a7db09d66ddc1c4d3e87ab6aa707d966416a011
717,songül.zip,198,199,ig_profile_ozelharekatbaskanlik/ig_ozelharekatbaskanlik_0197_DHbvaclt2bD.jpg,1440,1440,4,yolo/labels/ig_profile_ozelharekatbaskanlik/ig_ozelharekatbaskanlik_0197_DHbvaclt2bD.txt,true,a26864818af5af6c57eb5954a21f291bf0e59663a779c89cd9feded2bddb39d7
718,songül.zip,199,200,ig_profile_ozelharekatbaskanlik/ig_ozelharekatbaskanlik_0198_DHNp0MLtGqm.jpg,1440,959,3,yolo/labels/ig_profile_ozelharekatbaskanlik/ig_ozelharekatbaskanlik_0198_DHNp0MLtGqm.txt,true,76e51090fe05c18c3d4b91bce2f903f28cca5a5c5aec566320ec9ccc6710dc51
719,songül.zip,200,201,ig_profile_ozelharekatbaskanlik/ig_ozelharekatbaskanlik_0199_DGtPdmfO04q.jpg,640,1138,4,yolo/labels/ig_profile_ozelharekatbaskanlik/ig_ozelharekatbaskanlik_0199_DGtPdmfO04q.txt,true,2c652d9bea9645867cc66baa1834ab6ed9d8e7c867903b204a7a7c8e21059a32
720,songül.zip,201,202,ig_profile_ozelharekatbaskanlik/ig_ozelharekatbaskanlik_0200_DGiwZzKNlv8.jpg,1000,651,5,yolo/labels/ig_profile_ozelharekatbaskanlik/ig_ozelharekatbaskanlik_0200_DGiwZzKNlv8.txt,true,43fd93ea8961ca4c6e9a98cb6db0dd0def27966197e62e20fe29af2aa106433b
721,songül.zip,202,203,ig_profile_ozelharekatbaskanlik/ig_ozelharekatbaskanlik_0202_DGFba8dNx0B.jpg,1440,1800,1,yolo/labels/ig_profile_ozelharekatbaskanlik/ig_ozelharekatbaskanlik_0202_DGFba8dNx0B.txt,true,d3de0a8df79717b4c6c31ac4409a228b12a313fba96eeae72722b4e7cb5765ab
722,songül.zip,203,204,ig_profile_ozelharekatbaskanlik/ig_ozelharekatbaskanlik_0203_DFuh99nugmC.jpg,1440,959,3,yolo/labels/ig_profile_ozelharekatbaskanlik/ig_ozelharekatbaskanlik_0203_DFuh99nugmC.txt,true,cfae976bb8201b40a0ea57b81be0ff7d58f61c54e94cc343063abfc9dfe55951
723,songül.zip,204,205,ig_profile_ozelharekatbaskanlik/ig_ozelharekatbaskanlik_0205_DFPtKgzqhG7.jpg,1440,959,1,yolo/labels/ig_profile_ozelharekatbaskanlik/ig_ozelharekatbaskanlik_0205_DFPtKgzqhG7.txt,true,95f91ffd2589654f68b2a3ce263cee5d6c2c98a096703193c6a542a5296dff12
724,songül.zip,205,206,ig_profile_ozelharekatbaskanlik/ig_ozelharekatbaskanlik_0206_DE5HQu2tOpx.jpg,1440,1800,1,yolo/labels/ig_profile_ozelharekatbaskanlik/ig_ozelharekatbaskanlik_0206_DE5HQu2tOpx.txt,true,dd3f5fdf8bd3b7340d3c24b2cc3701027009d2312eba2b5e6da627e8aec5855d
725,songül.zip,206,207,ig_profile_ozelharekatbaskanlik/ig_ozelharekatbaskanlik_0207_DE2oMLUtSBV.jpg,720,379,2,yolo/labels/ig_profile_ozelharekatbaskanlik/ig_ozelharekatbaskanlik_0207_DE2oMLUtSBV.txt,true,f2f21dfea9c656f6f850f918e7193b68655c8ac1a6c8f55a6c8dbb3867523701
726,songül.zip,207,208,ig_profile_ozelharekatbaskanlik/ig_ozelharekatbaskanlik_0208_DEprFD3tmET.jpg,640,362,1,yolo/labels/ig_profile_ozelharekatbaskanlik/ig_ozelharekatbaskanlik_0208_DEprFD3tmET.txt,true,ccd38873349c2fd8bb3d8b813f74cc1109c4218ca6216a9a3e224277249a9e76
727,songül.zip,208,209,ig_profile_ozelharekatbaskanlik/ig_ozelharekatbaskanlik_0209_DEXr8ubtcwJ.jpg,1596,2832,2,yolo/labels/ig_profile_ozelharekatbaskanlik/ig_ozelharekatbaskanlik_0209_DEXr8ubtcwJ.txt,true,4706dd063c1a82844e758cda3262aeae495d6c4874b329e16ebabf3b47ed6bde
728,songül.zip,209,210,ig_profile_ozelharekatbaskanlik/ig_ozelharekatbaskanlik_0210_DEXRefBtihJ.jpg,720,1280,0,yolo/labels/ig_profile_ozelharekatbaskanlik/ig_ozelharekatbaskanlik_0210_DEXRefBtihJ.txt,true,daa8519bcb0311e723b87c0ceb56568073cb73713fd717f3deddcba96941afcd
729,songül.zip,210,211,ig_profile_ozelharekatbaskanlik/ig_ozelharekatbaskanlik_0211_DEU-_Qtt8GE.jpg,1440,959,5,yolo/labels/ig_profile_ozelharekatbaskanlik/ig_ozelharekatbaskanlik_0211_DEU-_Qtt8GE.txt,true,fa8fa8119dc7ae226d5e75a51853ca5a14cece8dc5b94be317abf143b0e562e7
730,songül.zip,211,212,ig_profile_ozelharekatbaskanlik/ig_ozelharekatbaskanlik_0212_DEPzpsLN8-Q.jpg,1440,1800,2,yolo/labels/ig_profile_ozelharekatbaskanlik/ig_ozelharekatbaskanlik_0212_DEPzpsLN8-Q.txt,true,7a64f564a3c58f30f1d0d3e24772887df8bd57975753fa9ac5618d061a5b2d35
731,songül.zip,212,213,ig_profile_ozelharekatbaskanlik/ig_ozelharekatbaskanlik_0213_DEFuVJkNYf1.jpg,1440,1800,1,yolo/labels/ig_profile_ozelharekatbaskanlik/ig_ozelharekatbaskanlik_0213_DEFuVJkNYf1.txt,true,b9ac93d43910b608cbc480b324ab172da08e43f4c6fb7dcf2e837fe4a34ac7a8
732,songül.zip,213,214,ig_profile_ozelharekatbaskanlik/ig_ozelharekatbaskanlik_0215_DD2BJHLtbjP.jpg,720,407,11,yolo/labels/ig_profile_ozelharekatbaskanlik/ig_ozelharekatbaskanlik_0215_DD2BJHLtbjP.txt,true,84723c15440482172054a3fa089ef226daef2763e5281fd70d99cfe788a3e8c8
733,songül.zip,214,215,ig_profile_ozelharekatbaskanlik/ig_ozelharekatbaskanlik_0216_DDsD_5vNBnY.jpg,964,726,11,yolo/labels/ig_profile_ozelharekatbaskanlik/ig_ozelharekatbaskanlik_0216_DDsD_5vNBnY.txt,true,d4921e3723fdb0b5878c06f0cfb6ed46ba4facd38d039a1f4cbab7e3ae2bbc46
734,songül.zip,215,216,ig_profile_ozelharekatbaskanlik/ig_ozelharekatbaskanlik_0217_DDmHjDhOQQe.jpg,1440,959,2,yolo/labels/ig_profile_ozelharekatbaskanlik/ig_ozelharekatbaskanlik_0217_DDmHjDhOQQe.txt,true,2778c39c326a8d710156e62214749334d2ae72d29c4209cc3d6b0231605f7466
735,songül.zip,216,217,ig_profile_ozelharekatbaskanlik/ig_ozelharekatbaskanlik_0218_DDg7Kc9tLVN.jpg,720,1280,1,yolo/labels/ig_profile_ozelharekatbaskanlik/ig_ozelharekatbaskanlik_0218_DDg7Kc9tLVN.txt,true,5876d490628009c396d5e2a91ab0319b1fe11819f81d2d2c81e6ad2380c17f4d
736,songül.zip,217,218,ig_profile_ozelharekatbaskanlik/ig_ozelharekatbaskanlik_0221_DC_YpoQtgxP.jpg,720,1280,6,yolo/labels/ig_profile_ozelharekatbaskanlik/ig_ozelharekatbaskanlik_0221_DC_YpoQtgxP.txt,true,7b793a8440da8fa999d967d5ad22fbfae38d997d201435a1a6d03b9236608581
737,songül.zip,218,219,ig_profile_ozelharekatbaskanlik/ig_ozelharekatbaskanlik_0222_DC6CUhDtSDG.jpg,720,1280,2,yolo/labels/ig_profile_ozelharekatbaskanlik/ig_ozelharekatbaskanlik_0222_DC6CUhDtSDG.txt,true,806a7d41a73efc5ea87c510016b1af608833d5b6d86c568765c251ecc8c65b18
738,songül.zip,219,220,ig_profile_ozelharekatbaskanlik/ig_ozelharekatbaskanlik_0224_DCtpC8utnRL.jpg,720,1280,3,yolo/labels/ig_profile_ozelharekatbaskanlik/ig_ozelharekatbaskanlik_0224_DCtpC8utnRL.txt,true,cc4b24499b070f9233c8a751d1365ec54fc15886d443fcf6382a2cdf3fbb4479
739,songül.zip,220,221,ig_profile_ozelharekatbaskanlik/ig_ozelharekatbaskanlik_0225_DCrk6NgtNpW.jpg,720,1280,7,yolo/labels/ig_profile_ozelharekatbaskanlik/ig_ozelharekatbaskanlik_0225_DCrk6NgtNpW.txt,true,a0f80eea8ca72481a6545c3f7693ebafe64bbbd15d4dce5247872c54ac7f551f
740,songül.zip,221,222,ig_profile_ozelharekatbaskanlik/ig_ozelharekatbaskanlik_0227_DCOSJEONURm.jpg,720,405,4,yolo/labels/ig_profile_ozelharekatbaskanlik/ig_ozelharekatbaskanlik_0227_DCOSJEONURm.txt,true,42a1c6df84bc1b17f9031956f37763173a6202688b998e2258702d9f9a5fdcf6
741,songül.zip,222,223,ig_profile_ozelharekatbaskanlik/ig_ozelharekatbaskanlik_0231_DBHaAgoNt4a.jpg,720,1280,2,yolo/labels/ig_profile_ozelharekatbaskanlik/ig_ozelharekatbaskanlik_0231_DBHaAgoNt4a.txt,true,46908d36e8eb26da19b5a86f2995c06b15a40a46cb0c52431b0ba4e6ed73c248
742,songül.zip,223,224,ig_profile_ozelharekatbaskanlik/ig_ozelharekatbaskanlik_0232_DAJQho2NIkv.jpg,1440,1800,3,yolo/labels/ig_profile_ozelharekatbaskanlik/ig_ozelharekatbaskanlik_0232_DAJQho2NIkv.txt,true,9a5030165c87b28fb3eabb88cdfde4abd27431530ec702c1db4f7d3ff0e2f7f4
743,songül.zip,224,225,ig_profile_ozelharekatbaskanlik/ig_ozelharekatbaskanlik_0235_C_Q1JF7IArk.jpg,720,405,10,yolo/labels/ig_profile_ozelharekatbaskanlik/ig_ozelharekatbaskanlik_0235_C_Q1JF7IArk.txt,true,ef47777f4b7d8742a4e5cb8c59da35a874b942b8bd68c07dcb646738bb865f0f
744,songül.zip,225,226,ig_profile_ozelharekatbaskanlik/ig_ozelharekatbaskanlik_0239_C-gDvsaNQDe.jpg,828,1468,1,yolo/labels/ig_profile_ozelharekatbaskanlik/ig_ozelharekatbaskanlik_0239_C-gDvsaNQDe.txt,true,b1cf86233d572febbe7c3eed56aa722b9be11b6af4c633011fe5811d3b412868
745,songül.zip,226,227,ig_profile_ozelharekatbaskanlik/ig_ozelharekatbaskanlik_0241_C-Dcc6eNS-v.jpg,320,568,1,yolo/labels/ig_profile_ozelharekatbaskanlik/ig_ozelharekatbaskanlik_0241_C-Dcc6eNS-v.txt,true,7fcc3eb70da045cfc57d281c05b5adf072a1311296de24dc0a1ddfb6bb9f81be
746,songül.zip,227,228,ig_profile_ozelharekatbaskanlik/ig_ozelharekatbaskanlik_0243_C95BtE3N25Q.jpg,1063,706,13,yolo/labels/ig_profile_ozelharekatbaskanlik/ig_ozelharekatbaskanlik_0243_C95BtE3N25Q.txt,true,a9f9cc33796a88c481a2f2bc37f4b0a744ce09a55d397ddd0744104cc3160cb7
747,songül.zip,228,229,ig_profile_ozelharekatbaskanlik/ig_ozelharekatbaskanlik_0244_C92vdOati6O.jpg,1440,1795,2,yolo/labels/ig_profile_ozelharekatbaskanlik/ig_ozelharekatbaskanlik_0244_C92vdOati6O.txt,true,3caf410e137647afd9fa283c7e39d4f1c2350084126c1f1e7045949442d6a52d
748,songül.zip,229,230,ig_profile_ozelharekatbaskanlik/ig_ozelharekatbaskanlik_0246_C9c5Lm8tk8g.jpg,1065,710,6,yolo/labels/ig_profile_ozelharekatbaskanlik/ig_ozelharekatbaskanlik_0246_C9c5Lm8tk8g.txt,true,da842347f0bb22d5c25e21b0452018162c8338262bd52670797ab88c105532a4
749,songül.zip,230,231,ig_profile_ozelharekatbaskanlik/ig_ozelharekatbaskanlik_0250_C7o6tR4taod.jpg,1152,648,4,yolo/labels/ig_profile_ozelharekatbaskanlik/ig_ozelharekatbaskanlik_0250_C7o6tR4taod.txt,true,56c8827e0c09002b7a303a6f5819503357f0c6f2aab857770cfb3e61f4431070
750,songül.zip,231,232,ig_profile_ozelharekatbaskanlik/ig_ozelharekatbaskanlik_0252_C7W3aBYNskp.jpg,1440,960,1,yolo/labels/ig_profile_ozelharekatbaskanlik/ig_ozelharekatbaskanlik_0252_C7W3aBYNskp.txt,true,53e962daee8b9fb136a55647fa7474ced1a947abd1e6e57078a02814dee86e3e
751,songül.zip,232,233,ig_profile_ozelharekatbaskanlik/ig_ozelharekatbaskanlik_0255_C61rRuPNcIa.jpg,720,1280,0,yolo/labels/ig_profile_ozelharekatbaskanlik/ig_ozelharekatbaskanlik_0255_C61rRuPNcIa.txt,true,54d174d77285492a49029581e4abf5ac108f6c4d6ff398238f18ae39472aceb2
752,songül.zip,233,234,ig_profile_ozelharekatbaskanlik/ig_ozelharekatbaskanlik_0256_C6tt_9DtBRf.jpg,1080,1920,1,yolo/labels/ig_profile_ozelharekatbaskanlik/ig_ozelharekatbaskanlik_0256_C6tt_9DtBRf.txt,true,91155b7ac8ef950e162270bb4976a9d5ff34b93ce993479ac903d490f8f5bd8b
753,songül.zip,234,235,ig_profile_ozelharekatbaskanlik/ig_ozelharekatbaskanlik_0257_C6nu_NBtK3K.jpg,1440,961,4,yolo/labels/ig_profile_ozelharekatbaskanlik/ig_ozelharekatbaskanlik_0257_C6nu_NBtK3K.txt,true,61ee2a5ff6329818f90c4d4c84c82fd9507186a887c6327f1d7503d37b1a2c48
754,songül.zip,235,236,ig_profile_ozelharekatbaskanlik/ig_ozelharekatbaskanlik_0259_C6I67RKNcRA.jpg,1080,1920,1,yolo/labels/ig_profile_ozelharekatbaskanlik/ig_ozelharekatbaskanlik_0259_C6I67RKNcRA.txt,true,3f38542d0ed0d95b93b883f25e4ad9ea957a69413b286c6825b461dc6e8f1bc1
755,songül.zip,236,237,ig_profile_ozelharekatbaskanlik/ig_ozelharekatbaskanlik_0260_C50lfrBNXbm.jpg,828,1472,1,yolo/labels/ig_profile_ozelharekatbaskanlik/ig_ozelharekatbaskanlik_0260_C50lfrBNXbm.txt,true,6e4ec234dc6b4e1010fcd90e3acca4bb1e4a0e1b7169284ab87bf19faa0b24da
756,songül.zip,237,238,ig_profile_ozelharekatbaskanlik/ig_ozelharekatbaskanlik_0261_C50SxkaNshl.jpg,1215,1215,3,yolo/labels/ig_profile_ozelharekatbaskanlik/ig_ozelharekatbaskanlik_0261_C50SxkaNshl.txt,true,ae074f6021de593bdac5aeeff41f459ae421b586d7f8d81090378699fc60c4b8
757,songül.zip,238,239,ig_profile_ozelharekatbaskanlik/ig_ozelharekatbaskanlik_0264_C42m0V0NRUa.jpg,981,602,2,yolo/labels/ig_profile_ozelharekatbaskanlik/ig_ozelharekatbaskanlik_0264_C42m0V0NRUa.txt,true,c967621673e2bf2e6c7477fdbada5e18aebcb0c34447c675d560296d3f07d81a
758,songül.zip,239,240,ig_profile_ozelharekatbaskanlik/ig_ozelharekatbaskanlik_0265_C4zxQPCIw5-.jpg,720,406,1,yolo/labels/ig_profile_ozelharekatbaskanlik/ig_ozelharekatbaskanlik_0265_C4zxQPCIw5-.txt,true,978eb502b870934d78f02f0b46121943f4b0cabe625e44a40a432f35b376be2c
759,songül.zip,240,241,ig_profile_ozelharekatbaskanlik/ig_ozelharekatbaskanlik_0266_C4v50QXNpx4.jpg,1205,908,1,yolo/labels/ig_profile_ozelharekatbaskanlik/ig_ozelharekatbaskanlik_0266_C4v50QXNpx4.txt,true,d0a7a3330d5b3ab4b56c115a70c95ceb72d1884c30428ee4c20ab258c0278a96
760,songül.zip,241,242,ig_profile_ozelharekatbaskanlik/ig_ozelharekatbaskanlik_0267_C4tDscKobd6.jpg,868,1544,11,yolo/labels/ig_profile_ozelharekatbaskanlik/ig_ozelharekatbaskanlik_0267_C4tDscKobd6.txt,true,7137d38a461a4e90deb13ed3ec6df83087d9e27349ccab5f47f05431b24e971f
761,songül.zip,242,243,ig_profile_ozelharekatbaskanlik/ig_ozelharekatbaskanlik_0268_C4dTorGtIw4.jpg,700,463,11,yolo/labels/ig_profile_ozelharekatbaskanlik/ig_ozelharekatbaskanlik_0268_C4dTorGtIw4.txt,true,506f19c9cb027d2e251e5a4b2bd9dc0235111cea9f09536cdac273a64d7be321
762,songül.zip,243,244,ig_profile_ozelharekatbaskanlik/ig_ozelharekatbaskanlik_0269_C4GYBI-tRrJ.jpg,720,1280,3,yolo/labels/ig_profile_ozelharekatbaskanlik/ig_ozelharekatbaskanlik_0269_C4GYBI-tRrJ.txt,true,dbe5aa45937139a3f2bb7084913b0fc6fe2c720f0ab9ad95af18b7d656c2f050
763,songül.zip,244,245,ig_profile_ozelharekatbaskanlik/ig_ozelharekatbaskanlik_0270_C3xlnikNLM3.jpg,527,527,0,yolo/labels/ig_profile_ozelharekatbaskanlik/ig_ozelharekatbaskanlik_0270_C3xlnikNLM3.txt,true,3ab0394d00bdb8b319a74bee1f9a05bff44731e55deb9fab758af097813d4cb9
764,songül.zip,245,246,ig_profile_ozelharekatbaskanlik/ig_ozelharekatbaskanlik_0271_C3QUCH_N4MC.jpg,1362,906,5,yolo/labels/ig_profile_ozelharekatbaskanlik/ig_ozelharekatbaskanlik_0271_C3QUCH_N4MC.txt,true,a820c5e56fd195667476f8d861f6adac16b9be2237f98abe10819d435cfebc7c
765,songül.zip,246,247,ig_profile_ozelharekatbaskanlik/ig_ozelharekatbaskanlik_0272_C2jbn0WtM0g.jpg,720,463,0,yolo/labels/ig_profile_ozelharekatbaskanlik/ig_ozelharekatbaskanlik_0272_C2jbn0WtM0g.txt,true,2ed2794af8138d533b0571d75b27758bf3071faf40b3af5a304f676ead2095b0
766,songül.zip,247,248,ig_profile_ozelharekatbaskanlik/ig_ozelharekatbaskanlik_0273_C2fdO2Nt0pk.jpg,1365,910,1,yolo/labels/ig_profile_ozelharekatbaskanlik/ig_ozelharekatbaskanlik_0273_C2fdO2Nt0pk.txt,true,04bb4e67e6ce41b030b92c3973dd1181ce29f3619d2abc0834c0f37293086ff3
767,songül.zip,248,249,ig_profile_ozelharekatbaskanlik/ig_ozelharekatbaskanlik_0274_C2ZPe4KtljK.jpg,720,1280,3,yolo/labels/ig_profile_ozelharekatbaskanlik/ig_ozelharekatbaskanlik_0274_C2ZPe4KtljK.txt,true,00b2a94d55f06c9e7c3e89c8809952e328ce916e468c2a8a8ff1929e190e0bd3
768,songül.zip,249,250,ig_profile_ozelharekatbaskanlik/ig_ozelharekatbaskanlik_0275_C2UcEXmNnLT.jpg,913,1006,1,yolo/labels/ig_profile_ozelharekatbaskanlik/ig_ozelharekatbaskanlik_0275_C2UcEXmNnLT.txt,true,f58de990d19880d2a8fca448056c08f454799734a6b560fb43a4b3b63f904d80
769,songül.zip,250,251,ig_profile_ozelharekatbaskanlik/ig_ozelharekatbaskanlik_0276_C2SD_yxND56.jpg,1000,667,1,yolo/labels/ig_profile_ozelharekatbaskanlik/ig_ozelharekatbaskanlik_0276_C2SD_yxND56.txt,true,4b7b303b345f2a1624242e8ec0db466c860c9564ae3735a4bd8e38affb9651ca
770,songül.zip,251,252,ig_profile_ozelharekatbaskanlik/ig_ozelharekatbaskanlik_0277_C2CaAjnN_aw.jpg,828,814,1,yolo/labels/ig_profile_ozelharekatbaskanlik/ig_ozelharekatbaskanlik_0277_C2CaAjnN_aw.txt,true,3004a43abbf3b0dee64c0654170b6c5af9714f23925fce6cccd5e0cc90ed7f5d
771,songül.zip,252,253,ig_profile_ozelharekatbaskanlik/ig_ozelharekatbaskanlik_0278_C1iJg-ANHmf.jpg,1440,1080,11,yolo/labels/ig_profile_ozelharekatbaskanlik/ig_ozelharekatbaskanlik_0278_C1iJg-ANHmf.txt,true,12ab75c9b53fa8b7403bd23b64474acb44c6460c3e520cdd3fe804c1c414b1f6
772,songül.zip,253,254,ig_profile_ozelharekatbaskanlik/ig_ozelharekatbaskanlik_0279_C1XgDIVN0gA.jpg,1440,951,1,yolo/labels/ig_profile_ozelharekatbaskanlik/ig_ozelharekatbaskanlik_0279_C1XgDIVN0gA.txt,true,602a017e68d430d9fa7a6b5d4e8d885f6889a8a8b3a1806cd5df87b011325fdb
773,songül.zip,254,255,ig_profile_ozelharekatbaskanlik/ig_ozelharekatbaskanlik_0281_C04Z8z3N7AK.jpg,546,360,2,yolo/labels/ig_profile_ozelharekatbaskanlik/ig_ozelharekatbaskanlik_0281_C04Z8z3N7AK.txt,true,1786615dffd1673878cf347c1edad1d6930a43853596a247ee792218623637ff
774,songül.zip,255,256,ig_profile_ozelharekatbaskanlik/ig_ozelharekatbaskanlik_0282_C04RXcrNPIr.jpg,720,405,17,yolo/labels/ig_profile_ozelharekatbaskanlik/ig_ozelharekatbaskanlik_0282_C04RXcrNPIr.txt,true,2ae79dae3595aff0943aa86eb04c483e8bd675f6ca9a0d1c86449637f6e2bc94
775,songül.zip,256,257,ig_profile_ozelharekatbaskanlik/ig_ozelharekatbaskanlik_0284_CzTdaM2NE6n.jpg,1065,710,0,yolo/labels/ig_profile_ozelharekatbaskanlik/ig_ozelharekatbaskanlik_0284_CzTdaM2NE6n.txt,true,4c27a8f837a624f60e46c9853f4c5e9928fe145ac5b362fb52d1221aab3b0076
776,songül.zip,257,258,ig_profile_ozelharekatbaskanlik/ig_ozelharekatbaskanlik_0287_Cyn-QCgtnaI.jpg,320,556,0,yolo/labels/ig_profile_ozelharekatbaskanlik/ig_ozelharekatbaskanlik_0287_Cyn-QCgtnaI.txt,true,dd46af9c758649a2b1c293bc0e8a62e1af45552b02ce356d8cbe4b4527102ddf
777,songül.zip,258,259,ig_profile_ozelharekatbaskanlik/ig_ozelharekatbaskanlik_0288_CyitBEvtDNP.jpg,720,1280,4,yolo/labels/ig_profile_ozelharekatbaskanlik/ig_ozelharekatbaskanlik_0288_CyitBEvtDNP.txt,true,1e06975107ea0597512d455e1da006482f477e104991a79878cfa5d5616d2a7d
778,songül.zip,259,260,tatbikat_videolarindan/vid01_43_years_after_the_establishme/vid01_43_years_after_the_establishme_0001.jpg,1920,1080,0,yolo/labels/tatbikat_videolarindan/vid01_43_years_after_the_establishme/vid01_43_years_after_the_establishme_0001.txt,true,fe772a558f4b7c13bd33831002c9ecf8a6a610d08397a0b28c21e13c30851f14
779,songül.zip,260,261,tatbikat_videolarindan/vid01_43_years_after_the_establishme/vid01_43_years_after_the_establishme_0002.jpg,1920,1080,0,yolo/labels/tatbikat_videolarindan/vid01_43_years_after_the_establishme/vid01_43_years_after_the_establishme_0002.txt,true,5d6b730757bc63f4e4098b7a7f919844c97032c8eef2d6ee8d8e55b71924713a
780,dilara.zip,0,1,tatbikat_videolarindan/vid01_43_years_after_the_establishme/vid01_43_years_after_the_establishme_0003.jpg,1920,1080,0,yolo/labels/tatbikat_videolarindan/vid01_43_years_after_the_establishme/vid01_43_years_after_the_establishme_0003.txt,true,b9e39711919f2418bcd413f0fa274867e2a6864b6397508b0bf77925d4cd73a1
781,dilara.zip,1,2,tatbikat_videolarindan/vid01_43_years_after_the_establishme/vid01_43_years_after_the_establishme_0004.jpg,1920,1080,0,yolo/labels/tatbikat_videolarindan/vid01_43_years_after_the_establishme/vid01_43_years_after_the_establishme_0004.txt,true,49f30b8a5b36776c86b00df4999683a6fe91765b40e6716cc3b9f3960c58b82c
782,dilara.zip,2,3,tatbikat_videolarindan/vid01_43_years_after_the_establishme/vid01_43_years_after_the_establishme_0005.jpg,1920,1080,3,yolo/labels/tatbikat_videolarindan/vid01_43_years_after_the_establishme/vid01_43_years_after_the_establishme_0005.txt,true,e528a97dedd828dc60805056a4bc2ef9610c07ec83151f84a9176d870ccd3f2d
783,dilara.zip,3,4,tatbikat_videolarindan/vid01_43_years_after_the_establishme/vid01_43_years_after_the_establishme_0006.jpg,1920,1080,3,yolo/labels/tatbikat_videolarindan/vid01_43_years_after_the_establishme/vid01_43_years_after_the_establishme_0006.txt,true,61df1e572b6b994c446964a6f79dd5278b39c8a2fb2b12e3b62adde29fba98c4
784,dilara.zip,4,5,tatbikat_videolarindan/vid01_43_years_after_the_establishme/vid01_43_years_after_the_establishme_0007.jpg,1920,1080,3,yolo/labels/tatbikat_videolarindan/vid01_43_years_after_the_establishme/vid01_43_years_after_the_establishme_0007.txt,true,ea23d2add6399b26343b6438e4a6ff205e2375d6bdbf80896c8a7c6cb72bb3c1
785,dilara.zip,5,6,tatbikat_videolarindan/vid01_43_years_after_the_establishme/vid01_43_years_after_the_establishme_0008.jpg,1920,1080,3,yolo/labels/tatbikat_videolarindan/vid01_43_years_after_the_establishme/vid01_43_years_after_the_establishme_0008.txt,true,e0850929eb586471c956a4f5455242ec77fa047e807e47bc89997d768a6b95f7
786,dilara.zip,6,7,tatbikat_videolarindan/vid01_43_years_after_the_establishme/vid01_43_years_after_the_establishme_0009.jpg,1920,1080,3,yolo/labels/tatbikat_videolarindan/vid01_43_years_after_the_establishme/vid01_43_years_after_the_establishme_0009.txt,true,873246dbe9bdbce43fd991235cb83d52bff41723f1189c936c4d35b0b71fc499
787,dilara.zip,7,8,tatbikat_videolarindan/vid01_43_years_after_the_establishme/vid01_43_years_after_the_establishme_0010.jpg,1920,1080,0,yolo/labels/tatbikat_videolarindan/vid01_43_years_after_the_establishme/vid01_43_years_after_the_establishme_0010.txt,true,ed1b1ae7fb49faf3ebb6db035bf393be2b3316ff6d16ddd362c079c497503fde
788,dilara.zip,8,9,tatbikat_videolarindan/vid01_43_years_after_the_establishme/vid01_43_years_after_the_establishme_0011.jpg,1920,1080,0,yolo/labels/tatbikat_videolarindan/vid01_43_years_after_the_establishme/vid01_43_years_after_the_establishme_0011.txt,true,5022ba7ff1a9f201355c585996146d0f1fb559c9e40241f12d31120fde80a1a0
789,dilara.zip,9,10,tatbikat_videolarindan/vid01_43_years_after_the_establishme/vid01_43_years_after_the_establishme_0015.jpg,1920,1080,4,yolo/labels/tatbikat_videolarindan/vid01_43_years_after_the_establishme/vid01_43_years_after_the_establishme_0015.txt,true,f3973d8a53ed023f7dd8fd54722838fb85be64666c54ea1245e94092f47be1cf
790,dilara.zip,10,11,tatbikat_videolarindan/vid01_43_years_after_the_establishme/vid01_43_years_after_the_establishme_0016.jpg,1920,1080,4,yolo/labels/tatbikat_videolarindan/vid01_43_years_after_the_establishme/vid01_43_years_after_the_establishme_0016.txt,true,d5b6689e16d65e43811f71588bbca7d00fc6876be061bdde6e96dbcc6dcf30c9
791,dilara.zip,11,12,tatbikat_videolarindan/vid01_43_years_after_the_establishme/vid01_43_years_after_the_establishme_0017.jpg,1920,1080,5,yolo/labels/tatbikat_videolarindan/vid01_43_years_after_the_establishme/vid01_43_years_after_the_establishme_0017.txt,true,fda49efb7689317fbd95a7b23cecd1e438bc2fe4bc6306c324ae4bf4c03a1f3f
792,dilara.zip,12,13,tatbikat_videolarindan/vid01_43_years_after_the_establishme/vid01_43_years_after_the_establishme_0018.jpg,1920,1080,3,yolo/labels/tatbikat_videolarindan/vid01_43_years_after_the_establishme/vid01_43_years_after_the_establishme_0018.txt,true,8edc5fe978bb409da0226de155dd433eca1daff259727d15c861cf482ab0eacb
793,dilara.zip,13,14,tatbikat_videolarindan/vid01_43_years_after_the_establishme/vid01_43_years_after_the_establishme_0019.jpg,1920,1080,4,yolo/labels/tatbikat_videolarindan/vid01_43_years_after_the_establishme/vid01_43_years_after_the_establishme_0019.txt,true,afe8a4c08aec1367cc9cfb3107fa4cb5f9abc49e18052006e548637a85b41361
794,dilara.zip,14,15,tatbikat_videolarindan/vid01_43_years_after_the_establishme/vid01_43_years_after_the_establishme_0023.jpg,1920,1080,4,yolo/labels/tatbikat_videolarindan/vid01_43_years_after_the_establishme/vid01_43_years_after_the_establishme_0023.txt,true,072bdae4d9b530121084c8ae6183e67d0a52ef58aa629346b5404d46ee8df0b0
795,dilara.zip,15,16,tatbikat_videolarindan/vid01_43_years_after_the_establishme/vid01_43_years_after_the_establishme_0024.jpg,1920,1080,4,yolo/labels/tatbikat_videolarindan/vid01_43_years_after_the_establishme/vid01_43_years_after_the_establishme_0024.txt,true,8f2fd7110faca30bc42eae59fc481614bf85f0f197eabcf64c98b5c8659cde01
796,dilara.zip,16,17,tatbikat_videolarindan/vid01_43_years_after_the_establishme/vid01_43_years_after_the_establishme_0025.jpg,1920,1080,4,yolo/labels/tatbikat_videolarindan/vid01_43_years_after_the_establishme/vid01_43_years_after_the_establishme_0025.txt,true,9c630d4cdb84e4a5a6aedf51ba8bdd2695da573a19c2b520813d0dd68dfb41b8
797,dilara.zip,17,18,tatbikat_videolarindan/vid01_43_years_after_the_establishme/vid01_43_years_after_the_establishme_0027.jpg,1920,1080,4,yolo/labels/tatbikat_videolarindan/vid01_43_years_after_the_establishme/vid01_43_years_after_the_establishme_0027.txt,true,ba293f5a04413b30bc90e1589f951227283ecfdfe8f1be0cbe52b4bfaab21147
798,dilara.zip,18,19,tatbikat_videolarindan/vid01_43_years_after_the_establishme/vid01_43_years_after_the_establishme_0028.jpg,1920,1080,4,yolo/labels/tatbikat_videolarindan/vid01_43_years_after_the_establishme/vid01_43_years_after_the_establishme_0028.txt,true,07fbd43c953fec6857f30cb8a5203441f337db97d72a707c88b241218d2c12b4
799,dilara.zip,19,20,tatbikat_videolarindan/vid01_43_years_after_the_establishme/vid01_43_years_after_the_establishme_0029.jpg,1920,1080,4,yolo/labels/tatbikat_videolarindan/vid01_43_years_after_the_establishme/vid01_43_years_after_the_establishme_0029.txt,true,b38b31c1ff9de8e15324f8108d2d841484464dcd7444756e46fbcdbf17aea6b8
800,dilara.zip,20,21,tatbikat_videolarindan/vid01_43_years_after_the_establishme/vid01_43_years_after_the_establishme_0030.jpg,1920,1080,0,yolo/labels/tatbikat_videolarindan/vid01_43_years_after_the_establishme/vid01_43_years_after_the_establishme_0030.txt,true,1b1ec54a4318fd6bcd9e4302b45c466e6445bd6c70a9ac15287cf5d8936f6e8b
801,dilara.zip,21,22,tatbikat_videolarindan/vid01_43_years_after_the_establishme/vid01_43_years_after_the_establishme_0031.jpg,1920,1080,0,yolo/labels/tatbikat_videolarindan/vid01_43_years_after_the_establishme/vid01_43_years_after_the_establishme_0031.txt,true,f49f0c6e8b32138b536fbe28ca1c801106b517ca78cfd17ee68971b36e38675d
802,dilara.zip,22,23,tatbikat_videolarindan/vid01_43_years_after_the_establishme/vid01_43_years_after_the_establishme_0032.jpg,1920,1080,0,yolo/labels/tatbikat_videolarindan/vid01_43_years_after_the_establishme/vid01_43_years_after_the_establishme_0032.txt,true,bdf57dce0e3cc01c518b17eedb259dd64502e9060b097a208e5211b3bc85f5a2
803,dilara.zip,23,24,tatbikat_videolarindan/vid01_43_years_after_the_establishme/vid01_43_years_after_the_establishme_0037.jpg,1920,1080,1,yolo/labels/tatbikat_videolarindan/vid01_43_years_after_the_establishme/vid01_43_years_after_the_establishme_0037.txt,true,94adb6c0a2afcb04d3c03c55b9a67645c87c97262f09bc6bb0bc09b474a30801
804,dilara.zip,24,25,tatbikat_videolarindan/vid01_43_years_after_the_establishme/vid01_43_years_after_the_establishme_0038.jpg,1920,1080,1,yolo/labels/tatbikat_videolarindan/vid01_43_years_after_the_establishme/vid01_43_years_after_the_establishme_0038.txt,true,0f04b5db4f27c45413de70527c765ffcc77e26d4c87d3a1d1696359a6f6e4701
805,dilara.zip,25,26,tatbikat_videolarindan/vid01_43_years_after_the_establishme/vid01_43_years_after_the_establishme_0039.jpg,1920,1080,1,yolo/labels/tatbikat_videolarindan/vid01_43_years_after_the_establishme/vid01_43_years_after_the_establishme_0039.txt,true,51710a76bc373c45399769a866d9ed285cee36f30863b416e41f176d4ed110c5
806,dilara.zip,26,27,tatbikat_videolarindan/vid01_43_years_after_the_establishme/vid01_43_years_after_the_establishme_0040.jpg,1920,1080,0,yolo/labels/tatbikat_videolarindan/vid01_43_years_after_the_establishme/vid01_43_years_after_the_establishme_0040.txt,true,6c570678f800ade9443da4320956529f3912e01316c7175ba1462c9d2c5ddd90
807,dilara.zip,27,28,tatbikat_videolarindan/vid01_43_years_after_the_establishme/vid01_43_years_after_the_establishme_0041.jpg,1920,1080,0,yolo/labels/tatbikat_videolarindan/vid01_43_years_after_the_establishme/vid01_43_years_after_the_establishme_0041.txt,true,0d1ad73984d76ce4503561b38a0e90eb812b3321dcb07e2fb5d86bf96ce19612
808,dilara.zip,28,29,tatbikat_videolarindan/vid01_43_years_after_the_establishme/vid01_43_years_after_the_establishme_0047.jpg,1920,1080,0,yolo/labels/tatbikat_videolarindan/vid01_43_years_after_the_establishme/vid01_43_years_after_the_establishme_0047.txt,true,8ef8699da24bfa857509498b7c2b07fe18dc70c206dbe0dbd5e92fa1d008a59b
809,dilara.zip,29,30,tatbikat_videolarindan/vid01_43_years_after_the_establishme/vid01_43_years_after_the_establishme_0048.jpg,1920,1080,0,yolo/labels/tatbikat_videolarindan/vid01_43_years_after_the_establishme/vid01_43_years_after_the_establishme_0048.txt,true,c82d51b4e8529c7226c75e8aa998162218803118bd4d281e40c0e7624f822f71
810,dilara.zip,30,31,tatbikat_videolarindan/vid01_43_years_after_the_establishme/vid01_43_years_after_the_establishme_0049.jpg,1920,1080,0,yolo/labels/tatbikat_videolarindan/vid01_43_years_after_the_establishme/vid01_43_years_after_the_establishme_0049.txt,true,45b44c7491c71fc4addd4be8d82fc76a6d065c322c5391c81bac515baed9b823
811,dilara.zip,31,32,tatbikat_videolarindan/vid01_43_years_after_the_establishme/vid01_43_years_after_the_establishme_0050.jpg,1920,1080,0,yolo/labels/tatbikat_videolarindan/vid01_43_years_after_the_establishme/vid01_43_years_after_the_establishme_0050.txt,true,236cecaf1f048c98f87027cad0244f9a2ed9198e6d64a3401c3339567c710f7b
812,dilara.zip,32,33,tatbikat_videolarindan/vid01_43_years_after_the_establishme/vid01_43_years_after_the_establishme_0051.jpg,1920,1080,0,yolo/labels/tatbikat_videolarindan/vid01_43_years_after_the_establishme/vid01_43_years_after_the_establishme_0051.txt,true,5817a0b2c036d93f5b5d47d57ed11d5b2f6cdbc2e664e99133a6e4042995f471
813,dilara.zip,33,34,tatbikat_videolarindan/vid01_43_years_after_the_establishme/vid01_43_years_after_the_establishme_0052.jpg,1920,1080,0,yolo/labels/tatbikat_videolarindan/vid01_43_years_after_the_establishme/vid01_43_years_after_the_establishme_0052.txt,true,c012ed23bc753759ad781566a0413293f3b64a566885f412f66fd0f8182b539d
814,dilara.zip,34,35,tatbikat_videolarindan/vid01_43_years_after_the_establishme/vid01_43_years_after_the_establishme_0053.jpg,1920,1080,6,yolo/labels/tatbikat_videolarindan/vid01_43_years_after_the_establishme/vid01_43_years_after_the_establishme_0053.txt,true,82842616a4de576dc8676c92ad659eda1c88fdc3353cb6e05f7080cc9308d69a
815,dilara.zip,35,36,tatbikat_videolarindan/vid01_43_years_after_the_establishme/vid01_43_years_after_the_establishme_0054.jpg,1920,1080,2,yolo/labels/tatbikat_videolarindan/vid01_43_years_after_the_establishme/vid01_43_years_after_the_establishme_0054.txt,true,aa10fab858023b18aca6a96a226208298d73518c995cb63c35fded702a1d389e
816,dilara.zip,36,37,tatbikat_videolarindan/vid01_43_years_after_the_establishme/vid01_43_years_after_the_establishme_0055.jpg,1920,1080,2,yolo/labels/tatbikat_videolarindan/vid01_43_years_after_the_establishme/vid01_43_years_after_the_establishme_0055.txt,true,7a1abb51dfde6439d7be3af7b42d594c634f365c2d6140c50c48174c53d5fd62
817,dilara.zip,37,38,tatbikat_videolarindan/vid01_43_years_after_the_establishme/vid01_43_years_after_the_establishme_0056.jpg,1920,1080,0,yolo/labels/tatbikat_videolarindan/vid01_43_years_after_the_establishme/vid01_43_years_after_the_establishme_0056.txt,true,a9f6ae77f30eb8eef3409e0d87028d9ef8cf8c9766729923d5de1a29cea7f89d
818,dilara.zip,38,39,tatbikat_videolarindan/vid01_43_years_after_the_establishme/vid01_43_years_after_the_establishme_0057.jpg,1920,1080,0,yolo/labels/tatbikat_videolarindan/vid01_43_years_after_the_establishme/vid01_43_years_after_the_establishme_0057.txt,true,73178b5101ed1098457702c7b6e58b07fa29fe4df7d59e74906c28009fe3959a
819,dilara.zip,39,40,tatbikat_videolarindan/vid01_43_years_after_the_establishme/vid01_43_years_after_the_establishme_0058.jpg,1920,1080,0,yolo/labels/tatbikat_videolarindan/vid01_43_years_after_the_establishme/vid01_43_years_after_the_establishme_0058.txt,true,7b2573c0ef8f182b229477452219534198455dfa67e2a87a1f43aab77a9ccbc9
820,dilara.zip,40,41,tatbikat_videolarindan/vid01_43_years_after_the_establishme/vid01_43_years_after_the_establishme_0059.jpg,1920,1080,0,yolo/labels/tatbikat_videolarindan/vid01_43_years_after_the_establishme/vid01_43_years_after_the_establishme_0059.txt,true,71f2ac92c6241aa25c27ff4eded51b6beab4fb9ab8d012161ac9bd47a5d17e58
821,dilara.zip,41,42,tatbikat_videolarindan/vid01_43_years_after_the_establishme/vid01_43_years_after_the_establishme_0060.jpg,1920,1080,0,yolo/labels/tatbikat_videolarindan/vid01_43_years_after_the_establishme/vid01_43_years_after_the_establishme_0060.txt,true,96e10a7ef15425f6c68d62095713daaf3e496a0b75a941a0512f1ddc27894274
822,dilara.zip,42,43,tatbikat_videolarindan/vid01_43_years_after_the_establishme/vid01_43_years_after_the_establishme_0061.jpg,1920,1080,0,yolo/labels/tatbikat_videolarindan/vid01_43_years_after_the_establishme/vid01_43_years_after_the_establishme_0061.txt,true,6e5cd76f23adb7d2ca34dbf8169ad802567bbfcec4000ddb046fba042164b820
823,dilara.zip,43,44,tatbikat_videolarindan/vid01_43_years_after_the_establishme/vid01_43_years_after_the_establishme_0062.jpg,1920,1080,0,yolo/labels/tatbikat_videolarindan/vid01_43_years_after_the_establishme/vid01_43_years_after_the_establishme_0062.txt,true,024898241092125fdb25bebd40dbc93a92cf1c287ce216d84f8bfb00de0e02bf
824,dilara.zip,44,45,tatbikat_videolarindan/vid01_43_years_after_the_establishme/vid01_43_years_after_the_establishme_0063.jpg,1920,1080,0,yolo/labels/tatbikat_videolarindan/vid01_43_years_after_the_establishme/vid01_43_years_after_the_establishme_0063.txt,true,3276fb35990af69cfb95c6f753317fcaef314b45f44ec3e4afd735693e69a80b
825,dilara.zip,45,46,tatbikat_videolarindan/vid01_43_years_after_the_establishme/vid01_43_years_after_the_establishme_0064.jpg,1920,1080,0,yolo/labels/tatbikat_videolarindan/vid01_43_years_after_the_establishme/vid01_43_years_after_the_establishme_0064.txt,true,9c83c8889a5d4377a38dbdc23724150b728fbe6b38f031261fcbdd5d86fdccf5
826,dilara.zip,46,47,tatbikat_videolarindan/vid01_43_years_after_the_establishme/vid01_43_years_after_the_establishme_0065.jpg,1920,1080,0,yolo/labels/tatbikat_videolarindan/vid01_43_years_after_the_establishme/vid01_43_years_after_the_establishme_0065.txt,true,2dceda85f653958800893afb58f01a67bece36a8dbd94164b2c91695ede81c1b
827,dilara.zip,47,48,tatbikat_videolarindan/vid01_43_years_after_the_establishme/vid01_43_years_after_the_establishme_0066.jpg,1920,1080,0,yolo/labels/tatbikat_videolarindan/vid01_43_years_after_the_establishme/vid01_43_years_after_the_establishme_0066.txt,true,3a095dd1c291235a4d13cf4d49197557d3311337ab7164185e8f853e29258a86
828,dilara.zip,48,49,tatbikat_videolarindan/vid01_43_years_after_the_establishme/vid01_43_years_after_the_establishme_0067.jpg,1920,1080,0,yolo/labels/tatbikat_videolarindan/vid01_43_years_after_the_establishme/vid01_43_years_after_the_establishme_0067.txt,true,5f102ca93a82e9e7ce99ebffeade0ee070532b54c5635164858e98b1ac3e550c
829,dilara.zip,49,50,tatbikat_videolarindan/vid01_43_years_after_the_establishme/vid01_43_years_after_the_establishme_0068.jpg,1920,1080,0,yolo/labels/tatbikat_videolarindan/vid01_43_years_after_the_establishme/vid01_43_years_after_the_establishme_0068.txt,true,d8255b891e715a15aefed97c368c1c9f410a96a18d2202ba67f32e89add54d5f
830,dilara.zip,50,51,tatbikat_videolarindan/vid01_43_years_after_the_establishme/vid01_43_years_after_the_establishme_0069.jpg,1920,1080,3,yolo/labels/tatbikat_videolarindan/vid01_43_years_after_the_establishme/vid01_43_years_after_the_establishme_0069.txt,true,598f88c8fc831a2837adfef9be098bc1ca87dd6df440dda87f039f8ee20df49d
831,dilara.zip,51,52,tatbikat_videolarindan/vid01_43_years_after_the_establishme/vid01_43_years_after_the_establishme_0070.jpg,1920,1080,1,yolo/labels/tatbikat_videolarindan/vid01_43_years_after_the_establishme/vid01_43_years_after_the_establishme_0070.txt,true,06d4c9268bb54b6da06a13f5bd42e0f830edec8547826e94f92c43b01adda764
832,dilara.zip,52,53,tatbikat_videolarindan/vid01_43_years_after_the_establishme/vid01_43_years_after_the_establishme_0071.jpg,1920,1080,1,yolo/labels/tatbikat_videolarindan/vid01_43_years_after_the_establishme/vid01_43_years_after_the_establishme_0071.txt,true,9ee7557cc0fa4bc688153d827ab293552b5519c5067e3629918e23f18d52a76a
833,dilara.zip,53,54,tatbikat_videolarindan/vid01_43_years_after_the_establishme/vid01_43_years_after_the_establishme_0072.jpg,1920,1080,2,yolo/labels/tatbikat_videolarindan/vid01_43_years_after_the_establishme/vid01_43_years_after_the_establishme_0072.txt,true,42220f0e422b2742b62ef099917dc960b7605c5e292ade43988f8bdf90536c09
834,dilara.zip,54,55,tatbikat_videolarindan/vid01_43_years_after_the_establishme/vid01_43_years_after_the_establishme_0073.jpg,1920,1080,1,yolo/labels/tatbikat_videolarindan/vid01_43_years_after_the_establishme/vid01_43_years_after_the_establishme_0073.txt,true,811101966fc2b59e8d8a4e5ee0b98c7bb83456c082eba1ff9032b8a4a2ac4478
835,dilara.zip,55,56,tatbikat_videolarindan/vid01_43_years_after_the_establishme/vid01_43_years_after_the_establishme_0074.jpg,1920,1080,2,yolo/labels/tatbikat_videolarindan/vid01_43_years_after_the_establishme/vid01_43_years_after_the_establishme_0074.txt,true,069e7d31b2584ba97beb23c51a2f32ba1b5db38a30938faaa5bf4a7c20b58b9a
836,dilara.zip,56,57,tatbikat_videolarindan/vid01_43_years_after_the_establishme/vid01_43_years_after_the_establishme_0075.jpg,1920,1080,2,yolo/labels/tatbikat_videolarindan/vid01_43_years_after_the_establishme/vid01_43_years_after_the_establishme_0075.txt,true,958a68763e3ad662b84d279b8df64c3dfb81e6184837391c62fbe75e26f86fb4
837,dilara.zip,57,58,tatbikat_videolarindan/vid01_43_years_after_the_establishme/vid01_43_years_after_the_establishme_0076.jpg,1920,1080,2,yolo/labels/tatbikat_videolarindan/vid01_43_years_after_the_establishme/vid01_43_years_after_the_establishme_0076.txt,true,37a0b2346e59989f23f85a8032fe01af2392316a2b288530a43540a56b3b6be4
838,dilara.zip,58,59,tatbikat_videolarindan/vid01_43_years_after_the_establishme/vid01_43_years_after_the_establishme_0077.jpg,1920,1080,2,yolo/labels/tatbikat_videolarindan/vid01_43_years_after_the_establishme/vid01_43_years_after_the_establishme_0077.txt,true,4daf7339b6481df0dff0145654cfe1a6487bd8712a1bb605504ba28439cfc327
839,dilara.zip,59,60,tatbikat_videolarindan/vid01_43_years_after_the_establishme/vid01_43_years_after_the_establishme_0078.jpg,1920,1080,2,yolo/labels/tatbikat_videolarindan/vid01_43_years_after_the_establishme/vid01_43_years_after_the_establishme_0078.txt,true,21b6cb308e60fb895dab3f09b93df3034acecc888b420272699abda344de38c0
840,dilara.zip,60,61,tatbikat_videolarindan/vid01_43_years_after_the_establishme/vid01_43_years_after_the_establishme_0079.jpg,1920,1080,13,yolo/labels/tatbikat_videolarindan/vid01_43_years_after_the_establishme/vid01_43_years_after_the_establishme_0079.txt,true,24db43f4d76abe2ee20338bf8b679aa2dad57257da7cc767b75d450a110d68ea
841,dilara.zip,61,62,tatbikat_videolarindan/vid01_43_years_after_the_establishme/vid01_43_years_after_the_establishme_0080.jpg,1920,1080,0,yolo/labels/tatbikat_videolarindan/vid01_43_years_after_the_establishme/vid01_43_years_after_the_establishme_0080.txt,true,7f8cf09acae44c988d13eb788c988673246ffb81fbf3e76cb5e5dae5e58b7e36
842,dilara.zip,62,63,tatbikat_videolarindan/vid01_43_years_after_the_establishme/vid01_43_years_after_the_establishme_0081.jpg,1920,1080,0,yolo/labels/tatbikat_videolarindan/vid01_43_years_after_the_establishme/vid01_43_years_after_the_establishme_0081.txt,true,882b2b5ec87aab443435defe15d5439147f39ddb3df154ef7f81b44a5acacf98
843,dilara.zip,63,64,tatbikat_videolarindan/vid01_43_years_after_the_establishme/vid01_43_years_after_the_establishme_0083.jpg,1920,1080,0,yolo/labels/tatbikat_videolarindan/vid01_43_years_after_the_establishme/vid01_43_years_after_the_establishme_0083.txt,true,034e09905f5835d75d17ca75a8a17097a4682a1dc3d7be9a099192a6675decc9
844,dilara.zip,64,65,tatbikat_videolarindan/vid01_43_years_after_the_establishme/vid01_43_years_after_the_establishme_0084.jpg,1920,1080,4,yolo/labels/tatbikat_videolarindan/vid01_43_years_after_the_establishme/vid01_43_years_after_the_establishme_0084.txt,true,0817732ac15c56ec67038a7620c053fd423f3281723c9feabd23a15a79cb0875
845,dilara.zip,65,66,tatbikat_videolarindan/vid01_43_years_after_the_establishme/vid01_43_years_after_the_establishme_0085.jpg,1920,1080,4,yolo/labels/tatbikat_videolarindan/vid01_43_years_after_the_establishme/vid01_43_years_after_the_establishme_0085.txt,true,6197bf1fe530d3e6ad3889defa39d1c4d1d157102f493edd1012a013bd47e0f8
846,dilara.zip,66,67,tatbikat_videolarindan/vid01_43_years_after_the_establishme/vid01_43_years_after_the_establishme_0087.jpg,1920,1080,0,yolo/labels/tatbikat_videolarindan/vid01_43_years_after_the_establishme/vid01_43_years_after_the_establishme_0087.txt,true,6496c097437d0dfa7db9a044e06701bf1c198abc04c085a7e43a3c3bdc317b7f
847,dilara.zip,67,68,tatbikat_videolarindan/vid01_43_years_after_the_establishme/vid01_43_years_after_the_establishme_0090.jpg,1920,1080,0,yolo/labels/tatbikat_videolarindan/vid01_43_years_after_the_establishme/vid01_43_years_after_the_establishme_0090.txt,true,786f71de43e843031b49e57c3191afb2fdc50db4a647fdc80ac87424b3cd0a90
848,dilara.zip,68,69,tatbikat_videolarindan/vid02_mke_operation_exercise_turkish/vid02_mke_operation_exercise_turkish_0001.jpg,1920,1080,0,yolo/labels/tatbikat_videolarindan/vid02_mke_operation_exercise_turkish/vid02_mke_operation_exercise_turkish_0001.txt,true,7425a5727e6466525a4bcfa2f500a85afd7d7b4673270c0a4bd74ec1aeaf3245
849,dilara.zip,69,70,tatbikat_videolarindan/vid02_mke_operation_exercise_turkish/vid02_mke_operation_exercise_turkish_0002.jpg,1920,1080,0,yolo/labels/tatbikat_videolarindan/vid02_mke_operation_exercise_turkish/vid02_mke_operation_exercise_turkish_0002.txt,true,376b53f63224344105905fc736ad273bd380c2ae0ece723f5e87f49708b6e796
850,dilara.zip,70,71,tatbikat_videolarindan/vid02_mke_operation_exercise_turkish/vid02_mke_operation_exercise_turkish_0003.jpg,1920,1080,0,yolo/labels/tatbikat_videolarindan/vid02_mke_operation_exercise_turkish/vid02_mke_operation_exercise_turkish_0003.txt,true,9445c6ab1b2eebebb2cf47f1fb4347b3a09d3c8081d45dc8f6af2f46b2e56935
851,dilara.zip,71,72,tatbikat_videolarindan/vid02_mke_operation_exercise_turkish/vid02_mke_operation_exercise_turkish_0004.jpg,1920,1080,0,yolo/labels/tatbikat_videolarindan/vid02_mke_operation_exercise_turkish/vid02_mke_operation_exercise_turkish_0004.txt,true,7cb4d5ab97668a3921e62696ec397685a4fdc0f3295261e439aa7ea90c54fb15
852,dilara.zip,72,73,tatbikat_videolarindan/vid02_mke_operation_exercise_turkish/vid02_mke_operation_exercise_turkish_0005.jpg,1920,1080,0,yolo/labels/tatbikat_videolarindan/vid02_mke_operation_exercise_turkish/vid02_mke_operation_exercise_turkish_0005.txt,true,8d7eaadf848994ac5dc2c0d35a3acad72f5761954ad8eceb6e91773ad2d86543
853,dilara.zip,73,74,tatbikat_videolarindan/vid02_mke_operation_exercise_turkish/vid02_mke_operation_exercise_turkish_0006.jpg,1920,1080,0,yolo/labels/tatbikat_videolarindan/vid02_mke_operation_exercise_turkish/vid02_mke_operation_exercise_turkish_0006.txt,true,7a06059c9ad6910c604eb45487e13ff081fa4231a7f98cfe59ee341b39f34478
854,dilara.zip,74,75,tatbikat_videolarindan/vid02_mke_operation_exercise_turkish/vid02_mke_operation_exercise_turkish_0007.jpg,1920,1080,0,yolo/labels/tatbikat_videolarindan/vid02_mke_operation_exercise_turkish/vid02_mke_operation_exercise_turkish_0007.txt,true,7589624f051699c9040e05f8003e3e1f7d75ca3726973e0aaf699fb7bca2a56e
855,dilara.zip,75,76,tatbikat_videolarindan/vid02_mke_operation_exercise_turkish/vid02_mke_operation_exercise_turkish_0008.jpg,1920,1080,0,yolo/labels/tatbikat_videolarindan/vid02_mke_operation_exercise_turkish/vid02_mke_operation_exercise_turkish_0008.txt,true,37c89e356c4b5073c0522b565f9131554bfcc63eeaf3ddee6619ba4d2c42df4a
856,dilara.zip,76,77,tatbikat_videolarindan/vid02_mke_operation_exercise_turkish/vid02_mke_operation_exercise_turkish_0009.jpg,1920,1080,0,yolo/labels/tatbikat_videolarindan/vid02_mke_operation_exercise_turkish/vid02_mke_operation_exercise_turkish_0009.txt,true,565ff3ad5c0d5eb6f0aae71398db39f5897d94a9657feb32f796235bdfb4add1
857,dilara.zip,77,78,tatbikat_videolarindan/vid02_mke_operation_exercise_turkish/vid02_mke_operation_exercise_turkish_0010.jpg,1920,1080,0,yolo/labels/tatbikat_videolarindan/vid02_mke_operation_exercise_turkish/vid02_mke_operation_exercise_turkish_0010.txt,true,cc310645d39b7e6bc2788ae0806e123120c4aadfa3dacc09bce7d14619c22ef0
858,dilara.zip,78,79,tatbikat_videolarindan/vid02_mke_operation_exercise_turkish/vid02_mke_operation_exercise_turkish_0012.jpg,1920,1080,0,yolo/labels/tatbikat_videolarindan/vid02_mke_operation_exercise_turkish/vid02_mke_operation_exercise_turkish_0012.txt,true,1b2c1c5742535d2dfaabb1e4241984e51b957dff9cddda7d86d9a50950bd7c71
859,dilara.zip,79,80,tatbikat_videolarindan/vid02_mke_operation_exercise_turkish/vid02_mke_operation_exercise_turkish_0013.jpg,1920,1080,0,yolo/labels/tatbikat_videolarindan/vid02_mke_operation_exercise_turkish/vid02_mke_operation_exercise_turkish_0013.txt,true,c566c36324186c524204f50686f6615cf6c8b6005e0643435fd5a2afc2098af4
860,dilara.zip,80,81,tatbikat_videolarindan/vid02_mke_operation_exercise_turkish/vid02_mke_operation_exercise_turkish_0014.jpg,1920,1080,0,yolo/labels/tatbikat_videolarindan/vid02_mke_operation_exercise_turkish/vid02_mke_operation_exercise_turkish_0014.txt,true,3000d485e2356e9081abb6ad015aaf1ec5f0919fffb1ab48987d6b21b60a1f3c
861,dilara.zip,81,82,tatbikat_videolarindan/vid02_mke_operation_exercise_turkish/vid02_mke_operation_exercise_turkish_0015.jpg,1920,1080,0,yolo/labels/tatbikat_videolarindan/vid02_mke_operation_exercise_turkish/vid02_mke_operation_exercise_turkish_0015.txt,true,6eee5016ee4f51200fde37225fa4268fbf283f88a976c042f827806eed38a0c3
862,dilara.zip,82,83,tatbikat_videolarindan/vid02_mke_operation_exercise_turkish/vid02_mke_operation_exercise_turkish_0016.jpg,1920,1080,0,yolo/labels/tatbikat_videolarindan/vid02_mke_operation_exercise_turkish/vid02_mke_operation_exercise_turkish_0016.txt,true,ce995fbfc14f99fef2c53a7ce313c169fd8c2342794c582282a5d7a9412efa76
863,dilara.zip,83,84,tatbikat_videolarindan/vid02_mke_operation_exercise_turkish/vid02_mke_operation_exercise_turkish_0031.jpg,1920,1080,8,yolo/labels/tatbikat_videolarindan/vid02_mke_operation_exercise_turkish/vid02_mke_operation_exercise_turkish_0031.txt,true,2b79afb4670814aeb995f55165f0ab1aa714a61ba9e23d65868e6a893824bc89
864,dilara.zip,84,85,tatbikat_videolarindan/vid02_mke_operation_exercise_turkish/vid02_mke_operation_exercise_turkish_0032.jpg,1920,1080,7,yolo/labels/tatbikat_videolarindan/vid02_mke_operation_exercise_turkish/vid02_mke_operation_exercise_turkish_0032.txt,true,717a85c5b0ce06a991fdb352480bf56fc432c3a86439a4efd3c6cfcf891f23d5
865,dilara.zip,85,86,tatbikat_videolarindan/vid02_mke_operation_exercise_turkish/vid02_mke_operation_exercise_turkish_0033.jpg,1920,1080,6,yolo/labels/tatbikat_videolarindan/vid02_mke_operation_exercise_turkish/vid02_mke_operation_exercise_turkish_0033.txt,true,1148635fd14aa8adab9bdd2a7b28c5d44fb24e6ddfa22e39c9d4e42e30cf2741
866,dilara.zip,86,87,tatbikat_videolarindan/vid02_mke_operation_exercise_turkish/vid02_mke_operation_exercise_turkish_0034.jpg,1920,1080,2,yolo/labels/tatbikat_videolarindan/vid02_mke_operation_exercise_turkish/vid02_mke_operation_exercise_turkish_0034.txt,true,6bfceaea831e4640f97f7ab9e53ce58f850339bb2301807884b5808935dd8e4e
867,dilara.zip,87,88,tatbikat_videolarindan/vid02_mke_operation_exercise_turkish/vid02_mke_operation_exercise_turkish_0035.jpg,1920,1080,4,yolo/labels/tatbikat_videolarindan/vid02_mke_operation_exercise_turkish/vid02_mke_operation_exercise_turkish_0035.txt,true,6d554e056d8032db7533ffe7053c34f6d0d6cba7f1467593a88da6f360c6fe24
868,dilara.zip,88,89,tatbikat_videolarindan/vid02_mke_operation_exercise_turkish/vid02_mke_operation_exercise_turkish_0036.jpg,1920,1080,0,yolo/labels/tatbikat_videolarindan/vid02_mke_operation_exercise_turkish/vid02_mke_operation_exercise_turkish_0036.txt,true,e0f4422e7dbeadab4674180c3fdbd962fb66558041b409f935eb46c54e124666
869,dilara.zip,89,90,tatbikat_videolarindan/vid02_mke_operation_exercise_turkish/vid02_mke_operation_exercise_turkish_0037.jpg,1920,1080,0,yolo/labels/tatbikat_videolarindan/vid02_mke_operation_exercise_turkish/vid02_mke_operation_exercise_turkish_0037.txt,true,8addac9a7aac4fd1619fe553ec70c478eae27006bf3ef82ea1ec282793c9062e
870,dilara.zip,90,91,tatbikat_videolarindan/vid02_mke_operation_exercise_turkish/vid02_mke_operation_exercise_turkish_0038.jpg,1920,1080,0,yolo/labels/tatbikat_videolarindan/vid02_mke_operation_exercise_turkish/vid02_mke_operation_exercise_turkish_0038.txt,true,48b00ad7a11c37047a5924416ae65b74c348b6a21683275af9430ff03a6f8dba
871,dilara.zip,91,92,tatbikat_videolarindan/vid02_mke_operation_exercise_turkish/vid02_mke_operation_exercise_turkish_0039.jpg,1920,1080,0,yolo/labels/tatbikat_videolarindan/vid02_mke_operation_exercise_turkish/vid02_mke_operation_exercise_turkish_0039.txt,true,8c108a6cb3814e25f29fc82a4556f830f68a5876b7d393468e43d679201e515c
872,dilara.zip,92,93,tatbikat_videolarindan/vid02_mke_operation_exercise_turkish/vid02_mke_operation_exercise_turkish_0055.jpg,1920,1080,3,yolo/labels/tatbikat_videolarindan/vid02_mke_operation_exercise_turkish/vid02_mke_operation_exercise_turkish_0055.txt,true,4c272c3ba4610bab936e314aae2cde2bf49a3be28f739a101ccaaf909f7a9df5
873,dilara.zip,93,94,tatbikat_videolarindan/vid02_mke_operation_exercise_turkish/vid02_mke_operation_exercise_turkish_0056.jpg,1920,1080,7,yolo/labels/tatbikat_videolarindan/vid02_mke_operation_exercise_turkish/vid02_mke_operation_exercise_turkish_0056.txt,true,b1654398f7fc53b19b4a7b029fa6df27bdf12f00ea8ded584890f1c50dd5e29c
874,dilara.zip,94,95,tatbikat_videolarindan/vid02_mke_operation_exercise_turkish/vid02_mke_operation_exercise_turkish_0057.jpg,1920,1080,7,yolo/labels/tatbikat_videolarindan/vid02_mke_operation_exercise_turkish/vid02_mke_operation_exercise_turkish_0057.txt,true,0f2b1f000223a1ff5dd0959c6af61174b9c26714ceb09dff61d5571a5bdb20c5
875,dilara.zip,95,96,tatbikat_videolarindan/vid02_mke_operation_exercise_turkish/vid02_mke_operation_exercise_turkish_0058.jpg,1920,1080,4,yolo/labels/tatbikat_videolarindan/vid02_mke_operation_exercise_turkish/vid02_mke_operation_exercise_turkish_0058.txt,true,a3693003cdd57f16efb827c2fa7144c560b85bf968b4b9b86f9e995df7d9813c
876,dilara.zip,96,97,tatbikat_videolarindan/vid02_mke_operation_exercise_turkish/vid02_mke_operation_exercise_turkish_0059.jpg,1920,1080,4,yolo/labels/tatbikat_videolarindan/vid02_mke_operation_exercise_turkish/vid02_mke_operation_exercise_turkish_0059.txt,true,30126f36bdaa981d0da3b324f2325d805df36573f7f167fc3a48ba71744855c0
877,dilara.zip,97,98,tatbikat_videolarindan/vid02_mke_operation_exercise_turkish/vid02_mke_operation_exercise_turkish_0060.jpg,1920,1080,1,yolo/labels/tatbikat_videolarindan/vid02_mke_operation_exercise_turkish/vid02_mke_operation_exercise_turkish_0060.txt,true,32de00b141a78e45230e2a277fbff92222b37a082bfa58288dbd2b04629df7e0
878,dilara.zip,98,99,tatbikat_videolarindan/vid02_mke_operation_exercise_turkish/vid02_mke_operation_exercise_turkish_0061.jpg,1920,1080,4,yolo/labels/tatbikat_videolarindan/vid02_mke_operation_exercise_turkish/vid02_mke_operation_exercise_turkish_0061.txt,true,8271aaaf2e804a53bfc643d0a93e5718f27c6bccd7b23e0456619e34949d5dce
879,dilara.zip,99,100,tatbikat_videolarindan/vid02_mke_operation_exercise_turkish/vid02_mke_operation_exercise_turkish_0062.jpg,1920,1080,6,yolo/labels/tatbikat_videolarindan/vid02_mke_operation_exercise_turkish/vid02_mke_operation_exercise_turkish_0062.txt,true,1a8b57604c998c078427a291526ff38f3158eb64ce9e51f80d2b51412c152e0c
880,dilara.zip,100,101,tatbikat_videolarindan/vid02_mke_operation_exercise_turkish/vid02_mke_operation_exercise_turkish_0063.jpg,1920,1080,5,yolo/labels/tatbikat_videolarindan/vid02_mke_operation_exercise_turkish/vid02_mke_operation_exercise_turkish_0063.txt,true,472ddc8735a3097e8457d92bce5ebfb868b9f8b0ff8b218a6a40e779b8927728
881,dilara.zip,101,102,tatbikat_videolarindan/vid02_mke_operation_exercise_turkish/vid02_mke_operation_exercise_turkish_0064.jpg,1920,1080,3,yolo/labels/tatbikat_videolarindan/vid02_mke_operation_exercise_turkish/vid02_mke_operation_exercise_turkish_0064.txt,true,0ae72f6dfd355a2f557e378c2fa0bb2086620ad1722d4e5f1f65fe7c161d8530
882,dilara.zip,102,103,tatbikat_videolarindan/vid02_mke_operation_exercise_turkish/vid02_mke_operation_exercise_turkish_0065.jpg,1920,1080,2,yolo/labels/tatbikat_videolarindan/vid02_mke_operation_exercise_turkish/vid02_mke_operation_exercise_turkish_0065.txt,true,c87f6dcb715e541bd9bf7e3bb14c369e9ef71ca66a6e94ef963b9b6e228adeeb
883,dilara.zip,103,104,tatbikat_videolarindan/vid02_mke_operation_exercise_turkish/vid02_mke_operation_exercise_turkish_0066.jpg,1920,1080,1,yolo/labels/tatbikat_videolarindan/vid02_mke_operation_exercise_turkish/vid02_mke_operation_exercise_turkish_0066.txt,true,1dcc086d737f0d96863c1d4763914eca4cb688cdb99e76ef70a3c904dc611a85
884,dilara.zip,104,105,tatbikat_videolarindan/vid02_mke_operation_exercise_turkish/vid02_mke_operation_exercise_turkish_0067.jpg,1920,1080,2,yolo/labels/tatbikat_videolarindan/vid02_mke_operation_exercise_turkish/vid02_mke_operation_exercise_turkish_0067.txt,true,8abc4f17e703e9a1f24ee0d027b57c6948fd9fd22f606dbc91966b98ccfb340d
885,dilara.zip,105,106,tatbikat_videolarindan/vid02_mke_operation_exercise_turkish/vid02_mke_operation_exercise_turkish_0068.jpg,1920,1080,2,yolo/labels/tatbikat_videolarindan/vid02_mke_operation_exercise_turkish/vid02_mke_operation_exercise_turkish_0068.txt,true,4c5bbf7534a4d1fb6eb7c0786dc60a463cd0e1ad0855c4773e632d2aa3081eea
886,dilara.zip,106,107,tatbikat_videolarindan/vid02_mke_operation_exercise_turkish/vid02_mke_operation_exercise_turkish_0069.jpg,1920,1080,1,yolo/labels/tatbikat_videolarindan/vid02_mke_operation_exercise_turkish/vid02_mke_operation_exercise_turkish_0069.txt,true,fd5900064983bbed6574b476ccfc8561e70bc7869eecf14cb4c8b0ddaad7bc6a
887,dilara.zip,107,108,tatbikat_videolarindan/vid02_mke_operation_exercise_turkish/vid02_mke_operation_exercise_turkish_0070.jpg,1920,1080,1,yolo/labels/tatbikat_videolarindan/vid02_mke_operation_exercise_turkish/vid02_mke_operation_exercise_turkish_0070.txt,true,bb4b6bebdfe3855b03c26b26de57dbeb0141bdfdfdf6175dc11301bcb671aa12
888,dilara.zip,108,109,tatbikat_videolarindan/vid02_mke_operation_exercise_turkish/vid02_mke_operation_exercise_turkish_0071.jpg,1920,1080,3,yolo/labels/tatbikat_videolarindan/vid02_mke_operation_exercise_turkish/vid02_mke_operation_exercise_turkish_0071.txt,true,32cb280291dbd281c2bca37a8e4286725980e485ab5cb22541e9cb775af08e9a
889,dilara.zip,109,110,tatbikat_videolarindan/vid02_mke_operation_exercise_turkish/vid02_mke_operation_exercise_turkish_0072.jpg,1920,1080,2,yolo/labels/tatbikat_videolarindan/vid02_mke_operation_exercise_turkish/vid02_mke_operation_exercise_turkish_0072.txt,true,810fd9145a98138fb389d9a770e1b8b889524044a7e4a3406cfd3de47d9dca0d
890,dilara.zip,110,111,tatbikat_videolarindan/vid02_mke_operation_exercise_turkish/vid02_mke_operation_exercise_turkish_0073.jpg,1920,1080,2,yolo/labels/tatbikat_videolarindan/vid02_mke_operation_exercise_turkish/vid02_mke_operation_exercise_turkish_0073.txt,true,53bbbe62c27cda0e43e7c9e4de66e65612dcc14990ca4b30bccbf421acaf1ead
891,dilara.zip,111,112,tatbikat_videolarindan/vid02_mke_operation_exercise_turkish/vid02_mke_operation_exercise_turkish_0074.jpg,1920,1080,5,yolo/labels/tatbikat_videolarindan/vid02_mke_operation_exercise_turkish/vid02_mke_operation_exercise_turkish_0074.txt,true,9ba1fc73318464aa5919d1dc60ef98700b9b522b2fb7b0144cd816bd5612188d
892,dilara.zip,112,113,tatbikat_videolarindan/vid02_mke_operation_exercise_turkish/vid02_mke_operation_exercise_turkish_0075.jpg,1920,1080,1,yolo/labels/tatbikat_videolarindan/vid02_mke_operation_exercise_turkish/vid02_mke_operation_exercise_turkish_0075.txt,true,8124a0da6ade63993ba366be14d5089baebb784dd0ea1f40db65f87ccf1b875e
893,dilara.zip,113,114,tatbikat_videolarindan/vid02_mke_operation_exercise_turkish/vid02_mke_operation_exercise_turkish_0076.jpg,1920,1080,1,yolo/labels/tatbikat_videolarindan/vid02_mke_operation_exercise_turkish/vid02_mke_operation_exercise_turkish_0076.txt,true,486ed74193062896ecc1fa27d41847fe403bac1622ece07506de7e4d37ef253c
894,dilara.zip,114,115,tatbikat_videolarindan/vid02_mke_operation_exercise_turkish/vid02_mke_operation_exercise_turkish_0077.jpg,1920,1080,3,yolo/labels/tatbikat_videolarindan/vid02_mke_operation_exercise_turkish/vid02_mke_operation_exercise_turkish_0077.txt,true,ee386a807258cac8e9e7239f006d027ea03d477ffbdbabb84e517c1eb392ebc9
895,dilara.zip,115,116,tatbikat_videolarindan/vid02_mke_operation_exercise_turkish/vid02_mke_operation_exercise_turkish_0078.jpg,1920,1080,4,yolo/labels/tatbikat_videolarindan/vid02_mke_operation_exercise_turkish/vid02_mke_operation_exercise_turkish_0078.txt,true,7999fc5be902ee12523ceda59dc4be6562dc32811b05f44ced90413ee03f9390
896,dilara.zip,116,117,tatbikat_videolarindan/vid02_mke_operation_exercise_turkish/vid02_mke_operation_exercise_turkish_0079.jpg,1920,1080,4,yolo/labels/tatbikat_videolarindan/vid02_mke_operation_exercise_turkish/vid02_mke_operation_exercise_turkish_0079.txt,true,36befdb3d3340926bc9a376ee0fc0f95c270a85011a8a07a5e5a8131d31bc749
897,dilara.zip,117,118,tatbikat_videolarindan/vid02_mke_operation_exercise_turkish/vid02_mke_operation_exercise_turkish_0080.jpg,1920,1080,2,yolo/labels/tatbikat_videolarindan/vid02_mke_operation_exercise_turkish/vid02_mke_operation_exercise_turkish_0080.txt,true,accd479698ed107b3002dfe6bce50f009b5f564ca814ac63564292eeb8a2954a
898,dilara.zip,118,119,tatbikat_videolarindan/vid02_mke_operation_exercise_turkish/vid02_mke_operation_exercise_turkish_0081.jpg,1920,1080,2,yolo/labels/tatbikat_videolarindan/vid02_mke_operation_exercise_turkish/vid02_mke_operation_exercise_turkish_0081.txt,true,9822adc8befff4b3ed2e074afd799635d088d5c9b9313d0313fdb83b90b0a9c9
899,dilara.zip,119,120,tatbikat_videolarindan/vid02_mke_operation_exercise_turkish/vid02_mke_operation_exercise_turkish_0082.jpg,1920,1080,2,yolo/labels/tatbikat_videolarindan/vid02_mke_operation_exercise_turkish/vid02_mke_operation_exercise_turkish_0082.txt,true,b760647801f14825f07f3df5ce9310122499fedb33c3037c90e35bd010724623
900,dilara.zip,120,121,tatbikat_videolarindan/vid02_mke_operation_exercise_turkish/vid02_mke_operation_exercise_turkish_0083.jpg,1920,1080,5,yolo/labels/tatbikat_videolarindan/vid02_mke_operation_exercise_turkish/vid02_mke_operation_exercise_turkish_0083.txt,true,2c7008265ff018a4d6b26a6a2e3c63aa50f2162d6d566dcccfb4e836a1d365c6
901,dilara.zip,121,122,tatbikat_videolarindan/vid02_mke_operation_exercise_turkish/vid02_mke_operation_exercise_turkish_0084.jpg,1920,1080,6,yolo/labels/tatbikat_videolarindan/vid02_mke_operation_exercise_turkish/vid02_mke_operation_exercise_turkish_0084.txt,true,96105826e5eb2044e57409c7f8d64d56cab28871122929b198841e9205f16df5
902,dilara.zip,122,123,tatbikat_videolarindan/vid02_mke_operation_exercise_turkish/vid02_mke_operation_exercise_turkish_0085.jpg,1920,1080,4,yolo/labels/tatbikat_videolarindan/vid02_mke_operation_exercise_turkish/vid02_mke_operation_exercise_turkish_0085.txt,true,c2160a9345bf327215025f9e7587887348003d56574119859c0788b52a2f14c9
903,dilara.zip,123,124,tatbikat_videolarindan/vid02_mke_operation_exercise_turkish/vid02_mke_operation_exercise_turkish_0086.jpg,1920,1080,2,yolo/labels/tatbikat_videolarindan/vid02_mke_operation_exercise_turkish/vid02_mke_operation_exercise_turkish_0086.txt,true,b4b4b2e9ebf89d875b76651b3fe4953f1d65829a796e7c093c8544d029375b61
904,dilara.zip,124,125,tatbikat_videolarindan/vid02_mke_operation_exercise_turkish/vid02_mke_operation_exercise_turkish_0087.jpg,1920,1080,1,yolo/labels/tatbikat_videolarindan/vid02_mke_operation_exercise_turkish/vid02_mke_operation_exercise_turkish_0087.txt,true,e1a83a44bf1ab97b7763cc18803de0f2cfd75f2912dbb5a6fe8d5e9ec9e96d9d
905,dilara.zip,125,126,tatbikat_videolarindan/vid02_mke_operation_exercise_turkish/vid02_mke_operation_exercise_turkish_0088.jpg,1920,1080,1,yolo/labels/tatbikat_videolarindan/vid02_mke_operation_exercise_turkish/vid02_mke_operation_exercise_turkish_0088.txt,true,e98f66bde828b2bd485c8c8a4c80e2e7f4b90e61e952201bb6c87bdd629f391d
906,dilara.zip,126,127,tatbikat_videolarindan/vid02_mke_operation_exercise_turkish/vid02_mke_operation_exercise_turkish_0089.jpg,1920,1080,1,yolo/labels/tatbikat_videolarindan/vid02_mke_operation_exercise_turkish/vid02_mke_operation_exercise_turkish_0089.txt,true,5dc9c6ed030fadb102146b94a5bfbfc66d7fae8a9a59cff67b284108228c0917
907,dilara.zip,127,128,tatbikat_videolarindan/vid02_mke_operation_exercise_turkish/vid02_mke_operation_exercise_turkish_0090.jpg,1920,1080,1,yolo/labels/tatbikat_videolarindan/vid02_mke_operation_exercise_turkish/vid02_mke_operation_exercise_turkish_0090.txt,true,61868d7fef55aa58b43df394bfe8ea930b60b56a578a4a63982396b51926e7d0
908,dilara.zip,128,129,tatbikat_videolarindan/vid02_mke_operation_exercise_turkish/vid02_mke_operation_exercise_turkish_0091.jpg,1920,1080,1,yolo/labels/tatbikat_videolarindan/vid02_mke_operation_exercise_turkish/vid02_mke_operation_exercise_turkish_0091.txt,true,c8c33876a82f40f9112cc750b38b230a806d8fa006f30addf2e6c1148388f0d9
909,dilara.zip,129,130,tatbikat_videolarindan/vid02_mke_operation_exercise_turkish/vid02_mke_operation_exercise_turkish_0092.jpg,1920,1080,1,yolo/labels/tatbikat_videolarindan/vid02_mke_operation_exercise_turkish/vid02_mke_operation_exercise_turkish_0092.txt,true,5628507fa1936d94adcb7b729e6934589b67285080d755081befd8e6a6312250
910,dilara.zip,130,131,tatbikat_videolarindan/vid02_mke_operation_exercise_turkish/vid02_mke_operation_exercise_turkish_0093.jpg,1920,1080,2,yolo/labels/tatbikat_videolarindan/vid02_mke_operation_exercise_turkish/vid02_mke_operation_exercise_turkish_0093.txt,true,1c32bd5ae91048f613114ed847baf6c6d09a9fc97b270fccc44b55296a25ddc6
911,dilara.zip,131,132,tatbikat_videolarindan/vid02_mke_operation_exercise_turkish/vid02_mke_operation_exercise_turkish_0094.jpg,1920,1080,2,yolo/labels/tatbikat_videolarindan/vid02_mke_operation_exercise_turkish/vid02_mke_operation_exercise_turkish_0094.txt,true,d3d24f62a19f5f6655dba8cd6d6dbfa3c0ccaa9fb8356e00693d9660a3b0f5b3
912,dilara.zip,132,133,tatbikat_videolarindan/vid02_mke_operation_exercise_turkish/vid02_mke_operation_exercise_turkish_0095.jpg,1920,1080,3,yolo/labels/tatbikat_videolarindan/vid02_mke_operation_exercise_turkish/vid02_mke_operation_exercise_turkish_0095.txt,true,9b85993226ea4074dab44796ac1b13ae84f018fc66e52c49e956a5632675b15b
913,dilara.zip,133,134,tatbikat_videolarindan/vid02_mke_operation_exercise_turkish/vid02_mke_operation_exercise_turkish_0097.jpg,1920,1080,4,yolo/labels/tatbikat_videolarindan/vid02_mke_operation_exercise_turkish/vid02_mke_operation_exercise_turkish_0097.txt,true,987164f3c561f29e698ad48b390c51ee39ab0c2697739309818d76cc68dc9088
914,dilara.zip,134,135,tatbikat_videolarindan/vid02_mke_operation_exercise_turkish/vid02_mke_operation_exercise_turkish_0098.jpg,1920,1080,0,yolo/labels/tatbikat_videolarindan/vid02_mke_operation_exercise_turkish/vid02_mke_operation_exercise_turkish_0098.txt,true,38c35a908cd6cf69dab25267b5f8c95b1d37f082c414d3636dc995a5dc774ae1
915,dilara.zip,135,136,tatbikat_videolarindan/vid02_mke_operation_exercise_turkish/vid02_mke_operation_exercise_turkish_0099.jpg,1920,1080,0,yolo/labels/tatbikat_videolarindan/vid02_mke_operation_exercise_turkish/vid02_mke_operation_exercise_turkish_0099.txt,true,006eb16aa8c119ff7af4ce793637d301ea954d4e1be6904532c521223bd19f78
916,dilara.zip,136,137,tatbikat_videolarindan/vid02_mke_operation_exercise_turkish/vid02_mke_operation_exercise_turkish_0100.jpg,1920,1080,1,yolo/labels/tatbikat_videolarindan/vid02_mke_operation_exercise_turkish/vid02_mke_operation_exercise_turkish_0100.txt,true,bc74fd9b3bda8dbf7b8d8f90d0f5130daec28a1ad3fb9acb9fc2418ec1c18753
917,dilara.zip,137,138,tatbikat_videolarindan/vid02_mke_operation_exercise_turkish/vid02_mke_operation_exercise_turkish_0101.jpg,1920,1080,1,yolo/labels/tatbikat_videolarindan/vid02_mke_operation_exercise_turkish/vid02_mke_operation_exercise_turkish_0101.txt,true,750f604375f6373c6d6be663d76430d56cc49e79aa8ac54dda1d49c2cc1b4dac
918,dilara.zip,138,139,tatbikat_videolarindan/vid02_mke_operation_exercise_turkish/vid02_mke_operation_exercise_turkish_0102.jpg,1920,1080,1,yolo/labels/tatbikat_videolarindan/vid02_mke_operation_exercise_turkish/vid02_mke_operation_exercise_turkish_0102.txt,true,d83e114043ec991f950acb790251aace9b971bf0dc910845652e32cc283f5a44
919,dilara.zip,139,140,tatbikat_videolarindan/vid02_mke_operation_exercise_turkish/vid02_mke_operation_exercise_turkish_0103.jpg,1920,1080,3,yolo/labels/tatbikat_videolarindan/vid02_mke_operation_exercise_turkish/vid02_mke_operation_exercise_turkish_0103.txt,true,e5bda96dc8540399c4889d8ac41eecbd6946933ca905a4f5f932dcf157513979
920,dilara.zip,140,141,tatbikat_videolarindan/vid02_mke_operation_exercise_turkish/vid02_mke_operation_exercise_turkish_0104.jpg,1920,1080,1,yolo/labels/tatbikat_videolarindan/vid02_mke_operation_exercise_turkish/vid02_mke_operation_exercise_turkish_0104.txt,true,e8aa217c3601b6bfca874538bb682c4536c72ec87dc8ec60f67edb20f3982dc6
921,dilara.zip,141,142,tatbikat_videolarindan/vid02_mke_operation_exercise_turkish/vid02_mke_operation_exercise_turkish_0105.jpg,1920,1080,1,yolo/labels/tatbikat_videolarindan/vid02_mke_operation_exercise_turkish/vid02_mke_operation_exercise_turkish_0105.txt,true,72f6ad29b64d66fbff9030604a7258051a8f4cb8436f118605217c35d6aff601
922,dilara.zip,142,143,tatbikat_videolarindan/vid02_mke_operation_exercise_turkish/vid02_mke_operation_exercise_turkish_0106.jpg,1920,1080,1,yolo/labels/tatbikat_videolarindan/vid02_mke_operation_exercise_turkish/vid02_mke_operation_exercise_turkish_0106.txt,true,74581bf32b07d242b19a1bf223ce9da2ce963ece53f4add1308a0a19f13d4b5e
923,dilara.zip,143,144,tatbikat_videolarindan/vid02_mke_operation_exercise_turkish/vid02_mke_operation_exercise_turkish_0107.jpg,1920,1080,2,yolo/labels/tatbikat_videolarindan/vid02_mke_operation_exercise_turkish/vid02_mke_operation_exercise_turkish_0107.txt,true,67f4de77474dc9f303ba8a28c1b693a56b55e5f2abb7608d81f244029e099771
924,dilara.zip,144,145,tatbikat_videolarindan/vid02_mke_operation_exercise_turkish/vid02_mke_operation_exercise_turkish_0108.jpg,1920,1080,3,yolo/labels/tatbikat_videolarindan/vid02_mke_operation_exercise_turkish/vid02_mke_operation_exercise_turkish_0108.txt,true,8f9232eae5fe5494608e032de3f02580dcfae03027253276eca0da07010d7a21
925,dilara.zip,145,146,tatbikat_videolarindan/vid02_mke_operation_exercise_turkish/vid02_mke_operation_exercise_turkish_0109.jpg,1920,1080,7,yolo/labels/tatbikat_videolarindan/vid02_mke_operation_exercise_turkish/vid02_mke_operation_exercise_turkish_0109.txt,true,8ed20e819cca461023003a9258fabb8bbf0c9ec934d8aff8536d0d52bbe2fa7c
926,dilara.zip,146,147,tatbikat_videolarindan/vid02_mke_operation_exercise_turkish/vid02_mke_operation_exercise_turkish_0110.jpg,1920,1080,5,yolo/labels/tatbikat_videolarindan/vid02_mke_operation_exercise_turkish/vid02_mke_operation_exercise_turkish_0110.txt,true,df5fa22756ca2b310d447e60752ec938a20c79a0580fa9a0935c2284c72ad72c
927,dilara.zip,147,148,tatbikat_videolarindan/vid02_mke_operation_exercise_turkish/vid02_mke_operation_exercise_turkish_0112.jpg,1920,1080,2,yolo/labels/tatbikat_videolarindan/vid02_mke_operation_exercise_turkish/vid02_mke_operation_exercise_turkish_0112.txt,true,8b56138d98de9274f27dd7e78cdb62fc8748af34be70a9048015ad046d4b5781
928,dilara.zip,148,149,tatbikat_videolarindan/vid02_mke_operation_exercise_turkish/vid02_mke_operation_exercise_turkish_0113.jpg,1920,1080,1,yolo/labels/tatbikat_videolarindan/vid02_mke_operation_exercise_turkish/vid02_mke_operation_exercise_turkish_0113.txt,true,34753ed65666c0b7e7059a5c08ec021b3c1d106636f5a63d2efbd03261504eb6
929,dilara.zip,149,150,tatbikat_videolarindan/vid02_mke_operation_exercise_turkish/vid02_mke_operation_exercise_turkish_0114.jpg,1920,1080,1,yolo/labels/tatbikat_videolarindan/vid02_mke_operation_exercise_turkish/vid02_mke_operation_exercise_turkish_0114.txt,true,ae56d6d8a056e5edfc8b5aa38f707248c5bc829d5da72a6693ec7fb9c88e80ae
930,dilara.zip,150,151,tatbikat_videolarindan/vid02_mke_operation_exercise_turkish/vid02_mke_operation_exercise_turkish_0115.jpg,1920,1080,2,yolo/labels/tatbikat_videolarindan/vid02_mke_operation_exercise_turkish/vid02_mke_operation_exercise_turkish_0115.txt,true,658e0b0aa5ede30f085e72cf8004f22b05f0a44875d31b2667c1d0801a69350f
931,dilara.zip,151,152,tatbikat_videolarindan/vid02_mke_operation_exercise_turkish/vid02_mke_operation_exercise_turkish_0116.jpg,1920,1080,1,yolo/labels/tatbikat_videolarindan/vid02_mke_operation_exercise_turkish/vid02_mke_operation_exercise_turkish_0116.txt,true,005ef8fc3d08a41b76eb0512634535ca83b3747d9447362c8efb962eea713266
932,dilara.zip,152,153,tatbikat_videolarindan/vid02_mke_operation_exercise_turkish/vid02_mke_operation_exercise_turkish_0117.jpg,1920,1080,0,yolo/labels/tatbikat_videolarindan/vid02_mke_operation_exercise_turkish/vid02_mke_operation_exercise_turkish_0117.txt,true,f22de0df5ac903f3166df4a5e60e2a9aeaea0327297fbbcce298971b3679f850
933,dilara.zip,153,154,tatbikat_videolarindan/vid02_mke_operation_exercise_turkish/vid02_mke_operation_exercise_turkish_0118.jpg,1920,1080,1,yolo/labels/tatbikat_videolarindan/vid02_mke_operation_exercise_turkish/vid02_mke_operation_exercise_turkish_0118.txt,true,eab93994cf436b8eb7da89269a9ce52a4321765f25fc9f6ff4151c28a3b20fcf
934,dilara.zip,154,155,tatbikat_videolarindan/vid02_mke_operation_exercise_turkish/vid02_mke_operation_exercise_turkish_0119.jpg,1920,1080,1,yolo/labels/tatbikat_videolarindan/vid02_mke_operation_exercise_turkish/vid02_mke_operation_exercise_turkish_0119.txt,true,e185f7cfca54d8c551c319d26e383267b4276d58445b1cbfb5a7e90e0eadc1d5
935,dilara.zip,155,156,tatbikat_videolarindan/vid02_mke_operation_exercise_turkish/vid02_mke_operation_exercise_turkish_0120.jpg,1920,1080,2,yolo/labels/tatbikat_videolarindan/vid02_mke_operation_exercise_turkish/vid02_mke_operation_exercise_turkish_0120.txt,true,18004549ce6a1c42dfb8a5b21e31418c527615e8077d7abde308807ce14137cb
936,dilara.zip,156,157,tatbikat_videolarindan/vid02_mke_operation_exercise_turkish/vid02_mke_operation_exercise_turkish_0121.jpg,1920,1080,2,yolo/labels/tatbikat_videolarindan/vid02_mke_operation_exercise_turkish/vid02_mke_operation_exercise_turkish_0121.txt,true,edf695c230ac809022d48be16a142db948aabe7a53347eac1f4cb4deb05eb8d2
937,dilara.zip,157,158,tatbikat_videolarindan/vid02_mke_operation_exercise_turkish/vid02_mke_operation_exercise_turkish_0122.jpg,1920,1080,2,yolo/labels/tatbikat_videolarindan/vid02_mke_operation_exercise_turkish/vid02_mke_operation_exercise_turkish_0122.txt,true,e5c12e668f184ae7c5b291a67e2762fc50d899562d7dc58869572a1da17bbe2b
938,dilara.zip,158,159,tatbikat_videolarindan/vid02_mke_operation_exercise_turkish/vid02_mke_operation_exercise_turkish_0123.jpg,1920,1080,3,yolo/labels/tatbikat_videolarindan/vid02_mke_operation_exercise_turkish/vid02_mke_operation_exercise_turkish_0123.txt,true,8fc629d43a6abd33dd4eb3440860edfd1ddd07223b4a7d86b4e85d3f9230cc89
939,dilara.zip,159,160,tatbikat_videolarindan/vid02_mke_operation_exercise_turkish/vid02_mke_operation_exercise_turkish_0125.jpg,1920,1080,6,yolo/labels/tatbikat_videolarindan/vid02_mke_operation_exercise_turkish/vid02_mke_operation_exercise_turkish_0125.txt,true,ef1be844bcd5bb2130a9476fc3c6d0e2b2106d1da0993d31a12f4110d0910648
940,dilara.zip,160,161,tatbikat_videolarindan/vid02_mke_operation_exercise_turkish/vid02_mke_operation_exercise_turkish_0126.jpg,1920,1080,6,yolo/labels/tatbikat_videolarindan/vid02_mke_operation_exercise_turkish/vid02_mke_operation_exercise_turkish_0126.txt,true,d0366c9d82549acce7e3f5eb2987a66329d214c719c91f34beee5fe2a034b367
941,dilara.zip,161,162,tatbikat_videolarindan/vid02_mke_operation_exercise_turkish/vid02_mke_operation_exercise_turkish_0127.jpg,1920,1080,7,yolo/labels/tatbikat_videolarindan/vid02_mke_operation_exercise_turkish/vid02_mke_operation_exercise_turkish_0127.txt,true,655b8954958b17166f820200ebb9cfa476f682b2f05154393506c17238c78a55
942,dilara.zip,162,163,tatbikat_videolarindan/vid02_mke_operation_exercise_turkish/vid02_mke_operation_exercise_turkish_0128.jpg,1920,1080,6,yolo/labels/tatbikat_videolarindan/vid02_mke_operation_exercise_turkish/vid02_mke_operation_exercise_turkish_0128.txt,true,5894483725cc4deebfa4dc4fa1eb6b088d5dc2ecab682c06d21e718b49712e7b
943,dilara.zip,163,164,tatbikat_videolarindan/vid02_mke_operation_exercise_turkish/vid02_mke_operation_exercise_turkish_0129.jpg,1920,1080,5,yolo/labels/tatbikat_videolarindan/vid02_mke_operation_exercise_turkish/vid02_mke_operation_exercise_turkish_0129.txt,true,54c995f0882cbbe916b14bc9c7b13242c492ba7e339bb0690fdd22e4adb6fbdb
944,dilara.zip,164,165,tatbikat_videolarindan/vid02_mke_operation_exercise_turkish/vid02_mke_operation_exercise_turkish_0131.jpg,1920,1080,5,yolo/labels/tatbikat_videolarindan/vid02_mke_operation_exercise_turkish/vid02_mke_operation_exercise_turkish_0131.txt,true,8ca69c72d99bcd274816c81cb9eef819c6ae5d541cdaeccec5ffd0e014539737
945,dilara.zip,165,166,tatbikat_videolarindan/vid02_mke_operation_exercise_turkish/vid02_mke_operation_exercise_turkish_0132.jpg,1920,1080,7,yolo/labels/tatbikat_videolarindan/vid02_mke_operation_exercise_turkish/vid02_mke_operation_exercise_turkish_0132.txt,true,aa0133cbe261955dbf21bbd884fc630de33095a73b3145d00bc08f6736465eb0
946,dilara.zip,166,167,tatbikat_videolarindan/vid02_mke_operation_exercise_turkish/vid02_mke_operation_exercise_turkish_0133.jpg,1920,1080,8,yolo/labels/tatbikat_videolarindan/vid02_mke_operation_exercise_turkish/vid02_mke_operation_exercise_turkish_0133.txt,true,bc0df0f751e87eb8be38ed089d9ea74983c82f08b46fd637081e1b6a72f6c68c
947,dilara.zip,167,168,tatbikat_videolarindan/vid02_mke_operation_exercise_turkish/vid02_mke_operation_exercise_turkish_0134.jpg,1920,1080,5,yolo/labels/tatbikat_videolarindan/vid02_mke_operation_exercise_turkish/vid02_mke_operation_exercise_turkish_0134.txt,true,834cbc36724760a71e01ab671e6b7ab2fc315a5e3e0a0ed4fe252bf776e0202d
948,dilara.zip,168,169,tatbikat_videolarindan/vid02_mke_operation_exercise_turkish/vid02_mke_operation_exercise_turkish_0135.jpg,1920,1080,1,yolo/labels/tatbikat_videolarindan/vid02_mke_operation_exercise_turkish/vid02_mke_operation_exercise_turkish_0135.txt,true,f3b9da640d6f4b0c9a1a977d4541eccca774a4f0bbd0854663c9bf6e3e3d5299
949,dilara.zip,169,170,tatbikat_videolarindan/vid02_mke_operation_exercise_turkish/vid02_mke_operation_exercise_turkish_0136.jpg,1920,1080,1,yolo/labels/tatbikat_videolarindan/vid02_mke_operation_exercise_turkish/vid02_mke_operation_exercise_turkish_0136.txt,true,cfd1b319511181a018cbdd8d7069f8bd24c9e3a19279675c6ec1f03620f9a441
950,dilara.zip,170,171,tatbikat_videolarindan/vid02_mke_operation_exercise_turkish/vid02_mke_operation_exercise_turkish_0137.jpg,1920,1080,2,yolo/labels/tatbikat_videolarindan/vid02_mke_operation_exercise_turkish/vid02_mke_operation_exercise_turkish_0137.txt,true,6d42400b56056b002b4bfb135ad5af4406aedcf36abf367b5ed87b212c5487f1
951,dilara.zip,171,172,tatbikat_videolarindan/vid02_mke_operation_exercise_turkish/vid02_mke_operation_exercise_turkish_0138.jpg,1920,1080,1,yolo/labels/tatbikat_videolarindan/vid02_mke_operation_exercise_turkish/vid02_mke_operation_exercise_turkish_0138.txt,true,433cc53ce64075545cee2f10e5d949c4a6fc45ecee7f1a0e7909cec490300e09
952,dilara.zip,172,173,tatbikat_videolarindan/vid02_mke_operation_exercise_turkish/vid02_mke_operation_exercise_turkish_0139.jpg,1920,1080,3,yolo/labels/tatbikat_videolarindan/vid02_mke_operation_exercise_turkish/vid02_mke_operation_exercise_turkish_0139.txt,true,f9f8811961378ea435972c7989f7aede6dacc108d2f746e573263044aaf2167b
953,dilara.zip,173,174,tatbikat_videolarindan/vid02_mke_operation_exercise_turkish/vid02_mke_operation_exercise_turkish_0140.jpg,1920,1080,2,yolo/labels/tatbikat_videolarindan/vid02_mke_operation_exercise_turkish/vid02_mke_operation_exercise_turkish_0140.txt,true,1651a9caa9953e6c7743a40571cebeade3bb04e78a35a56ad44429bdc7eeb1ea
954,dilara.zip,174,175,tatbikat_videolarindan/vid02_mke_operation_exercise_turkish/vid02_mke_operation_exercise_turkish_0141.jpg,1920,1080,1,yolo/labels/tatbikat_videolarindan/vid02_mke_operation_exercise_turkish/vid02_mke_operation_exercise_turkish_0141.txt,true,3b9b8a482236b889f768898ccbbf9cae703b6fdc30591a65c4e7cd137bdab642
955,dilara.zip,175,176,tatbikat_videolarindan/vid02_mke_operation_exercise_turkish/vid02_mke_operation_exercise_turkish_0142.jpg,1920,1080,3,yolo/labels/tatbikat_videolarindan/vid02_mke_operation_exercise_turkish/vid02_mke_operation_exercise_turkish_0142.txt,true,9263b386c530061b4f1085b0b3125a57bcf954d383c8cac4d164f847b6885ac0
956,dilara.zip,176,177,tatbikat_videolarindan/vid02_mke_operation_exercise_turkish/vid02_mke_operation_exercise_turkish_0143.jpg,1920,1080,3,yolo/labels/tatbikat_videolarindan/vid02_mke_operation_exercise_turkish/vid02_mke_operation_exercise_turkish_0143.txt,true,7bcb6e7a077202fffbcd75755b58618f24f177e2733a0ae91b8851175de75bb1
957,dilara.zip,177,178,tatbikat_videolarindan/vid02_mke_operation_exercise_turkish/vid02_mke_operation_exercise_turkish_0144.jpg,1920,1080,3,yolo/labels/tatbikat_videolarindan/vid02_mke_operation_exercise_turkish/vid02_mke_operation_exercise_turkish_0144.txt,true,52518eb1359bc67db7f4ea23b1006ba39f48672e25f042f1ae30ab8903faad6a
958,dilara.zip,178,179,tatbikat_videolarindan/vid02_mke_operation_exercise_turkish/vid02_mke_operation_exercise_turkish_0145.jpg,1920,1080,2,yolo/labels/tatbikat_videolarindan/vid02_mke_operation_exercise_turkish/vid02_mke_operation_exercise_turkish_0145.txt,true,2719b5adf3c4f38ad561166bbecc0173fe0091b3ddceda1b92169cd0f2a48d1d
959,dilara.zip,179,180,tatbikat_videolarindan/vid02_mke_operation_exercise_turkish/vid02_mke_operation_exercise_turkish_0146.jpg,1920,1080,2,yolo/labels/tatbikat_videolarindan/vid02_mke_operation_exercise_turkish/vid02_mke_operation_exercise_turkish_0146.txt,true,6b605e73a44677c6dd74631c099d8323cf8e6b82c570b29a5406c170b08270fb
960,dilara.zip,180,181,tatbikat_videolarindan/vid02_mke_operation_exercise_turkish/vid02_mke_operation_exercise_turkish_0147.jpg,1920,1080,2,yolo/labels/tatbikat_videolarindan/vid02_mke_operation_exercise_turkish/vid02_mke_operation_exercise_turkish_0147.txt,true,95308b50c2ac47e24315a0a8477da8c39eb9da79824fe794f3ec4dd0c5340f93
961,dilara.zip,181,182,tatbikat_videolarindan/vid02_mke_operation_exercise_turkish/vid02_mke_operation_exercise_turkish_0148.jpg,1920,1080,2,yolo/labels/tatbikat_videolarindan/vid02_mke_operation_exercise_turkish/vid02_mke_operation_exercise_turkish_0148.txt,true,fdc204ca24704883dd2f96d1689ae9029f7c90ca89395e17f0c3cd4fc47e50b1
962,dilara.zip,182,183,tatbikat_videolarindan/vid02_mke_operation_exercise_turkish/vid02_mke_operation_exercise_turkish_0149.jpg,1920,1080,2,yolo/labels/tatbikat_videolarindan/vid02_mke_operation_exercise_turkish/vid02_mke_operation_exercise_turkish_0149.txt,true,11df7f2a62d140047ac4a880de2948eaf6a3372da8082424ed6f7cca60ff9596
963,dilara.zip,183,184,tatbikat_videolarindan/vid02_mke_operation_exercise_turkish/vid02_mke_operation_exercise_turkish_0150.jpg,1920,1080,2,yolo/labels/tatbikat_videolarindan/vid02_mke_operation_exercise_turkish/vid02_mke_operation_exercise_turkish_0150.txt,true,83bc28c35ae3c46d3ef5b054ffeb5f720ed77e7429614b6a27a54b50f46e842a
964,dilara.zip,184,185,tatbikat_videolarindan/vid02_mke_operation_exercise_turkish/vid02_mke_operation_exercise_turkish_0152.jpg,1920,1080,6,yolo/labels/tatbikat_videolarindan/vid02_mke_operation_exercise_turkish/vid02_mke_operation_exercise_turkish_0152.txt,true,111d7823fd54d69c5ff8d47c696ecfe2a033fd7e4abfcb3fae469c57de39e840
965,dilara.zip,185,186,tatbikat_videolarindan/vid02_mke_operation_exercise_turkish/vid02_mke_operation_exercise_turkish_0153.jpg,1920,1080,2,yolo/labels/tatbikat_videolarindan/vid02_mke_operation_exercise_turkish/vid02_mke_operation_exercise_turkish_0153.txt,true,a3f9d0bdc35baa2832fbfb07edc911c067f0fc8a11798ff5e6d79e3807c94639
966,dilara.zip,186,187,tatbikat_videolarindan/vid02_mke_operation_exercise_turkish/vid02_mke_operation_exercise_turkish_0156.jpg,1920,1080,2,yolo/labels/tatbikat_videolarindan/vid02_mke_operation_exercise_turkish/vid02_mke_operation_exercise_turkish_0156.txt,true,d1b3b05a26f3d2ad963a9fc67944598aa08c7269e96b52945bc1f3ed9a16fdc6
967,dilara.zip,187,188,tatbikat_videolarindan/vid02_mke_operation_exercise_turkish/vid02_mke_operation_exercise_turkish_0159.jpg,1920,1080,2,yolo/labels/tatbikat_videolarindan/vid02_mke_operation_exercise_turkish/vid02_mke_operation_exercise_turkish_0159.txt,true,10de3961c829319cb42aaec0c4d2d78e045a37ab4ddf415eb661e8329e2d6e33
968,dilara.zip,188,189,tatbikat_videolarindan/vid02_mke_operation_exercise_turkish/vid02_mke_operation_exercise_turkish_0160.jpg,1920,1080,1,yolo/labels/tatbikat_videolarindan/vid02_mke_operation_exercise_turkish/vid02_mke_operation_exercise_turkish_0160.txt,true,5de45034d023990be314f00d21a0ecf7291fab525135122f675cf0d25cd4aad8
969,dilara.zip,189,190,tatbikat_videolarindan/vid02_mke_operation_exercise_turkish/vid02_mke_operation_exercise_turkish_0161.jpg,1920,1080,2,yolo/labels/tatbikat_videolarindan/vid02_mke_operation_exercise_turkish/vid02_mke_operation_exercise_turkish_0161.txt,true,e4a5baac98cc6e11dac8c311420fa49dbfe30d2bf405e8b08a210d4c3a6b7108
970,dilara.zip,190,191,tatbikat_videolarindan/vid02_mke_operation_exercise_turkish/vid02_mke_operation_exercise_turkish_0162.jpg,1920,1080,1,yolo/labels/tatbikat_videolarindan/vid02_mke_operation_exercise_turkish/vid02_mke_operation_exercise_turkish_0162.txt,true,44be51624ccbaf5af8527610fb62fc7b780dd067c11a5f3398518f3d70c45cef
971,dilara.zip,191,192,tatbikat_videolarindan/vid02_mke_operation_exercise_turkish/vid02_mke_operation_exercise_turkish_0163.jpg,1920,1080,2,yolo/labels/tatbikat_videolarindan/vid02_mke_operation_exercise_turkish/vid02_mke_operation_exercise_turkish_0163.txt,true,8499741d126c1b65e9a9c17330113331af2829545798fd0d5f14f70b0791dedc
972,dilara.zip,192,193,tatbikat_videolarindan/vid02_mke_operation_exercise_turkish/vid02_mke_operation_exercise_turkish_0164.jpg,1920,1080,2,yolo/labels/tatbikat_videolarindan/vid02_mke_operation_exercise_turkish/vid02_mke_operation_exercise_turkish_0164.txt,true,3f0ffbe6d7974112c897dcb96c15fba82a88ba2d16a54e1348118fe11038b4fa
973,dilara.zip,193,194,tatbikat_videolarindan/vid02_mke_operation_exercise_turkish/vid02_mke_operation_exercise_turkish_0165.jpg,1920,1080,2,yolo/labels/tatbikat_videolarindan/vid02_mke_operation_exercise_turkish/vid02_mke_operation_exercise_turkish_0165.txt,true,1687afcab5cd0f399147842dd34d00c08ca72da3c337c99391af5eee59ff55fd
974,dilara.zip,194,195,tatbikat_videolarindan/vid02_mke_operation_exercise_turkish/vid02_mke_operation_exercise_turkish_0166.jpg,1920,1080,0,yolo/labels/tatbikat_videolarindan/vid02_mke_operation_exercise_turkish/vid02_mke_operation_exercise_turkish_0166.txt,true,0b23485b6e914947284f41bc3dcdefac310b20f4c4e87c2a1f4a77d785fb57b6
975,dilara.zip,195,196,tatbikat_videolarindan/vid02_mke_operation_exercise_turkish/vid02_mke_operation_exercise_turkish_0167.jpg,1920,1080,3,yolo/labels/tatbikat_videolarindan/vid02_mke_operation_exercise_turkish/vid02_mke_operation_exercise_turkish_0167.txt,true,cdc057a111ff169a096975c9b8854732c4d4899af4fb2678e17bd515b0c4355d
976,dilara.zip,196,197,tatbikat_videolarindan/vid02_mke_operation_exercise_turkish/vid02_mke_operation_exercise_turkish_0168.jpg,1920,1080,3,yolo/labels/tatbikat_videolarindan/vid02_mke_operation_exercise_turkish/vid02_mke_operation_exercise_turkish_0168.txt,true,307c2f12627c219d2a579dd6d3d51caab1ca8c5f84de6789bf7b30c161c1e7e7
977,dilara.zip,197,198,tatbikat_videolarindan/vid02_mke_operation_exercise_turkish/vid02_mke_operation_exercise_turkish_0169.jpg,1920,1080,1,yolo/labels/tatbikat_videolarindan/vid02_mke_operation_exercise_turkish/vid02_mke_operation_exercise_turkish_0169.txt,true,a023bfd712333399ac588373d3b81a011095a0c4ed476602384cc02d7604279c
978,dilara.zip,198,199,tatbikat_videolarindan/vid02_mke_operation_exercise_turkish/vid02_mke_operation_exercise_turkish_0170.jpg,1920,1080,1,yolo/labels/tatbikat_videolarindan/vid02_mke_operation_exercise_turkish/vid02_mke_operation_exercise_turkish_0170.txt,true,e91147424ed638d39a24b8308979278ae8166adeb8f08d99e8f182d84e1d0170
979,dilara.zip,199,200,tatbikat_videolarindan/vid02_mke_operation_exercise_turkish/vid02_mke_operation_exercise_turkish_0171.jpg,1920,1080,1,yolo/labels/tatbikat_videolarindan/vid02_mke_operation_exercise_turkish/vid02_mke_operation_exercise_turkish_0171.txt,true,593ccfd08a6e7e81fd1aff97de8c957c4b3b572ce9634456f4d6796d461fe72a
980,dilara.zip,200,201,tatbikat_videolarindan/vid02_mke_operation_exercise_turkish/vid02_mke_operation_exercise_turkish_0172.jpg,1920,1080,1,yolo/labels/tatbikat_videolarindan/vid02_mke_operation_exercise_turkish/vid02_mke_operation_exercise_turkish_0172.txt,true,42916068c038400dc68c914ca50430773c18493d73dd7f20148d4873534cdf46
981,dilara.zip,201,202,tatbikat_videolarindan/vid02_mke_operation_exercise_turkish/vid02_mke_operation_exercise_turkish_0173.jpg,1920,1080,1,yolo/labels/tatbikat_videolarindan/vid02_mke_operation_exercise_turkish/vid02_mke_operation_exercise_turkish_0173.txt,true,c0b0e2b7416fe2f1c599d2e145c47928d1d5be9a2f68992621c22d83a88223cc
982,dilara.zip,202,203,tatbikat_videolarindan/vid02_mke_operation_exercise_turkish/vid02_mke_operation_exercise_turkish_0174.jpg,1920,1080,0,yolo/labels/tatbikat_videolarindan/vid02_mke_operation_exercise_turkish/vid02_mke_operation_exercise_turkish_0174.txt,true,715ffe343d3c273382c743afd1370f97b25fcb7b14cf5bd4a4774674149e22b7
983,dilara.zip,203,204,tatbikat_videolarindan/vid02_mke_operation_exercise_turkish/vid02_mke_operation_exercise_turkish_0175.jpg,1920,1080,1,yolo/labels/tatbikat_videolarindan/vid02_mke_operation_exercise_turkish/vid02_mke_operation_exercise_turkish_0175.txt,true,c0646d2429efe7586125774b70673ee42b38893021b8cd45456e9751bae9c46e
984,dilara.zip,204,205,tatbikat_videolarindan/vid02_mke_operation_exercise_turkish/vid02_mke_operation_exercise_turkish_0182.jpg,1920,1080,0,yolo/labels/tatbikat_videolarindan/vid02_mke_operation_exercise_turkish/vid02_mke_operation_exercise_turkish_0182.txt,true,fe9f8c18e9a7941b7c7ef110c1ebe72a85dbb9513685c740e952d1f8aea378cc
985,dilara.zip,205,206,tatbikat_videolarindan/vid02_mke_operation_exercise_turkish/vid02_mke_operation_exercise_turkish_0184.jpg,1920,1080,0,yolo/labels/tatbikat_videolarindan/vid02_mke_operation_exercise_turkish/vid02_mke_operation_exercise_turkish_0184.txt,true,b92a354b647489493eefc378bd90daa1d57eabb95bacdd2e3b820e4e12c1b524
986,dilara.zip,206,207,tatbikat_videolarindan/vid02_mke_operation_exercise_turkish/vid02_mke_operation_exercise_turkish_0187.jpg,1920,1080,2,yolo/labels/tatbikat_videolarindan/vid02_mke_operation_exercise_turkish/vid02_mke_operation_exercise_turkish_0187.txt,true,99219efc2b590f968dcbb08cd792913fd096b98fe16011c17c9ca08227af8f01
987,dilara.zip,207,208,tatbikat_videolarindan/vid02_mke_operation_exercise_turkish/vid02_mke_operation_exercise_turkish_0188.jpg,1920,1080,2,yolo/labels/tatbikat_videolarindan/vid02_mke_operation_exercise_turkish/vid02_mke_operation_exercise_turkish_0188.txt,true,0a4125415b04bc16a06f196043fd671002dc470e1ffdc8a33ccec4045f7f5c4b
988,dilara.zip,208,209,tatbikat_videolarindan/vid02_mke_operation_exercise_turkish/vid02_mke_operation_exercise_turkish_0189.jpg,1920,1080,2,yolo/labels/tatbikat_videolarindan/vid02_mke_operation_exercise_turkish/vid02_mke_operation_exercise_turkish_0189.txt,true,b693764c2d26f1b376ae3115e4687b9d426c37db5d09d4a6796caa605bc739b9
989,dilara.zip,209,210,tatbikat_videolarindan/vid02_mke_operation_exercise_turkish/vid02_mke_operation_exercise_turkish_0190.jpg,1920,1080,2,yolo/labels/tatbikat_videolarindan/vid02_mke_operation_exercise_turkish/vid02_mke_operation_exercise_turkish_0190.txt,true,b79cc964680190a09b4aa96b0dcfe9cc840b579729cae5efd60869259d3b52c5
990,dilara.zip,210,211,tatbikat_videolarindan/vid02_mke_operation_exercise_turkish/vid02_mke_operation_exercise_turkish_0193.jpg,1920,1080,2,yolo/labels/tatbikat_videolarindan/vid02_mke_operation_exercise_turkish/vid02_mke_operation_exercise_turkish_0193.txt,true,d7543157eefd52f0cb19b5fa7e336e9a0638806ee3f6c5967008c787220512e9
991,dilara.zip,211,212,tatbikat_videolarindan/vid02_mke_operation_exercise_turkish/vid02_mke_operation_exercise_turkish_0194.jpg,1920,1080,2,yolo/labels/tatbikat_videolarindan/vid02_mke_operation_exercise_turkish/vid02_mke_operation_exercise_turkish_0194.txt,true,68039ab03262d5dba8ddb94c2839f49d57e9abcf72a54d2806fb4e4abea5be9a
992,dilara.zip,212,213,tatbikat_videolarindan/vid02_mke_operation_exercise_turkish/vid02_mke_operation_exercise_turkish_0195.jpg,1920,1080,2,yolo/labels/tatbikat_videolarindan/vid02_mke_operation_exercise_turkish/vid02_mke_operation_exercise_turkish_0195.txt,true,7ec71acf8aa43f2acd319b2aa63f26942f741331507171bc3735fd95925f6766
993,dilara.zip,213,214,tatbikat_videolarindan/vid02_mke_operation_exercise_turkish/vid02_mke_operation_exercise_turkish_0196.jpg,1920,1080,2,yolo/labels/tatbikat_videolarindan/vid02_mke_operation_exercise_turkish/vid02_mke_operation_exercise_turkish_0196.txt,true,90c1713ccdb5ccce1bf90ebbfcb604c85d60800dec1e36c40d11b9166a3bfba3
994,dilara.zip,214,215,tatbikat_videolarindan/vid02_mke_operation_exercise_turkish/vid02_mke_operation_exercise_turkish_0197.jpg,1920,1080,2,yolo/labels/tatbikat_videolarindan/vid02_mke_operation_exercise_turkish/vid02_mke_operation_exercise_turkish_0197.txt,true,49550821a69073cbeae19750fc40cc29af15437449738e26ab97de4eec7574fd
995,dilara.zip,215,216,tatbikat_videolarindan/vid02_mke_operation_exercise_turkish/vid02_mke_operation_exercise_turkish_0198.jpg,1920,1080,1,yolo/labels/tatbikat_videolarindan/vid02_mke_operation_exercise_turkish/vid02_mke_operation_exercise_turkish_0198.txt,true,2660abd6208d5adfcdb8318291feaf0a4e3eba2e0f9d88e182a586aa4aa380e6
996,dilara.zip,216,217,tatbikat_videolarindan/vid02_mke_operation_exercise_turkish/vid02_mke_operation_exercise_turkish_0199.jpg,1920,1080,1,yolo/labels/tatbikat_videolarindan/vid02_mke_operation_exercise_turkish/vid02_mke_operation_exercise_turkish_0199.txt,true,13568c59173a8a7311431ec15db3dc7fdf6f3437e2eacd8d67dc82d550685d22
997,dilara.zip,217,218,tatbikat_videolarindan/vid02_mke_operation_exercise_turkish/vid02_mke_operation_exercise_turkish_0200.jpg,1920,1080,1,yolo/labels/tatbikat_videolarindan/vid02_mke_operation_exercise_turkish/vid02_mke_operation_exercise_turkish_0200.txt,true,5bf6560ba1f0bd02e018bbb41e758a57f54e71b966fbea7ebe6c3a0dd81b88d1
998,dilara.zip,218,219,tatbikat_videolarindan/vid02_mke_operation_exercise_turkish/vid02_mke_operation_exercise_turkish_0201.jpg,1920,1080,1,yolo/labels/tatbikat_videolarindan/vid02_mke_operation_exercise_turkish/vid02_mke_operation_exercise_turkish_0201.txt,true,1414673c8335930020e8ac0e4254a90469b3a24a3cb0705e3ed916e7b82315fd
999,dilara.zip,219,220,tatbikat_videolarindan/vid02_mke_operation_exercise_turkish/vid02_mke_operation_exercise_turkish_0211.jpg,1920,1080,1,yolo/labels/tatbikat_videolarindan/vid02_mke_operation_exercise_turkish/vid02_mke_operation_exercise_turkish_0211.txt,true,e68560542df07c2f0560d0a413b7b559054bb8e51e2c9cfe48586378e70689c3
1000,dilara.zip,220,221,tatbikat_videolarindan/vid02_mke_operation_exercise_turkish/vid02_mke_operation_exercise_turkish_0213.jpg,1920,1080,1,yolo/labels/tatbikat_videolarindan/vid02_mke_operation_exercise_turkish/vid02_mke_operation_exercise_turkish_0213.txt,true,bddcc3f63b53509b14fafedb1e7bd6eeeba1624206aae31f3f8a7b31d9a13097
1001,dilara.zip,221,222,tatbikat_videolarindan/vid02_mke_operation_exercise_turkish/vid02_mke_operation_exercise_turkish_0217.jpg,1920,1080,2,yolo/labels/tatbikat_videolarindan/vid02_mke_operation_exercise_turkish/vid02_mke_operation_exercise_turkish_0217.txt,true,68e666d13c2b1c4363eaba8df30163b887d36a0c05aaa858d0736b959b416d41
1002,dilara.zip,222,223,tatbikat_videolarindan/vid02_mke_operation_exercise_turkish/vid02_mke_operation_exercise_turkish_0218.jpg,1920,1080,2,yolo/labels/tatbikat_videolarindan/vid02_mke_operation_exercise_turkish/vid02_mke_operation_exercise_turkish_0218.txt,true,e39b76e9d939ef34c3cae2b4830ae23fb1b109cc39d5990e9ba708843cde62d8
1003,dilara.zip,223,224,tatbikat_videolarindan/vid02_mke_operation_exercise_turkish/vid02_mke_operation_exercise_turkish_0219.jpg,1920,1080,1,yolo/labels/tatbikat_videolarindan/vid02_mke_operation_exercise_turkish/vid02_mke_operation_exercise_turkish_0219.txt,true,89f208c869f0918ab9f6aa1f8b9da5e87b1a9af3b22af0c70ed13ba2c0417b58
1004,dilara.zip,224,225,tatbikat_videolarindan/vid02_mke_operation_exercise_turkish/vid02_mke_operation_exercise_turkish_0220.jpg,1920,1080,1,yolo/labels/tatbikat_videolarindan/vid02_mke_operation_exercise_turkish/vid02_mke_operation_exercise_turkish_0220.txt,true,74c50f11eed58326b1c30d9b02b974ee0fd01d0006a952b681ddc81d2f703be5
1005,dilara.zip,225,226,tatbikat_videolarindan/vid02_mke_operation_exercise_turkish/vid02_mke_operation_exercise_turkish_0221.jpg,1920,1080,2,yolo/labels/tatbikat_videolarindan/vid02_mke_operation_exercise_turkish/vid02_mke_operation_exercise_turkish_0221.txt,true,15e59ba1b8f1edc2f6367c981bd36aa1172d55d043d2701f95dad016203d7b75
1006,dilara.zip,226,227,tatbikat_videolarindan/vid02_mke_operation_exercise_turkish/vid02_mke_operation_exercise_turkish_0222.jpg,1920,1080,2,yolo/labels/tatbikat_videolarindan/vid02_mke_operation_exercise_turkish/vid02_mke_operation_exercise_turkish_0222.txt,true,cbdbbb68ff8ef0c7cc9544d2941d9390213324c77bc82cd93b8adb7400eb06f2
1007,dilara.zip,227,228,tatbikat_videolarindan/vid02_mke_operation_exercise_turkish/vid02_mke_operation_exercise_turkish_0224.jpg,1920,1080,2,yolo/labels/tatbikat_videolarindan/vid02_mke_operation_exercise_turkish/vid02_mke_operation_exercise_turkish_0224.txt,true,7f82f83425393acc2243ef9f4340a968998ce5331d04e34dcd93345906415dc4
1008,dilara.zip,228,229,tatbikat_videolarindan/vid02_mke_operation_exercise_turkish/vid02_mke_operation_exercise_turkish_0228.jpg,1920,1080,3,yolo/labels/tatbikat_videolarindan/vid02_mke_operation_exercise_turkish/vid02_mke_operation_exercise_turkish_0228.txt,true,d8479235c60eeea69fa0db6bc4339a8a6aeaced1640ba3469d8bd42497900989
1009,dilara.zip,229,230,tatbikat_videolarindan/vid02_mke_operation_exercise_turkish/vid02_mke_operation_exercise_turkish_0229.jpg,1920,1080,4,yolo/labels/tatbikat_videolarindan/vid02_mke_operation_exercise_turkish/vid02_mke_operation_exercise_turkish_0229.txt,true,9b2d12395156aea8581a02836d746bed6ce84710265ce96dc8d04e7acb3e50f3
1010,dilara.zip,230,231,tatbikat_videolarindan/vid02_mke_operation_exercise_turkish/vid02_mke_operation_exercise_turkish_0263.jpg,1920,1080,1,yolo/labels/tatbikat_videolarindan/vid02_mke_operation_exercise_turkish/vid02_mke_operation_exercise_turkish_0263.txt,true,9c2004b64d79202ce0c7c0eb5227cb9862b73a5229ef8704c88b00cceebf2304
1011,dilara.zip,231,232,tatbikat_videolarindan/vid02_mke_operation_exercise_turkish/vid02_mke_operation_exercise_turkish_0266.jpg,1920,1080,1,yolo/labels/tatbikat_videolarindan/vid02_mke_operation_exercise_turkish/vid02_mke_operation_exercise_turkish_0266.txt,true,1afc09f6786ff09d86bb7eb0b5154c81f6f5260849779db7666d390b14f81da6
1012,dilara.zip,232,233,tatbikat_videolarindan/vid02_mke_operation_exercise_turkish/vid02_mke_operation_exercise_turkish_0272.jpg,1920,1080,0,yolo/labels/tatbikat_videolarindan/vid02_mke_operation_exercise_turkish/vid02_mke_operation_exercise_turkish_0272.txt,true,9c97cad90722dce408653e9f58fe126f7971b120fd71ee36b8cfb86d17c4986f
1013,dilara.zip,233,234,tatbikat_videolarindan/vid02_mke_operation_exercise_turkish/vid02_mke_operation_exercise_turkish_0275.jpg,1920,1080,5,yolo/labels/tatbikat_videolarindan/vid02_mke_operation_exercise_turkish/vid02_mke_operation_exercise_turkish_0275.txt,true,5672b2c724c80b1ec4de0dd6d6c4256940fb0eab64466c7bfad9e1a8135f23a0
1014,dilara.zip,234,235,tatbikat_videolarindan/vid02_mke_operation_exercise_turkish/vid02_mke_operation_exercise_turkish_0276.jpg,1920,1080,4,yolo/labels/tatbikat_videolarindan/vid02_mke_operation_exercise_turkish/vid02_mke_operation_exercise_turkish_0276.txt,true,d35d45b029af6bcc3cbc61df0e991ab65f83b393040e45f4772369803cd506b1
1015,dilara.zip,235,236,tatbikat_videolarindan/vid02_mke_operation_exercise_turkish/vid02_mke_operation_exercise_turkish_0278.jpg,1920,1080,3,yolo/labels/tatbikat_videolarindan/vid02_mke_operation_exercise_turkish/vid02_mke_operation_exercise_turkish_0278.txt,true,94ae8bb0f7f29ae07c67008ac27e83f2e78431e61460e5f02a36d084aabaf33b
1016,dilara.zip,236,237,tatbikat_videolarindan/vid02_mke_operation_exercise_turkish/vid02_mke_operation_exercise_turkish_0279.jpg,1920,1080,1,yolo/labels/tatbikat_videolarindan/vid02_mke_operation_exercise_turkish/vid02_mke_operation_exercise_turkish_0279.txt,true,088b130023bd51f1573635ac481fc026a479a2c6bedc85469630a543523ee9df
1017,dilara.zip,237,238,tatbikat_videolarindan/vid02_mke_operation_exercise_turkish/vid02_mke_operation_exercise_turkish_0280.jpg,1920,1080,1,yolo/labels/tatbikat_videolarindan/vid02_mke_operation_exercise_turkish/vid02_mke_operation_exercise_turkish_0280.txt,true,5da1a3a0fe49d9568533841e88f319da7fd9526eb197a3204410b8a85d368c2e
1018,dilara.zip,238,239,tatbikat_videolarindan/vid02_mke_operation_exercise_turkish/vid02_mke_operation_exercise_turkish_0281.jpg,1920,1080,1,yolo/labels/tatbikat_videolarindan/vid02_mke_operation_exercise_turkish/vid02_mke_operation_exercise_turkish_0281.txt,true,43706233aa760eee7bd6eca8e63ae310c0222758f7f8549a1aaaf298a856f8f1
1019,dilara.zip,239,240,tatbikat_videolarindan/vid02_mke_operation_exercise_turkish/vid02_mke_operation_exercise_turkish_0282.jpg,1920,1080,2,yolo/labels/tatbikat_videolarindan/vid02_mke_operation_exercise_turkish/vid02_mke_operation_exercise_turkish_0282.txt,true,477696274962e9f78fb04e4749ff2e242af4b74356e580248d5642ba4dad0d31
1020,dilara.zip,240,241,tatbikat_videolarindan/vid02_mke_operation_exercise_turkish/vid02_mke_operation_exercise_turkish_0283.jpg,1920,1080,3,yolo/labels/tatbikat_videolarindan/vid02_mke_operation_exercise_turkish/vid02_mke_operation_exercise_turkish_0283.txt,true,ce932d463a7a8e44e3969b8598ae4558cf696c482b97bf09654cd6eae568cc7a
1021,dilara.zip,241,242,tatbikat_videolarindan/vid02_mke_operation_exercise_turkish/vid02_mke_operation_exercise_turkish_0284.jpg,1920,1080,3,yolo/labels/tatbikat_videolarindan/vid02_mke_operation_exercise_turkish/vid02_mke_operation_exercise_turkish_0284.txt,true,b74709ac83c90e9fc4194da9a69090f39a934346f7a28cc8b2a10f3f18187d3c
1022,dilara.zip,242,243,tatbikat_videolarindan/vid02_mke_operation_exercise_turkish/vid02_mke_operation_exercise_turkish_0285.jpg,1920,1080,2,yolo/labels/tatbikat_videolarindan/vid02_mke_operation_exercise_turkish/vid02_mke_operation_exercise_turkish_0285.txt,true,755d27dbca06b415aa2401c3fb1fd3aafd49fb7ff2c7a16cac2be0cf40283266
1023,dilara.zip,243,244,tatbikat_videolarindan/vid03_breathtaking_operation_in_the_/vid03_breathtaking_operation_in_the__0025.jpg,1920,1080,0,yolo/labels/tatbikat_videolarindan/vid03_breathtaking_operation_in_the_/vid03_breathtaking_operation_in_the__0025.txt,true,4251a24a9f4816a2a00ad5bf7d79fc7268c1a98c0e7be81d660a2665194297cf
1024,dilara.zip,244,245,tatbikat_videolarindan/vid03_breathtaking_operation_in_the_/vid03_breathtaking_operation_in_the__0026.jpg,1920,1080,3,yolo/labels/tatbikat_videolarindan/vid03_breathtaking_operation_in_the_/vid03_breathtaking_operation_in_the__0026.txt,true,20596b7f58d363eeb299346c16c3032ba9a1d0a0f19ac9a9345c7a10037613ba
1025,dilara.zip,245,246,tatbikat_videolarindan/vid03_breathtaking_operation_in_the_/vid03_breathtaking_operation_in_the__0027.jpg,1920,1080,1,yolo/labels/tatbikat_videolarindan/vid03_breathtaking_operation_in_the_/vid03_breathtaking_operation_in_the__0027.txt,true,22fe5b29bbe4cd4602e2bd57b6303a8ad3ca2de6840ed4697c03c04a5e9e7d03
1026,dilara.zip,246,247,tatbikat_videolarindan/vid03_breathtaking_operation_in_the_/vid03_breathtaking_operation_in_the__0028.jpg,1920,1080,2,yolo/labels/tatbikat_videolarindan/vid03_breathtaking_operation_in_the_/vid03_breathtaking_operation_in_the__0028.txt,true,525ef2020904c43358172a46889ba504d910b528e2b5cb6669e46f6a42844523
1027,dilara.zip,247,248,tatbikat_videolarindan/vid03_breathtaking_operation_in_the_/vid03_breathtaking_operation_in_the__0029.jpg,1920,1080,2,yolo/labels/tatbikat_videolarindan/vid03_breathtaking_operation_in_the_/vid03_breathtaking_operation_in_the__0029.txt,true,580f456914c744f83bdba25f27a76a7e874a7162ea3d831830e2be604bd8ec1a
1028,dilara.zip,248,249,tatbikat_videolarindan/vid03_breathtaking_operation_in_the_/vid03_breathtaking_operation_in_the__0030.jpg,1920,1080,4,yolo/labels/tatbikat_videolarindan/vid03_breathtaking_operation_in_the_/vid03_breathtaking_operation_in_the__0030.txt,true,df25eec26236102a7d69b45091ea778984a3d8b1f78c95deb58d17813e3185e3
1029,dilara.zip,249,250,tatbikat_videolarindan/vid03_breathtaking_operation_in_the_/vid03_breathtaking_operation_in_the__0031.jpg,1920,1080,0,yolo/labels/tatbikat_videolarindan/vid03_breathtaking_operation_in_the_/vid03_breathtaking_operation_in_the__0031.txt,true,569cec9c374c3c35eb3b77f386283ce5733a233cfe8fbd78b8ef10f2e43e5062
1030,dilara.zip,250,251,tatbikat_videolarindan/vid03_breathtaking_operation_in_the_/vid03_breathtaking_operation_in_the__0032.jpg,1920,1080,0,yolo/labels/tatbikat_videolarindan/vid03_breathtaking_operation_in_the_/vid03_breathtaking_operation_in_the__0032.txt,true,a20c0fab14070c266dd892ddfbda7ce29f62562ad90294651aba423bf3d3bcc4
1031,dilara.zip,251,252,tatbikat_videolarindan/vid03_breathtaking_operation_in_the_/vid03_breathtaking_operation_in_the__0033.jpg,1920,1080,0,yolo/labels/tatbikat_videolarindan/vid03_breathtaking_operation_in_the_/vid03_breathtaking_operation_in_the__0033.txt,true,0eb238ff6fc56e79f9d50cd3c73428cfb427466b557b19b2bfb9b1407da30c0b
1032,dilara.zip,252,253,tatbikat_videolarindan/vid03_breathtaking_operation_in_the_/vid03_breathtaking_operation_in_the__0037.jpg,1920,1080,0,yolo/labels/tatbikat_videolarindan/vid03_breathtaking_operation_in_the_/vid03_breathtaking_operation_in_the__0037.txt,true,18e2e5ba8be347275bde7bc2ef8bae547221642c2dd87d1898817632187056c1
1033,dilara.zip,253,254,tatbikat_videolarindan/vid03_breathtaking_operation_in_the_/vid03_breathtaking_operation_in_the__0038.jpg,1920,1080,2,yolo/labels/tatbikat_videolarindan/vid03_breathtaking_operation_in_the_/vid03_breathtaking_operation_in_the__0038.txt,true,133dd334e5a36cde2d810bb310c0c814620e3c638cd56235ce5775c7ebf70649
1034,dilara.zip,254,255,tatbikat_videolarindan/vid03_breathtaking_operation_in_the_/vid03_breathtaking_operation_in_the__0039.jpg,1920,1080,0,yolo/labels/tatbikat_videolarindan/vid03_breathtaking_operation_in_the_/vid03_breathtaking_operation_in_the__0039.txt,true,7d804dfc51067ff1215319b03c4e9df1ebd3d4db70016892d513b1300484d053
1035,dilara.zip,255,256,tatbikat_videolarindan/vid03_breathtaking_operation_in_the_/vid03_breathtaking_operation_in_the__0040.jpg,1920,1080,0,yolo/labels/tatbikat_videolarindan/vid03_breathtaking_operation_in_the_/vid03_breathtaking_operation_in_the__0040.txt,true,36c58102f8e585dfe8f762a8cddb8d8ef8ee0c463122372c54eb26f1533114ed
1036,dilara.zip,256,257,tatbikat_videolarindan/vid03_breathtaking_operation_in_the_/vid03_breathtaking_operation_in_the__0041.jpg,1920,1080,2,yolo/labels/tatbikat_videolarindan/vid03_breathtaking_operation_in_the_/vid03_breathtaking_operation_in_the__0041.txt,true,910ae8599921e35c20be487dbd3be69db434a4498fd0ab66fc0a278fa29ea077
1037,dilara.zip,257,258,tatbikat_videolarindan/vid03_breathtaking_operation_in_the_/vid03_breathtaking_operation_in_the__0042.jpg,1920,1080,0,yolo/labels/tatbikat_videolarindan/vid03_breathtaking_operation_in_the_/vid03_breathtaking_operation_in_the__0042.txt,true,42f533a5ef16e003437b38bbf1874bfc2d39609abe49becd03cbd441e9985587
1038,dilara.zip,258,259,tatbikat_videolarindan/vid03_breathtaking_operation_in_the_/vid03_breathtaking_operation_in_the__0043.jpg,1920,1080,0,yolo/labels/tatbikat_videolarindan/vid03_breathtaking_operation_in_the_/vid03_breathtaking_operation_in_the__0043.txt,true,0ce4e78e8ba3b0f1b59248a2ba2296df5070621eb814bcb8523bd127333d7c35
1039,dilara.zip,259,260,tatbikat_videolarindan/vid03_breathtaking_operation_in_the_/vid03_breathtaking_operation_in_the__0044.jpg,1920,1080,2,yolo/labels/tatbikat_videolarindan/vid03_breathtaking_operation_in_the_/vid03_breathtaking_operation_in_the__0044.txt,true,f5e5c33d8cdbc67251245a48bbcd7c1ac276948ef9182810de65ff14123c4f0c
1040,dilara.zip,260,261,tatbikat_videolarindan/vid03_breathtaking_operation_in_the_/vid03_breathtaking_operation_in_the__0047.jpg,1920,1080,0,yolo/labels/tatbikat_videolarindan/vid03_breathtaking_operation_in_the_/vid03_breathtaking_operation_in_the__0047.txt,true,3da967fb3474bd68163a0bd572c2471850d62aa311a99b78f2bbd36dbac11820
1041,aslı.zip,0,1,tatbikat_videolarindan/vid03_breathtaking_operation_in_the_/vid03_breathtaking_operation_in_the__0048.jpg,1920,1080,0,yolo/labels/tatbikat_videolarindan/vid03_breathtaking_operation_in_the_/vid03_breathtaking_operation_in_the__0048.txt,true,97227894a026f4148182cc154a6c1ba9ad15d28c7d7b37733fea7736f79927b1
1042,aslı.zip,1,2,tatbikat_videolarindan/vid03_breathtaking_operation_in_the_/vid03_breathtaking_operation_in_the__0049.jpg,1920,1080,0,yolo/labels/tatbikat_videolarindan/vid03_breathtaking_operation_in_the_/vid03_breathtaking_operation_in_the__0049.txt,true,92c03fdeca855aeea37a821f95c0b414df75e73a227e40991940abd1d520afdd
1043,aslı.zip,2,3,tatbikat_videolarindan/vid03_breathtaking_operation_in_the_/vid03_breathtaking_operation_in_the__0050.jpg,1920,1080,0,yolo/labels/tatbikat_videolarindan/vid03_breathtaking_operation_in_the_/vid03_breathtaking_operation_in_the__0050.txt,true,9737f8f30885e533ec1ea4f68374f930cf66d17457fecc56f452df8386f1eb07
1044,aslı.zip,3,4,tatbikat_videolarindan/vid03_breathtaking_operation_in_the_/vid03_breathtaking_operation_in_the__0052.jpg,1920,1080,0,yolo/labels/tatbikat_videolarindan/vid03_breathtaking_operation_in_the_/vid03_breathtaking_operation_in_the__0052.txt,true,2a83f19228fa7788dc26484d882b093323963771666d47378fb1ff0380bd2d20
1045,aslı.zip,4,5,tatbikat_videolarindan/vid03_breathtaking_operation_in_the_/vid03_breathtaking_operation_in_the__0054.jpg,1920,1080,1,yolo/labels/tatbikat_videolarindan/vid03_breathtaking_operation_in_the_/vid03_breathtaking_operation_in_the__0054.txt,true,e1ea0a66b852df03d3f77c80e3b97ba815440b66e98e62b0e875c709fc4d528e
1046,aslı.zip,5,6,tatbikat_videolarindan/vid03_breathtaking_operation_in_the_/vid03_breathtaking_operation_in_the__0055.jpg,1920,1080,0,yolo/labels/tatbikat_videolarindan/vid03_breathtaking_operation_in_the_/vid03_breathtaking_operation_in_the__0055.txt,true,1161eed8c8376a5962bb2dd2729f33eb799b5a93420925a888fca047125e0930
1047,aslı.zip,6,7,tatbikat_videolarindan/vid03_breathtaking_operation_in_the_/vid03_breathtaking_operation_in_the__0056.jpg,1920,1080,0,yolo/labels/tatbikat_videolarindan/vid03_breathtaking_operation_in_the_/vid03_breathtaking_operation_in_the__0056.txt,true,90c5a76247462f2f7a6647e074b046ac672075f0685522cebc1eddc6005cb898
1048,aslı.zip,7,8,tatbikat_videolarindan/vid03_breathtaking_operation_in_the_/vid03_breathtaking_operation_in_the__0057.jpg,1920,1080,0,yolo/labels/tatbikat_videolarindan/vid03_breathtaking_operation_in_the_/vid03_breathtaking_operation_in_the__0057.txt,true,ba37118c5ce74b4d301adcccef7b245d4d1e124903788207fcbcba591f5997a6
1049,aslı.zip,8,9,tatbikat_videolarindan/vid04_ada_operasyonu_tatbikat_pol_s_/vid04_ada_operasyonu_tatbikat_pol_s__0006.jpg,1920,1080,2,yolo/labels/tatbikat_videolarindan/vid04_ada_operasyonu_tatbikat_pol_s_/vid04_ada_operasyonu_tatbikat_pol_s__0006.txt,true,7fe8505deec82cf7189804a91b3e3efaa7800dcac990851b5aee7c676300b650
1050,aslı.zip,9,10,tatbikat_videolarindan/vid04_ada_operasyonu_tatbikat_pol_s_/vid04_ada_operasyonu_tatbikat_pol_s__0007.jpg,1920,1080,1,yolo/labels/tatbikat_videolarindan/vid04_ada_operasyonu_tatbikat_pol_s_/vid04_ada_operasyonu_tatbikat_pol_s__0007.txt,true,d0a4a10283b658b951fafc1df4b04b681c3089e817aec2d4f6668cc9d61c1230
1051,aslı.zip,10,11,tatbikat_videolarindan/vid04_ada_operasyonu_tatbikat_pol_s_/vid04_ada_operasyonu_tatbikat_pol_s__0011.jpg,1920,1080,2,yolo/labels/tatbikat_videolarindan/vid04_ada_operasyonu_tatbikat_pol_s_/vid04_ada_operasyonu_tatbikat_pol_s__0011.txt,true,5f571cd9dd730734e1b77a1625ac0aeb0e98950b444bf0b6965bda66d65ef941
1052,aslı.zip,11,12,tatbikat_videolarindan/vid04_ada_operasyonu_tatbikat_pol_s_/vid04_ada_operasyonu_tatbikat_pol_s__0012.jpg,1920,1080,0,yolo/labels/tatbikat_videolarindan/vid04_ada_operasyonu_tatbikat_pol_s_/vid04_ada_operasyonu_tatbikat_pol_s__0012.txt,true,e0588315ff026087f021b95552421be7ea4efa213dca4e95d09f14dd4780770f
1053,aslı.zip,12,13,tatbikat_videolarindan/vid04_ada_operasyonu_tatbikat_pol_s_/vid04_ada_operasyonu_tatbikat_pol_s__0013.jpg,1920,1080,0,yolo/labels/tatbikat_videolarindan/vid04_ada_operasyonu_tatbikat_pol_s_/vid04_ada_operasyonu_tatbikat_pol_s__0013.txt,true,4c7b94fa4b21bfdf9bcac8d18036683f3c9a907bdd03c92eca40bf8465c5ca4d
1054,aslı.zip,13,14,tatbikat_videolarindan/vid04_ada_operasyonu_tatbikat_pol_s_/vid04_ada_operasyonu_tatbikat_pol_s__0014.jpg,1920,1080,0,yolo/labels/tatbikat_videolarindan/vid04_ada_operasyonu_tatbikat_pol_s_/vid04_ada_operasyonu_tatbikat_pol_s__0014.txt,true,8199fe6958ec75ad228a336f31394279344e347ceeb0c3c28e8cf6875d3ead12
1055,aslı.zip,14,15,tatbikat_videolarindan/vid04_ada_operasyonu_tatbikat_pol_s_/vid04_ada_operasyonu_tatbikat_pol_s__0015.jpg,1920,1080,0,yolo/labels/tatbikat_videolarindan/vid04_ada_operasyonu_tatbikat_pol_s_/vid04_ada_operasyonu_tatbikat_pol_s__0015.txt,true,632900aea4615e08b9ba1c7ad89b92d367b18dbc41a8a16134512fab0538d4b7
1056,aslı.zip,15,16,tatbikat_videolarindan/vid04_ada_operasyonu_tatbikat_pol_s_/vid04_ada_operasyonu_tatbikat_pol_s__0017.jpg,1920,1080,0,yolo/labels/tatbikat_videolarindan/vid04_ada_operasyonu_tatbikat_pol_s_/vid04_ada_operasyonu_tatbikat_pol_s__0017.txt,true,f771a6a85713d69da1ab3f2a04e07a0fc83b54878ae0748bf35556184d930196
1057,aslı.zip,16,17,tatbikat_videolarindan/vid04_ada_operasyonu_tatbikat_pol_s_/vid04_ada_operasyonu_tatbikat_pol_s__0018.jpg,1920,1080,0,yolo/labels/tatbikat_videolarindan/vid04_ada_operasyonu_tatbikat_pol_s_/vid04_ada_operasyonu_tatbikat_pol_s__0018.txt,true,96a268593e1531b516b5208ab8587ebd46c9120b4185bb31b5203bc518442c21
1058,aslı.zip,17,18,tatbikat_videolarindan/vid04_ada_operasyonu_tatbikat_pol_s_/vid04_ada_operasyonu_tatbikat_pol_s__0021.jpg,1920,1080,0,yolo/labels/tatbikat_videolarindan/vid04_ada_operasyonu_tatbikat_pol_s_/vid04_ada_operasyonu_tatbikat_pol_s__0021.txt,true,249c2464cfadb79eb84a3f60eb16a9b4160096855712a3a893c966dac0203f06
1059,aslı.zip,18,19,tatbikat_videolarindan/vid04_ada_operasyonu_tatbikat_pol_s_/vid04_ada_operasyonu_tatbikat_pol_s__0022.jpg,1920,1080,0,yolo/labels/tatbikat_videolarindan/vid04_ada_operasyonu_tatbikat_pol_s_/vid04_ada_operasyonu_tatbikat_pol_s__0022.txt,true,a556b22c7a8ec5f141362dbc66556674e527727abd09c018a6ef3b477d1a0a75
1060,aslı.zip,19,20,tatbikat_videolarindan/vid04_ada_operasyonu_tatbikat_pol_s_/vid04_ada_operasyonu_tatbikat_pol_s__0023.jpg,1920,1080,0,yolo/labels/tatbikat_videolarindan/vid04_ada_operasyonu_tatbikat_pol_s_/vid04_ada_operasyonu_tatbikat_pol_s__0023.txt,true,3de5ef689c81a70f971226e13c6478b4440c948077682b8b2ec285cd5993049c
1061,aslı.zip,20,21,tatbikat_videolarindan/vid04_ada_operasyonu_tatbikat_pol_s_/vid04_ada_operasyonu_tatbikat_pol_s__0024.jpg,1920,1080,0,yolo/labels/tatbikat_videolarindan/vid04_ada_operasyonu_tatbikat_pol_s_/vid04_ada_operasyonu_tatbikat_pol_s__0024.txt,true,7631468c398167c15a63c2af358874c314303d906f12ee122b6663d135d798fb
1062,aslı.zip,21,22,tatbikat_videolarindan/vid04_ada_operasyonu_tatbikat_pol_s_/vid04_ada_operasyonu_tatbikat_pol_s__0026.jpg,1920,1080,5,yolo/labels/tatbikat_videolarindan/vid04_ada_operasyonu_tatbikat_pol_s_/vid04_ada_operasyonu_tatbikat_pol_s__0026.txt,true,930a17528f9b48e23e2e5820f569397375fdab68ea29f285fc0194b5b40cc2bb
1063,aslı.zip,22,23,tatbikat_videolarindan/vid04_ada_operasyonu_tatbikat_pol_s_/vid04_ada_operasyonu_tatbikat_pol_s__0027.jpg,1920,1080,0,yolo/labels/tatbikat_videolarindan/vid04_ada_operasyonu_tatbikat_pol_s_/vid04_ada_operasyonu_tatbikat_pol_s__0027.txt,true,0b860990ffa39a9c9f68500436a7ac4275f70e8d00466456376d251a9e97f289
1064,aslı.zip,23,24,tatbikat_videolarindan/vid04_ada_operasyonu_tatbikat_pol_s_/vid04_ada_operasyonu_tatbikat_pol_s__0028.jpg,1920,1080,0,yolo/labels/tatbikat_videolarindan/vid04_ada_operasyonu_tatbikat_pol_s_/vid04_ada_operasyonu_tatbikat_pol_s__0028.txt,true,1760fc84d397cf541b40b211ad4a44861b9f5e65a3cf57987108013e29050f74
1065,aslı.zip,24,25,tatbikat_videolarindan/vid04_ada_operasyonu_tatbikat_pol_s_/vid04_ada_operasyonu_tatbikat_pol_s__0029.jpg,1920,1080,0,yolo/labels/tatbikat_videolarindan/vid04_ada_operasyonu_tatbikat_pol_s_/vid04_ada_operasyonu_tatbikat_pol_s__0029.txt,true,f26a403ec090cdcb7577291de4f7de7d1143dac2c784570a1955f861085c73b9
1066,aslı.zip,25,26,tatbikat_videolarindan/vid04_ada_operasyonu_tatbikat_pol_s_/vid04_ada_operasyonu_tatbikat_pol_s__0031.jpg,1920,1080,0,yolo/labels/tatbikat_videolarindan/vid04_ada_operasyonu_tatbikat_pol_s_/vid04_ada_operasyonu_tatbikat_pol_s__0031.txt,true,f674fd3fb4dfa22e01bd1daa72843724ceea33ce9becd4b62c0115024b0cfb3d
1067,aslı.zip,26,27,tatbikat_videolarindan/vid04_ada_operasyonu_tatbikat_pol_s_/vid04_ada_operasyonu_tatbikat_pol_s__0035.jpg,1920,1080,2,yolo/labels/tatbikat_videolarindan/vid04_ada_operasyonu_tatbikat_pol_s_/vid04_ada_operasyonu_tatbikat_pol_s__0035.txt,true,346e45a602e63a2d20782f437c9ada62dfc75ba482165cfcab33c3659fc7feb8
1068,aslı.zip,27,28,tatbikat_videolarindan/vid04_ada_operasyonu_tatbikat_pol_s_/vid04_ada_operasyonu_tatbikat_pol_s__0036.jpg,1920,1080,0,yolo/labels/tatbikat_videolarindan/vid04_ada_operasyonu_tatbikat_pol_s_/vid04_ada_operasyonu_tatbikat_pol_s__0036.txt,true,4f501d9d176f5e82498380ed9f4fe9d66b32bf3436fd6e7bf36a2ac6c7c27449
1069,aslı.zip,28,29,tatbikat_videolarindan/vid04_ada_operasyonu_tatbikat_pol_s_/vid04_ada_operasyonu_tatbikat_pol_s__0037.jpg,1920,1080,1,yolo/labels/tatbikat_videolarindan/vid04_ada_operasyonu_tatbikat_pol_s_/vid04_ada_operasyonu_tatbikat_pol_s__0037.txt,true,edd68a54aee2db2a906598c6c160cedbf2aff70397c27bfcc298d58c31b7b5fc
1070,aslı.zip,29,30,tatbikat_videolarindan/vid04_ada_operasyonu_tatbikat_pol_s_/vid04_ada_operasyonu_tatbikat_pol_s__0038.jpg,1920,1080,0,yolo/labels/tatbikat_videolarindan/vid04_ada_operasyonu_tatbikat_pol_s_/vid04_ada_operasyonu_tatbikat_pol_s__0038.txt,true,c9b8dc953958c93916c1c7654d32c6b4f7a42eb8a953c565d0d91c8637f9a16e
1071,aslı.zip,30,31,tatbikat_videolarindan/vid04_ada_operasyonu_tatbikat_pol_s_/vid04_ada_operasyonu_tatbikat_pol_s__0039.jpg,1920,1080,5,yolo/labels/tatbikat_videolarindan/vid04_ada_operasyonu_tatbikat_pol_s_/vid04_ada_operasyonu_tatbikat_pol_s__0039.txt,true,49d1a1afc8f2a672c4084efc0198fce91a5eee5f664ef469ab487899096e55b7
1072,aslı.zip,31,32,tatbikat_videolarindan/vid04_ada_operasyonu_tatbikat_pol_s_/vid04_ada_operasyonu_tatbikat_pol_s__0040.jpg,1920,1080,6,yolo/labels/tatbikat_videolarindan/vid04_ada_operasyonu_tatbikat_pol_s_/vid04_ada_operasyonu_tatbikat_pol_s__0040.txt,true,4a54ac98428b7353acccc550db1f2417c1664e9fe7cc6c75b6542ef2e8b4be6f
1073,aslı.zip,32,33,tatbikat_videolarindan/vid04_ada_operasyonu_tatbikat_pol_s_/vid04_ada_operasyonu_tatbikat_pol_s__0053.jpg,1920,1080,1,yolo/labels/tatbikat_videolarindan/vid04_ada_operasyonu_tatbikat_pol_s_/vid04_ada_operasyonu_tatbikat_pol_s__0053.txt,true,1d316724429a681a3ce34eb3ddd2594fd85a5af5d075da10f50b16fa0031b134
1074,aslı.zip,33,34,tatbikat_videolarindan/vid04_ada_operasyonu_tatbikat_pol_s_/vid04_ada_operasyonu_tatbikat_pol_s__0055.jpg,1920,1080,0,yolo/labels/tatbikat_videolarindan/vid04_ada_operasyonu_tatbikat_pol_s_/vid04_ada_operasyonu_tatbikat_pol_s__0055.txt,true,63993f3a7d3cf69089c4147ee9e658ba1d859940d21ee46b209ccc6ee0da4268
1075,aslı.zip,34,35,tatbikat_videolarindan/vid04_ada_operasyonu_tatbikat_pol_s_/vid04_ada_operasyonu_tatbikat_pol_s__0059.jpg,1920,1080,0,yolo/labels/tatbikat_videolarindan/vid04_ada_operasyonu_tatbikat_pol_s_/vid04_ada_operasyonu_tatbikat_pol_s__0059.txt,true,28c50cc9771b658d8c2e4ef8c99079f6cd5e16d3c6e8f42c85837547780a97c4
1076,aslı.zip,35,36,tatbikat_videolarindan/vid04_ada_operasyonu_tatbikat_pol_s_/vid04_ada_operasyonu_tatbikat_pol_s__0064.jpg,1920,1080,5,yolo/labels/tatbikat_videolarindan/vid04_ada_operasyonu_tatbikat_pol_s_/vid04_ada_operasyonu_tatbikat_pol_s__0064.txt,true,391816996830cc0aca17e6b3a3f1fab8932eec5532db027792b43fc19f6e31a5
1077,aslı.zip,36,37,tatbikat_videolarindan/vid05_polis_olmak_ne_demek_biliyor_m/vid05_polis_olmak_ne_demek_biliyor_m_0001.jpg,1920,1080,1,yolo/labels/tatbikat_videolarindan/vid05_polis_olmak_ne_demek_biliyor_m/vid05_polis_olmak_ne_demek_biliyor_m_0001.txt,true,779f57385857d77377512bca583939726e45d5b2f60be303b95490336f7f2a2d
1078,aslı.zip,37,38,tatbikat_videolarindan/vid05_polis_olmak_ne_demek_biliyor_m/vid05_polis_olmak_ne_demek_biliyor_m_0003.jpg,1920,1080,2,yolo/labels/tatbikat_videolarindan/vid05_polis_olmak_ne_demek_biliyor_m/vid05_polis_olmak_ne_demek_biliyor_m_0003.txt,true,f8be69a1d8eda275bceb1690254b72c95a8e22e02354905f95145fca956d3965
1079,aslı.zip,38,39,tatbikat_videolarindan/vid05_polis_olmak_ne_demek_biliyor_m/vid05_polis_olmak_ne_demek_biliyor_m_0004.jpg,1920,1080,2,yolo/labels/tatbikat_videolarindan/vid05_polis_olmak_ne_demek_biliyor_m/vid05_polis_olmak_ne_demek_biliyor_m_0004.txt,true,a4455445af11e90c521f5b672657865d4929b2c8fa0729b77c176fa23732a701
1080,aslı.zip,39,40,tatbikat_videolarindan/vid05_polis_olmak_ne_demek_biliyor_m/vid05_polis_olmak_ne_demek_biliyor_m_0005.jpg,1920,1080,2,yolo/labels/tatbikat_videolarindan/vid05_polis_olmak_ne_demek_biliyor_m/vid05_polis_olmak_ne_demek_biliyor_m_0005.txt,true,2043b9ffd8460a4b7be00dcc252257da1e1df568634f7bcb1c21af008c96ef1c
1081,aslı.zip,40,41,tatbikat_videolarindan/vid05_polis_olmak_ne_demek_biliyor_m/vid05_polis_olmak_ne_demek_biliyor_m_0011.jpg,1920,1080,2,yolo/labels/tatbikat_videolarindan/vid05_polis_olmak_ne_demek_biliyor_m/vid05_polis_olmak_ne_demek_biliyor_m_0011.txt,true,8ca7436d7ec9ed14a64cfb2da6464aacb47db7114e7f7bff11f0e081c53d6188
1082,aslı.zip,41,42,tatbikat_videolarindan/vid05_polis_olmak_ne_demek_biliyor_m/vid05_polis_olmak_ne_demek_biliyor_m_0016.jpg,1920,1080,2,yolo/labels/tatbikat_videolarindan/vid05_polis_olmak_ne_demek_biliyor_m/vid05_polis_olmak_ne_demek_biliyor_m_0016.txt,true,eceb295376233d37d90a69d2c8250ec6649a42d187d8e13ca3cc21045d5477ef
1083,aslı.zip,42,43,tatbikat_videolarindan/vid05_polis_olmak_ne_demek_biliyor_m/vid05_polis_olmak_ne_demek_biliyor_m_0027.jpg,1920,1080,2,yolo/labels/tatbikat_videolarindan/vid05_polis_olmak_ne_demek_biliyor_m/vid05_polis_olmak_ne_demek_biliyor_m_0027.txt,true,0f733148125c4f97fbc1e5d51d49400b54258e358520d5d81375cda4179c3428
1084,aslı.zip,43,44,tatbikat_videolarindan/vid05_polis_olmak_ne_demek_biliyor_m/vid05_polis_olmak_ne_demek_biliyor_m_0028.jpg,1920,1080,2,yolo/labels/tatbikat_videolarindan/vid05_polis_olmak_ne_demek_biliyor_m/vid05_polis_olmak_ne_demek_biliyor_m_0028.txt,true,8760445de51e53ff6c721d095476dbff4ce73cadbd07a456c9276ab9682dbe27
1085,aslı.zip,44,45,tatbikat_videolarindan/vid05_polis_olmak_ne_demek_biliyor_m/vid05_polis_olmak_ne_demek_biliyor_m_0029.jpg,1920,1080,2,yolo/labels/tatbikat_videolarindan/vid05_polis_olmak_ne_demek_biliyor_m/vid05_polis_olmak_ne_demek_biliyor_m_0029.txt,true,56d4aa40dab50b626cc4c511f23dede2304e4ecff935c51ad82c74115a524428
1086,aslı.zip,45,46,tatbikat_videolarindan/vid05_polis_olmak_ne_demek_biliyor_m/vid05_polis_olmak_ne_demek_biliyor_m_0030.jpg,1920,1080,1,yolo/labels/tatbikat_videolarindan/vid05_polis_olmak_ne_demek_biliyor_m/vid05_polis_olmak_ne_demek_biliyor_m_0030.txt,true,69fbd0a68d156dde4a69968863e6f807dd38b82711a255778c52d7e92c87c406
1087,aslı.zip,46,47,tatbikat_videolarindan/vid05_polis_olmak_ne_demek_biliyor_m/vid05_polis_olmak_ne_demek_biliyor_m_0047.jpg,1920,1080,0,yolo/labels/tatbikat_videolarindan/vid05_polis_olmak_ne_demek_biliyor_m/vid05_polis_olmak_ne_demek_biliyor_m_0047.txt,true,ed406389a86410710fb8bed6e30ab6aa586acadbc23d43552a48fb793eb047e0
1088,aslı.zip,47,48,tatbikat_videolarindan/vid06_martyrs_train/vid06_martyrs_train_0001.jpg,1920,1080,1,yolo/labels/tatbikat_videolarindan/vid06_martyrs_train/vid06_martyrs_train_0001.txt,true,6284f750fa0e7595a89d82e64bdf11fb5d7c643dc139ab11914bf3b65585b011
1089,aslı.zip,48,49,tatbikat_videolarindan/vid06_martyrs_train/vid06_martyrs_train_0005.jpg,1920,1080,1,yolo/labels/tatbikat_videolarindan/vid06_martyrs_train/vid06_martyrs_train_0005.txt,true,0e112cf8c866770d8ecfa4fda9cb5f207eef71a7bc18685db6e051c06faa5975
1090,aslı.zip,49,50,tatbikat_videolarindan/vid06_martyrs_train/vid06_martyrs_train_0006.jpg,1920,1080,1,yolo/labels/tatbikat_videolarindan/vid06_martyrs_train/vid06_martyrs_train_0006.txt,true,f213afc5deae38706d04d636f163fb2eb5f1255fd4964671f4cb0460e3016cd8
1091,aslı.zip,50,51,tatbikat_videolarindan/vid06_martyrs_train/vid06_martyrs_train_0007.jpg,1920,1080,1,yolo/labels/tatbikat_videolarindan/vid06_martyrs_train/vid06_martyrs_train_0007.txt,true,98ea1f0f8b9568ee539b265b8539c6b15de13ab392c5f8ce1797bec1cabcfa32
1092,aslı.zip,51,52,tatbikat_videolarindan/vid06_martyrs_train/vid06_martyrs_train_0008.jpg,1920,1080,1,yolo/labels/tatbikat_videolarindan/vid06_martyrs_train/vid06_martyrs_train_0008.txt,true,9651bb62e80290b9aca051724114fb3572b4ae5dc53073b31028a703b46fd842
1093,aslı.zip,52,53,tatbikat_videolarindan/vid06_martyrs_train/vid06_martyrs_train_0009.jpg,1920,1080,1,yolo/labels/tatbikat_videolarindan/vid06_martyrs_train/vid06_martyrs_train_0009.txt,true,1691a634eb142e0581dd1226fdca45d239564931f44dc3e81758db17504432d8
1094,aslı.zip,53,54,tatbikat_videolarindan/vid06_martyrs_train/vid06_martyrs_train_0010.jpg,1920,1080,1,yolo/labels/tatbikat_videolarindan/vid06_martyrs_train/vid06_martyrs_train_0010.txt,true,dddb222be662f90705cf9f78916119f23f3752497207b68b2aebf148dca1583b
1095,aslı.zip,54,55,tatbikat_videolarindan/vid06_martyrs_train/vid06_martyrs_train_0011.jpg,1920,1080,1,yolo/labels/tatbikat_videolarindan/vid06_martyrs_train/vid06_martyrs_train_0011.txt,true,0ca5b91b5fb90201d7b83f7f5160d85aec445f4d6efbfdcbbe96f31e2265d493
1096,aslı.zip,55,56,tatbikat_videolarindan/vid06_martyrs_train/vid06_martyrs_train_0012.jpg,1920,1080,1,yolo/labels/tatbikat_videolarindan/vid06_martyrs_train/vid06_martyrs_train_0012.txt,true,932ebf436e66780a88f8e5ecc0fabf5245fd6f66b960261cc90988e43a68ab7c
1097,aslı.zip,56,57,tatbikat_videolarindan/vid06_martyrs_train/vid06_martyrs_train_0013.jpg,1920,1080,1,yolo/labels/tatbikat_videolarindan/vid06_martyrs_train/vid06_martyrs_train_0013.txt,true,4bcdc6b9ae461dc2c16759c9d98047f970454be1c79de9c7a639f589f8ed0be7
1098,aslı.zip,57,58,tatbikat_videolarindan/vid06_martyrs_train/vid06_martyrs_train_0014.jpg,1920,1080,1,yolo/labels/tatbikat_videolarindan/vid06_martyrs_train/vid06_martyrs_train_0014.txt,true,a251be7f2397592f5d153569697708909afa83afa6fc6df4b098576f2f013bf0
1099,aslı.zip,58,59,tatbikat_videolarindan/vid06_martyrs_train/vid06_martyrs_train_0016.jpg,1920,1080,1,yolo/labels/tatbikat_videolarindan/vid06_martyrs_train/vid06_martyrs_train_0016.txt,true,9d3f8739c9ca5ff54aa2d7bdb9fcbfea7b9566e72f502d6e03af2fdfa109df5b
1100,aslı.zip,59,60,tatbikat_videolarindan/vid06_martyrs_train/vid06_martyrs_train_0018.jpg,1920,1080,0,yolo/labels/tatbikat_videolarindan/vid06_martyrs_train/vid06_martyrs_train_0018.txt,true,321f4381b1cc33415ac858857486a99b44edb319df432d3ae8c7f27780b15b8c
1101,aslı.zip,60,61,tatbikat_videolarindan/vid06_martyrs_train/vid06_martyrs_train_0019.jpg,1920,1080,0,yolo/labels/tatbikat_videolarindan/vid06_martyrs_train/vid06_martyrs_train_0019.txt,true,6e995fb0b4777880f28363b44a8b9cad3f597f51ca11b78f2037b79ca58583c0
1102,aslı.zip,61,62,tatbikat_videolarindan/vid06_martyrs_train/vid06_martyrs_train_0020.jpg,1920,1080,1,yolo/labels/tatbikat_videolarindan/vid06_martyrs_train/vid06_martyrs_train_0020.txt,true,1edb04d057309b06ac5931e73316e22ed4357578c7c49bfff151c9c09b61455f
1103,aslı.zip,62,63,tatbikat_videolarindan/vid06_martyrs_train/vid06_martyrs_train_0021.jpg,1920,1080,1,yolo/labels/tatbikat_videolarindan/vid06_martyrs_train/vid06_martyrs_train_0021.txt,true,5d397ad76aee68692d31d512990a7ff247a378b005c9945045568c796c7a0605
1104,aslı.zip,63,64,tatbikat_videolarindan/vid06_martyrs_train/vid06_martyrs_train_0022.jpg,1920,1080,1,yolo/labels/tatbikat_videolarindan/vid06_martyrs_train/vid06_martyrs_train_0022.txt,true,0280dd21a981224679720b0263e139d95088988db133fbdaf15433f3f3241ee3
1105,aslı.zip,64,65,tatbikat_videolarindan/vid06_martyrs_train/vid06_martyrs_train_0023.jpg,1920,1080,1,yolo/labels/tatbikat_videolarindan/vid06_martyrs_train/vid06_martyrs_train_0023.txt,true,d75f25d9cecad08adb4d847a6ae6e74881a6d40abdce71bc0b12b0da01225dc1
1106,aslı.zip,65,66,tatbikat_videolarindan/vid06_martyrs_train/vid06_martyrs_train_0024.jpg,1920,1080,1,yolo/labels/tatbikat_videolarindan/vid06_martyrs_train/vid06_martyrs_train_0024.txt,true,dce4168aa5a886fcfdf37d8b8e5a2542cd21f2acda96459db694c79908d137c8
1107,aslı.zip,66,67,tatbikat_videolarindan/vid06_martyrs_train/vid06_martyrs_train_0025.jpg,1920,1080,1,yolo/labels/tatbikat_videolarindan/vid06_martyrs_train/vid06_martyrs_train_0025.txt,true,18d474b22e361751e578cbe5a6b125274852c1ac9d1b6a4853176c4db97c598b
1108,aslı.zip,67,68,tatbikat_videolarindan/vid06_martyrs_train/vid06_martyrs_train_0026.jpg,1920,1080,3,yolo/labels/tatbikat_videolarindan/vid06_martyrs_train/vid06_martyrs_train_0026.txt,true,cb88804e5fca46da76fd0245b35f84d22c7341ebc5abe31148d3680c3c299d92
1109,aslı.zip,68,69,tatbikat_videolarindan/vid06_martyrs_train/vid06_martyrs_train_0029.jpg,1920,1080,0,yolo/labels/tatbikat_videolarindan/vid06_martyrs_train/vid06_martyrs_train_0029.txt,true,2c39c09a0bc7fa1c6de7dcaeaaa568b576372d2c14b9c069cf5d2980e757da27
1110,aslı.zip,69,70,tatbikat_videolarindan/vid06_martyrs_train/vid06_martyrs_train_0030.jpg,1920,1080,0,yolo/labels/tatbikat_videolarindan/vid06_martyrs_train/vid06_martyrs_train_0030.txt,true,22a7f5f352a06d1820d6200f1190cf1a39e6fe59708cf1dd2069dbf624a48b6d
1111,aslı.zip,70,71,tatbikat_videolarindan/vid06_martyrs_train/vid06_martyrs_train_0031.jpg,1920,1080,0,yolo/labels/tatbikat_videolarindan/vid06_martyrs_train/vid06_martyrs_train_0031.txt,true,0c3ae6cae394b767e1cf6834ab03bd1cd798650d54b2117dc08e1d8ddd8f70a7
1112,aslı.zip,71,72,tatbikat_videolarindan/vid06_martyrs_train/vid06_martyrs_train_0032.jpg,1920,1080,2,yolo/labels/tatbikat_videolarindan/vid06_martyrs_train/vid06_martyrs_train_0032.txt,true,b6313c0962d8cbc771022bfd66944ad1b9fd94aa4a1f4f7639cc51ccd5962238
1113,aslı.zip,72,73,tatbikat_videolarindan/vid06_martyrs_train/vid06_martyrs_train_0033.jpg,1920,1080,0,yolo/labels/tatbikat_videolarindan/vid06_martyrs_train/vid06_martyrs_train_0033.txt,true,84163a1fd66f3129e8a78a7105c5cb40cd267b753a447d5a59a8dda1bdc896d2
1114,aslı.zip,73,74,tatbikat_videolarindan/vid06_martyrs_train/vid06_martyrs_train_0034.jpg,1920,1080,1,yolo/labels/tatbikat_videolarindan/vid06_martyrs_train/vid06_martyrs_train_0034.txt,true,77f0cf6dd8aa453a33e2ffaf6478dff90ab97d86c091c8df1d0ad3ee552bc189
1115,aslı.zip,74,75,tatbikat_videolarindan/vid06_martyrs_train/vid06_martyrs_train_0035.jpg,1920,1080,0,yolo/labels/tatbikat_videolarindan/vid06_martyrs_train/vid06_martyrs_train_0035.txt,true,bd4ba218d6207a37788e025332bef5c42a8c22b61354fba3bd6de3bf86cafa81
1116,aslı.zip,75,76,tatbikat_videolarindan/vid06_martyrs_train/vid06_martyrs_train_0036.jpg,1920,1080,2,yolo/labels/tatbikat_videolarindan/vid06_martyrs_train/vid06_martyrs_train_0036.txt,true,f4050506e1e51bede04eaea16717e3b6705a54f116071838f108c74173ea76d4
1117,aslı.zip,76,77,tatbikat_videolarindan/vid06_martyrs_train/vid06_martyrs_train_0037.jpg,1920,1080,0,yolo/labels/tatbikat_videolarindan/vid06_martyrs_train/vid06_martyrs_train_0037.txt,true,9479554d5b70c90a1c74bf3027dd628c468f42fa8a6b84a59a42af2b7615acd6
1118,aslı.zip,77,78,tatbikat_videolarindan/vid06_martyrs_train/vid06_martyrs_train_0038.jpg,1920,1080,0,yolo/labels/tatbikat_videolarindan/vid06_martyrs_train/vid06_martyrs_train_0038.txt,true,0cc641b23e1402677d84634f16f71f155fb0e094b51b37189ab4f1775c932334
1119,aslı.zip,78,79,tatbikat_videolarindan/vid06_martyrs_train/vid06_martyrs_train_0039.jpg,1920,1080,1,yolo/labels/tatbikat_videolarindan/vid06_martyrs_train/vid06_martyrs_train_0039.txt,true,1255f2e70509860426a7f3eda8ed1bcb7da2b8f0328707b84a830c93ab262e82
1120,aslı.zip,79,80,tatbikat_videolarindan/vid06_martyrs_train/vid06_martyrs_train_0040.jpg,1920,1080,1,yolo/labels/tatbikat_videolarindan/vid06_martyrs_train/vid06_martyrs_train_0040.txt,true,c2a04ec363994418d1a0d5605fc8abb78c6a1cbc444f869f6becc4dfc9a63746
1121,aslı.zip,80,81,tatbikat_videolarindan/vid06_martyrs_train/vid06_martyrs_train_0041.jpg,1920,1080,2,yolo/labels/tatbikat_videolarindan/vid06_martyrs_train/vid06_martyrs_train_0041.txt,true,c1d8692d9fc4c4379fd667762ae5bc3c659118ced517de42693af49e449a2519
1122,aslı.zip,81,82,tatbikat_videolarindan/vid06_martyrs_train/vid06_martyrs_train_0042.jpg,1920,1080,3,yolo/labels/tatbikat_videolarindan/vid06_martyrs_train/vid06_martyrs_train_0042.txt,true,3b89063de6b728d647ca9a5603b238f604134bd909bad8ffd5ad6cbe9c866347
1123,aslı.zip,82,83,tatbikat_videolarindan/vid06_martyrs_train/vid06_martyrs_train_0043.jpg,1920,1080,3,yolo/labels/tatbikat_videolarindan/vid06_martyrs_train/vid06_martyrs_train_0043.txt,true,d5a558919bfe0a7898a9e6189f3862315226375b3bda83b76649692289192619
1124,aslı.zip,83,84,tatbikat_videolarindan/vid06_martyrs_train/vid06_martyrs_train_0044.jpg,1920,1080,3,yolo/labels/tatbikat_videolarindan/vid06_martyrs_train/vid06_martyrs_train_0044.txt,true,de6bea9165f6480abeb51e912532a6f5333912fd42ea672f5416708bc9d79842
1125,aslı.zip,84,85,tatbikat_videolarindan/vid06_martyrs_train/vid06_martyrs_train_0045.jpg,1920,1080,2,yolo/labels/tatbikat_videolarindan/vid06_martyrs_train/vid06_martyrs_train_0045.txt,true,2399b01a297b8b87d105f393038694f9dbdaf83eb4f28759abefaefdd86339c2
1126,aslı.zip,85,86,tatbikat_videolarindan/vid06_martyrs_train/vid06_martyrs_train_0046.jpg,1920,1080,3,yolo/labels/tatbikat_videolarindan/vid06_martyrs_train/vid06_martyrs_train_0046.txt,true,5501e664e430896c8d40229d97956af24cb3a1918a8974e0496b4d26bea74034
1127,aslı.zip,86,87,tatbikat_videolarindan/vid06_martyrs_train/vid06_martyrs_train_0047.jpg,1920,1080,2,yolo/labels/tatbikat_videolarindan/vid06_martyrs_train/vid06_martyrs_train_0047.txt,true,50b56a1a0b698fb050598eeaf2d02402cd5999a41a6ab9e85ca0b54404abe3f9
1128,aslı.zip,87,88,tatbikat_videolarindan/vid06_martyrs_train/vid06_martyrs_train_0048.jpg,1920,1080,1,yolo/labels/tatbikat_videolarindan/vid06_martyrs_train/vid06_martyrs_train_0048.txt,true,a9c731ab57a75de81fdeaf68e8c5fe2fd7c947a0d85e52a57949769b6ac3335e
1129,aslı.zip,88,89,tatbikat_videolarindan/vid06_martyrs_train/vid06_martyrs_train_0049.jpg,1920,1080,0,yolo/labels/tatbikat_videolarindan/vid06_martyrs_train/vid06_martyrs_train_0049.txt,true,61e484e9c54f6bc911e944c14e1551498dad32c44016be7402ba214f61be7d63
1130,aslı.zip,89,90,tatbikat_videolarindan/vid06_martyrs_train/vid06_martyrs_train_0050.jpg,1920,1080,1,yolo/labels/tatbikat_videolarindan/vid06_martyrs_train/vid06_martyrs_train_0050.txt,true,c828ebe9b2547242eee77fbedf8a544dece4f8faa582b4895d56f6803f571e82
1131,aslı.zip,90,91,tatbikat_videolarindan/vid06_martyrs_train/vid06_martyrs_train_0051.jpg,1920,1080,2,yolo/labels/tatbikat_videolarindan/vid06_martyrs_train/vid06_martyrs_train_0051.txt,true,cc29094a7ce6de8f4540e35c1dbe1b71de81279771574c36fd2439847ed67b36
1132,aslı.zip,91,92,tatbikat_videolarindan/vid06_martyrs_train/vid06_martyrs_train_0052.jpg,1920,1080,1,yolo/labels/tatbikat_videolarindan/vid06_martyrs_train/vid06_martyrs_train_0052.txt,true,327a6474016c6c314160055fdcc454798f52b2b3dc6e064cc4cd86b0cb628437
1133,aslı.zip,92,93,tatbikat_videolarindan/vid06_martyrs_train/vid06_martyrs_train_0053.jpg,1920,1080,1,yolo/labels/tatbikat_videolarindan/vid06_martyrs_train/vid06_martyrs_train_0053.txt,true,a6ea372751558edf535153561aef220dc3e4c5241c98b0ff29d23a53e2baf1ae
1134,aslı.zip,93,94,tatbikat_videolarindan/vid06_martyrs_train/vid06_martyrs_train_0054.jpg,1920,1080,1,yolo/labels/tatbikat_videolarindan/vid06_martyrs_train/vid06_martyrs_train_0054.txt,true,1fbabd3661adc8cf9db6da00327f941b9bd79881482599c590afa4ffaf8bfd1a
1135,aslı.zip,94,95,tatbikat_videolarindan/vid06_martyrs_train/vid06_martyrs_train_0055.jpg,1920,1080,2,yolo/labels/tatbikat_videolarindan/vid06_martyrs_train/vid06_martyrs_train_0055.txt,true,019a6da4a6118ec0173033c582d6ad6281ab6fec74fe6194625c7278e5764614
1136,aslı.zip,95,96,tatbikat_videolarindan/vid06_martyrs_train/vid06_martyrs_train_0056.jpg,1920,1080,2,yolo/labels/tatbikat_videolarindan/vid06_martyrs_train/vid06_martyrs_train_0056.txt,true,153d8a88e2bd3efd8669c9aa48f7ebc2457b913f0e258693cebc3d217baa094d
1137,aslı.zip,96,97,tatbikat_videolarindan/vid06_martyrs_train/vid06_martyrs_train_0057.jpg,1920,1080,2,yolo/labels/tatbikat_videolarindan/vid06_martyrs_train/vid06_martyrs_train_0057.txt,true,c5994d11ab53cdc55cf22a649d29be30ea8fdd36dc2f506888eb4bbd846e0528
1138,aslı.zip,97,98,tatbikat_videolarindan/vid06_martyrs_train/vid06_martyrs_train_0058.jpg,1920,1080,2,yolo/labels/tatbikat_videolarindan/vid06_martyrs_train/vid06_martyrs_train_0058.txt,true,636fa5dbddd0f15a8568308d84f90e15d727e22f34cd4003006f62f393e36720
1139,aslı.zip,98,99,tatbikat_videolarindan/vid06_martyrs_train/vid06_martyrs_train_0061.jpg,1920,1080,4,yolo/labels/tatbikat_videolarindan/vid06_martyrs_train/vid06_martyrs_train_0061.txt,true,b296540f93a65d07d855f0bb67d80565a9bf789925337eeeac1b846850396768
1140,aslı.zip,99,100,tatbikat_videolarindan/vid06_martyrs_train/vid06_martyrs_train_0062.jpg,1920,1080,8,yolo/labels/tatbikat_videolarindan/vid06_martyrs_train/vid06_martyrs_train_0062.txt,true,72b35a9bd2b31984e0420ac9849cb21edd0e866e44f473c8b507ca3a5d3bfbc6
1141,aslı.zip,100,101,tatbikat_videolarindan/vid06_martyrs_train/vid06_martyrs_train_0064.jpg,1920,1080,2,yolo/labels/tatbikat_videolarindan/vid06_martyrs_train/vid06_martyrs_train_0064.txt,true,8e97bdabaa32dd3df4fdc352bff7e523d5e6c35979076d5b39f256d649da62e7
1142,aslı.zip,101,102,tatbikat_videolarindan/vid06_martyrs_train/vid06_martyrs_train_0066.jpg,1920,1080,2,yolo/labels/tatbikat_videolarindan/vid06_martyrs_train/vid06_martyrs_train_0066.txt,true,04d0959373ded010ef9171a13148340c284ef49d37174fe30ee16a2e4ff3aa7f
1143,aslı.zip,102,103,tatbikat_videolarindan/vid06_martyrs_train/vid06_martyrs_train_0069.jpg,1920,1080,54,yolo/labels/tatbikat_videolarindan/vid06_martyrs_train/vid06_martyrs_train_0069.txt,true,faad95a5569008a41f5682a710be6dfcf156462e958fb32b7c5b1709e4714c1a
1144,aslı.zip,103,104,tatbikat_videolarindan/vid06_martyrs_train/vid06_martyrs_train_0071.jpg,1920,1080,52,yolo/labels/tatbikat_videolarindan/vid06_martyrs_train/vid06_martyrs_train_0071.txt,true,919c718b6370f5314ecb8df5299f0ca8f43ddcf458365f105befb52cf9a38322
1145,aslı.zip,104,105,tatbikat_videolarindan/vid06_martyrs_train/vid06_martyrs_train_0072.jpg,1920,1080,43,yolo/labels/tatbikat_videolarindan/vid06_martyrs_train/vid06_martyrs_train_0072.txt,true,dca7a39ffcaefe20e540819d9fc655ec7b5dba8f857cfe91c76dd3afe788a07b
1146,aslı.zip,105,106,tatbikat_videolarindan/vid07_police_special_operations_voic/vid07_police_special_operations_voic_0007.jpg,1920,1080,1,yolo/labels/tatbikat_videolarindan/vid07_police_special_operations_voic/vid07_police_special_operations_voic_0007.txt,true,caf6dbbf804ad0988277d75e7775fbe15e0f087129e4b8fd0dde0de52c3c375e
1147,aslı.zip,106,107,tatbikat_videolarindan/vid07_police_special_operations_voic/vid07_police_special_operations_voic_0008.jpg,1920,1080,1,yolo/labels/tatbikat_videolarindan/vid07_police_special_operations_voic/vid07_police_special_operations_voic_0008.txt,true,2a80c1a67f139dc4535d5cd3d4e46aeb74fc411cde7eac3f6a4d65d29d886270
1148,aslı.zip,107,108,tatbikat_videolarindan/vid07_police_special_operations_voic/vid07_police_special_operations_voic_0009.jpg,1920,1080,0,yolo/labels/tatbikat_videolarindan/vid07_police_special_operations_voic/vid07_police_special_operations_voic_0009.txt,true,9c04ca8faba5bbe9bff53ad6a69c1b9332f7326340ec5a40386c905acfcbc257
1149,aslı.zip,108,109,tatbikat_videolarindan/vid07_police_special_operations_voic/vid07_police_special_operations_voic_0011.jpg,1920,1080,0,yolo/labels/tatbikat_videolarindan/vid07_police_special_operations_voic/vid07_police_special_operations_voic_0011.txt,true,151c9dbf8365da2f7e2c1df66f386b0421c5bb86dd8c10cf83a2a0af5525728b
1150,aslı.zip,109,110,tatbikat_videolarindan/vid07_police_special_operations_voic/vid07_police_special_operations_voic_0014.jpg,1920,1080,1,yolo/labels/tatbikat_videolarindan/vid07_police_special_operations_voic/vid07_police_special_operations_voic_0014.txt,true,382d1fd2232b5f0418c029f9c234e05f20439c93e72f2f01629f4d861497990c
1151,aslı.zip,110,111,tatbikat_videolarindan/vid07_police_special_operations_voic/vid07_police_special_operations_voic_0015.jpg,1920,1080,1,yolo/labels/tatbikat_videolarindan/vid07_police_special_operations_voic/vid07_police_special_operations_voic_0015.txt,true,5fd61f3786af79b48ea32125ce47ed1ae04489f5bb7fb3c52be8a09272610ea3
1152,aslı.zip,111,112,tatbikat_videolarindan/vid07_police_special_operations_voic/vid07_police_special_operations_voic_0016.jpg,1920,1080,1,yolo/labels/tatbikat_videolarindan/vid07_police_special_operations_voic/vid07_police_special_operations_voic_0016.txt,true,88f2f1626a9a90fc58b0ecdd049a637e6a64057b546f7d3654dbda668da5cfe6
1153,aslı.zip,112,113,tatbikat_videolarindan/vid07_police_special_operations_voic/vid07_police_special_operations_voic_0017.jpg,1920,1080,1,yolo/labels/tatbikat_videolarindan/vid07_police_special_operations_voic/vid07_police_special_operations_voic_0017.txt,true,13466157c75a12278694ca83c1c8dfd1f2bf6531277b35b61a63c9663db0e313
1154,aslı.zip,113,114,tatbikat_videolarindan/vid07_police_special_operations_voic/vid07_police_special_operations_voic_0018.jpg,1920,1080,1,yolo/labels/tatbikat_videolarindan/vid07_police_special_operations_voic/vid07_police_special_operations_voic_0018.txt,true,67211ead774a9a45598a56aeeca0cec50fe7a0857742d88282efd4dc109df3e5
1155,aslı.zip,114,115,tatbikat_videolarindan/vid07_police_special_operations_voic/vid07_police_special_operations_voic_0019.jpg,1920,1080,1,yolo/labels/tatbikat_videolarindan/vid07_police_special_operations_voic/vid07_police_special_operations_voic_0019.txt,true,67ad86195764d0cffb0b9518562f37ce5f8735d5e87b50c791e60e62014b354f
1156,aslı.zip,115,116,tatbikat_videolarindan/vid07_police_special_operations_voic/vid07_police_special_operations_voic_0020.jpg,1920,1080,0,yolo/labels/tatbikat_videolarindan/vid07_police_special_operations_voic/vid07_police_special_operations_voic_0020.txt,true,24028aa4498a8f0569c0aa3b773ce02c4b4bfce99656c3ff7175e7039e286b1f
1157,aslı.zip,116,117,tatbikat_videolarindan/vid07_police_special_operations_voic/vid07_police_special_operations_voic_0021.jpg,1920,1080,0,yolo/labels/tatbikat_videolarindan/vid07_police_special_operations_voic/vid07_police_special_operations_voic_0021.txt,true,ec394c26d4ce753f9ce0770f08f339e1f8492a77c660da4c509117542a4a0ea3
1158,aslı.zip,117,118,tatbikat_videolarindan/vid07_police_special_operations_voic/vid07_police_special_operations_voic_0022.jpg,1920,1080,3,yolo/labels/tatbikat_videolarindan/vid07_police_special_operations_voic/vid07_police_special_operations_voic_0022.txt,true,80eb4a474d93ed96d86fe6baa6ae07e98802798d08c231d8c3c448ab94dc38ac
1159,aslı.zip,118,119,tatbikat_videolarindan/vid07_police_special_operations_voic/vid07_police_special_operations_voic_0023.jpg,1920,1080,2,yolo/labels/tatbikat_videolarindan/vid07_police_special_operations_voic/vid07_police_special_operations_voic_0023.txt,true,32ca9e4f59b04500842d9e4c3bf3a0d5ce322904268d3986d7a9dba39c08e196
1160,aslı.zip,119,120,tatbikat_videolarindan/vid07_police_special_operations_voic/vid07_police_special_operations_voic_0024.jpg,1920,1080,2,yolo/labels/tatbikat_videolarindan/vid07_police_special_operations_voic/vid07_police_special_operations_voic_0024.txt,true,4ec086b7bd141e48f59b988b82011001300e1415cf666d13ef5ba587636c1218
1161,aslı.zip,120,121,tatbikat_videolarindan/vid07_police_special_operations_voic/vid07_police_special_operations_voic_0025.jpg,1920,1080,2,yolo/labels/tatbikat_videolarindan/vid07_police_special_operations_voic/vid07_police_special_operations_voic_0025.txt,true,ef37233098f161e36c910cf5d812977b5764d041a59c28fbd14be9d2d78dbe71
1162,aslı.zip,121,122,tatbikat_videolarindan/vid07_police_special_operations_voic/vid07_police_special_operations_voic_0026.jpg,1920,1080,1,yolo/labels/tatbikat_videolarindan/vid07_police_special_operations_voic/vid07_police_special_operations_voic_0026.txt,true,da87915639ec0d5ea11f352dbc72f05c3ce31940cc70d8ee109803d7ab063ae4
1163,aslı.zip,122,123,tatbikat_videolarindan/vid07_police_special_operations_voic/vid07_police_special_operations_voic_0027.jpg,1920,1080,1,yolo/labels/tatbikat_videolarindan/vid07_police_special_operations_voic/vid07_police_special_operations_voic_0027.txt,true,e11858bb355d6d781a7fb1fe3f1d908f248da443253ff9f65793493dff2e2f8e
1164,aslı.zip,123,124,tatbikat_videolarindan/vid07_police_special_operations_voic/vid07_police_special_operations_voic_0028.jpg,1920,1080,1,yolo/labels/tatbikat_videolarindan/vid07_police_special_operations_voic/vid07_police_special_operations_voic_0028.txt,true,cee645545274c15887c61a7c87b8e43d58b49443f5cc068e24ca1e263be091ad
1165,aslı.zip,124,125,tatbikat_videolarindan/vid07_police_special_operations_voic/vid07_police_special_operations_voic_0031.jpg,1920,1080,0,yolo/labels/tatbikat_videolarindan/vid07_police_special_operations_voic/vid07_police_special_operations_voic_0031.txt,true,47816330241297d0499ad9986f65f250060c29ab3ad766fe8ecf943cfe9e4888
1166,aslı.zip,125,126,tatbikat_videolarindan/vid07_police_special_operations_voic/vid07_police_special_operations_voic_0032.jpg,1920,1080,0,yolo/labels/tatbikat_videolarindan/vid07_police_special_operations_voic/vid07_police_special_operations_voic_0032.txt,true,737ada3124eeaa0ede848f0dd8d15071d48a02643cc989c45d02ed3af9a5647e
1167,aslı.zip,126,127,tatbikat_videolarindan/vid07_police_special_operations_voic/vid07_police_special_operations_voic_0033.jpg,1920,1080,0,yolo/labels/tatbikat_videolarindan/vid07_police_special_operations_voic/vid07_police_special_operations_voic_0033.txt,true,1bfebae3b2ca145c1377a2058332a5fa7b68271213eab7f1efb0419b9ec2b761
1168,aslı.zip,127,128,tatbikat_videolarindan/vid07_police_special_operations_voic/vid07_police_special_operations_voic_0034.jpg,1920,1080,0,yolo/labels/tatbikat_videolarindan/vid07_police_special_operations_voic/vid07_police_special_operations_voic_0034.txt,true,5605cf46c4951354db61e91c2a823274874d28d7950e37cfc2f7165a4c2dd53a
1169,aslı.zip,128,129,tatbikat_videolarindan/vid07_police_special_operations_voic/vid07_police_special_operations_voic_0035.jpg,1920,1080,0,yolo/labels/tatbikat_videolarindan/vid07_police_special_operations_voic/vid07_police_special_operations_voic_0035.txt,true,0470da51beb73b070ad7a532133434b2ff856477a1d5c7b19f0d57e558e2cf28
1170,aslı.zip,129,130,tatbikat_videolarindan/vid07_police_special_operations_voic/vid07_police_special_operations_voic_0037.jpg,1920,1080,0,yolo/labels/tatbikat_videolarindan/vid07_police_special_operations_voic/vid07_police_special_operations_voic_0037.txt,true,3133e09af0caf40f341a32cae8f683484d7dc41a79ac76d222b2824690b7cb29
1171,aslı.zip,130,131,tatbikat_videolarindan/vid07_police_special_operations_voic/vid07_police_special_operations_voic_0038.jpg,1920,1080,0,yolo/labels/tatbikat_videolarindan/vid07_police_special_operations_voic/vid07_police_special_operations_voic_0038.txt,true,2ced1ac2e250c5b9b2177ae629f611005d2dca54be9c48f1f03d73e5d01d7150
1172,aslı.zip,131,132,tatbikat_videolarindan/vid07_police_special_operations_voic/vid07_police_special_operations_voic_0039.jpg,1920,1080,0,yolo/labels/tatbikat_videolarindan/vid07_police_special_operations_voic/vid07_police_special_operations_voic_0039.txt,true,00787bea02a7c23a46d8d1165d25705a40cfb85a84986bc6f9ba866e6e888cd9
1173,aslı.zip,132,133,tatbikat_videolarindan/vid07_police_special_operations_voic/vid07_police_special_operations_voic_0040.jpg,1920,1080,0,yolo/labels/tatbikat_videolarindan/vid07_police_special_operations_voic/vid07_police_special_operations_voic_0040.txt,true,c5a376a8c9fef8a64e92f03ef9178f155075881d8763574e56a86bf49427942c
1174,aslı.zip,133,134,tatbikat_videolarindan/vid07_police_special_operations_voic/vid07_police_special_operations_voic_0041.jpg,1920,1080,0,yolo/labels/tatbikat_videolarindan/vid07_police_special_operations_voic/vid07_police_special_operations_voic_0041.txt,true,ebb137fe3961eac4a9e461656e88a313005ad25853c0fd3b47afcc2887190b51
1175,aslı.zip,134,135,tatbikat_videolarindan/vid07_police_special_operations_voic/vid07_police_special_operations_voic_0043.jpg,1920,1080,0,yolo/labels/tatbikat_videolarindan/vid07_police_special_operations_voic/vid07_police_special_operations_voic_0043.txt,true,72cb8c25f6560ea019011c050b37cd53b287c8468a7065d212d100c55fd2988f
1176,aslı.zip,135,136,tatbikat_videolarindan/vid07_police_special_operations_voic/vid07_police_special_operations_voic_0044.jpg,1920,1080,0,yolo/labels/tatbikat_videolarindan/vid07_police_special_operations_voic/vid07_police_special_operations_voic_0044.txt,true,a27202c3a4e1898afecd22a83e77cdc268886fe31c99acbf32f896b0c96bc6f6
1177,aslı.zip,136,137,tatbikat_videolarindan/vid07_police_special_operations_voic/vid07_police_special_operations_voic_0045.jpg,1920,1080,0,yolo/labels/tatbikat_videolarindan/vid07_police_special_operations_voic/vid07_police_special_operations_voic_0045.txt,true,cb2bcfa2320839bd1134b4647126f919421c59a7109272daa5023ed7e30c69a0
1178,aslı.zip,137,138,tatbikat_videolarindan/vid07_police_special_operations_voic/vid07_police_special_operations_voic_0046.jpg,1920,1080,0,yolo/labels/tatbikat_videolarindan/vid07_police_special_operations_voic/vid07_police_special_operations_voic_0046.txt,true,d314b01b9ff3bda92b04213b6bb2fba0582b883278d7d8d974834fdc29bf690a
1179,aslı.zip,138,139,tatbikat_videolarindan/vid07_police_special_operations_voic/vid07_police_special_operations_voic_0047.jpg,1920,1080,0,yolo/labels/tatbikat_videolarindan/vid07_police_special_operations_voic/vid07_police_special_operations_voic_0047.txt,true,a4fd9b6e42224c07aa5a27a19e6ef11db7ee4c1981e3175611a6a6f0666d992c
1180,aslı.zip,139,140,tatbikat_videolarindan/vid07_police_special_operations_voic/vid07_police_special_operations_voic_0048.jpg,1920,1080,0,yolo/labels/tatbikat_videolarindan/vid07_police_special_operations_voic/vid07_police_special_operations_voic_0048.txt,true,91318e1ac1c0d9378d10062070f3c033b8f862f8906282a07624594c3bfcdb96
1181,aslı.zip,140,141,tatbikat_videolarindan/vid07_police_special_operations_voic/vid07_police_special_operations_voic_0049.jpg,1920,1080,0,yolo/labels/tatbikat_videolarindan/vid07_police_special_operations_voic/vid07_police_special_operations_voic_0049.txt,true,9c9141d938472e08fb080fccf8948fa305609bcd28f600b92b1ae96eb6bbf7e7
1182,aslı.zip,141,142,tatbikat_videolarindan/vid07_police_special_operations_voic/vid07_police_special_operations_voic_0050.jpg,1920,1080,0,yolo/labels/tatbikat_videolarindan/vid07_police_special_operations_voic/vid07_police_special_operations_voic_0050.txt,true,39a6650b6e51a0f27ff6ab4dc8827315d91ea2b52a06c1bbf97a5919fba27367
1183,aslı.zip,142,143,tatbikat_videolarindan/vid07_police_special_operations_voic/vid07_police_special_operations_voic_0051.jpg,1920,1080,0,yolo/labels/tatbikat_videolarindan/vid07_police_special_operations_voic/vid07_police_special_operations_voic_0051.txt,true,966ca7eee2c3d9fb986360f673758de5dcb335b6475165207c039b29a0edce0b
1184,aslı.zip,143,144,tatbikat_videolarindan/vid07_police_special_operations_voic/vid07_police_special_operations_voic_0052.jpg,1920,1080,5,yolo/labels/tatbikat_videolarindan/vid07_police_special_operations_voic/vid07_police_special_operations_voic_0052.txt,true,53184e9e00f71989c20f702b577fe31950290d9a034d3e5b70f49866414fd01d
1185,aslı.zip,144,145,tatbikat_videolarindan/vid07_police_special_operations_voic/vid07_police_special_operations_voic_0053.jpg,1920,1080,0,yolo/labels/tatbikat_videolarindan/vid07_police_special_operations_voic/vid07_police_special_operations_voic_0053.txt,true,70f970306e2577a6e99a487e564c1de38d43dd5814d5335d3b231b0c16f45288
1186,aslı.zip,145,146,tatbikat_videolarindan/vid07_police_special_operations_voic/vid07_police_special_operations_voic_0054.jpg,1920,1080,0,yolo/labels/tatbikat_videolarindan/vid07_police_special_operations_voic/vid07_police_special_operations_voic_0054.txt,true,51489fd2fa37fc8a8af400d326f5aac8261d42b9575d742c2a06cfa2ec02d0e7
1187,aslı.zip,146,147,tatbikat_videolarindan/vid07_police_special_operations_voic/vid07_police_special_operations_voic_0055.jpg,1920,1080,0,yolo/labels/tatbikat_videolarindan/vid07_police_special_operations_voic/vid07_police_special_operations_voic_0055.txt,true,6c4edb9ea7f79da682e0c6ccb9b8fe646b507a467ef96d6d44b28c67c86af708
1188,aslı.zip,147,148,tatbikat_videolarindan/vid07_police_special_operations_voic/vid07_police_special_operations_voic_0057.jpg,1920,1080,0,yolo/labels/tatbikat_videolarindan/vid07_police_special_operations_voic/vid07_police_special_operations_voic_0057.txt,true,b4f64a9062a4f2e3dd3323ffd2ff584cca4957ed51a285123177c353cc674ad2
1189,aslı.zip,148,149,tatbikat_videolarindan/vid07_police_special_operations_voic/vid07_police_special_operations_voic_0058.jpg,1920,1080,0,yolo/labels/tatbikat_videolarindan/vid07_police_special_operations_voic/vid07_police_special_operations_voic_0058.txt,true,571b4100eec8db58105fbcf09fb0906ea2e7d06d538a6c8fe3838fce64ab29d1
1190,aslı.zip,149,150,tatbikat_videolarindan/vid07_police_special_operations_voic/vid07_police_special_operations_voic_0059.jpg,1920,1080,1,yolo/labels/tatbikat_videolarindan/vid07_police_special_operations_voic/vid07_police_special_operations_voic_0059.txt,true,4d629e99ca0d410ebff7dd4adeec636952d49359c6a35dcafb25165ab6e9e283
1191,aslı.zip,150,151,tatbikat_videolarindan/vid07_police_special_operations_voic/vid07_police_special_operations_voic_0060.jpg,1920,1080,1,yolo/labels/tatbikat_videolarindan/vid07_police_special_operations_voic/vid07_police_special_operations_voic_0060.txt,true,ac0feeabe165907c7053cc51fddeb489e792c011398832c3546be958f043d316
1192,aslı.zip,151,152,tatbikat_videolarindan/vid07_police_special_operations_voic/vid07_police_special_operations_voic_0061.jpg,1920,1080,1,yolo/labels/tatbikat_videolarindan/vid07_police_special_operations_voic/vid07_police_special_operations_voic_0061.txt,true,13d54f3fa07a73ba3c8cec8a887aca3b0589169dc0a3cdecb447d86099781b6c
1193,aslı.zip,152,153,tatbikat_videolarindan/vid07_police_special_operations_voic/vid07_police_special_operations_voic_0062.jpg,1920,1080,1,yolo/labels/tatbikat_videolarindan/vid07_police_special_operations_voic/vid07_police_special_operations_voic_0062.txt,true,bb5ecc9031c7b33d2de25915de115124279ecc32a8081c9f628082f40646af92
1194,aslı.zip,153,154,tatbikat_videolarindan/vid07_police_special_operations_voic/vid07_police_special_operations_voic_0063.jpg,1920,1080,0,yolo/labels/tatbikat_videolarindan/vid07_police_special_operations_voic/vid07_police_special_operations_voic_0063.txt,true,2ad9d9f5fbb02d0092f48fa417fb1decc0374c9d5aafc86b1c3d23fce36210b5
1195,aslı.zip,154,155,tatbikat_videolarindan/vid07_police_special_operations_voic/vid07_police_special_operations_voic_0064.jpg,1920,1080,0,yolo/labels/tatbikat_videolarindan/vid07_police_special_operations_voic/vid07_police_special_operations_voic_0064.txt,true,0ee3f4a50082758db2e4168f5b79892b9802e1a043934b0044f501d285f15a08
1196,aslı.zip,155,156,tatbikat_videolarindan/vid07_police_special_operations_voic/vid07_police_special_operations_voic_0065.jpg,1920,1080,1,yolo/labels/tatbikat_videolarindan/vid07_police_special_operations_voic/vid07_police_special_operations_voic_0065.txt,true,66e6b00441e764d9a30dc501bad9d35a2ace8d2d800cbb42a123cc95cb35d002
1197,aslı.zip,156,157,tatbikat_videolarindan/vid07_police_special_operations_voic/vid07_police_special_operations_voic_0066.jpg,1920,1080,1,yolo/labels/tatbikat_videolarindan/vid07_police_special_operations_voic/vid07_police_special_operations_voic_0066.txt,true,8078b1f384e7dfb3379732d81b70e673b344b367a8ba900d837a27fd194d6cb7
1198,aslı.zip,157,158,tatbikat_videolarindan/vid08_pol_s_zel_harekat/vid08_pol_s_zel_harekat_0009.jpg,1920,1080,2,yolo/labels/tatbikat_videolarindan/vid08_pol_s_zel_harekat/vid08_pol_s_zel_harekat_0009.txt,true,e292dd2b52df93c87f84007cf1c77b19133c531c9f7b560d869efe9e69afd1bd
1199,aslı.zip,158,159,tatbikat_videolarindan/vid08_pol_s_zel_harekat/vid08_pol_s_zel_harekat_0011.jpg,1920,1080,2,yolo/labels/tatbikat_videolarindan/vid08_pol_s_zel_harekat/vid08_pol_s_zel_harekat_0011.txt,true,ce2bab1c7a457232d966f2a3f27073acd9727eba662f47fd7f36d77079e2a7ef
1200,aslı.zip,159,160,tatbikat_videolarindan/vid08_pol_s_zel_harekat/vid08_pol_s_zel_harekat_0012.jpg,1920,1080,2,yolo/labels/tatbikat_videolarindan/vid08_pol_s_zel_harekat/vid08_pol_s_zel_harekat_0012.txt,true,c273c98552786afb0667f93ebe40f2a2fa58fe959c4436ba85a3e19f299e9af9
1201,aslı.zip,160,161,tatbikat_videolarindan/vid08_pol_s_zel_harekat/vid08_pol_s_zel_harekat_0013.jpg,1920,1080,4,yolo/labels/tatbikat_videolarindan/vid08_pol_s_zel_harekat/vid08_pol_s_zel_harekat_0013.txt,true,a07199d8e2e4dce274d118dbd558c64f0813570707141694065b085a70866636
1202,aslı.zip,161,162,tatbikat_videolarindan/vid08_pol_s_zel_harekat/vid08_pol_s_zel_harekat_0015.jpg,1920,1080,3,yolo/labels/tatbikat_videolarindan/vid08_pol_s_zel_harekat/vid08_pol_s_zel_harekat_0015.txt,true,257938860f3c750a9f9497a1c84f06ebd3547686ac75f69aa7550fdfb42a7c1b
1203,aslı.zip,162,163,tatbikat_videolarindan/vid08_pol_s_zel_harekat/vid08_pol_s_zel_harekat_0016.jpg,1920,1080,5,yolo/labels/tatbikat_videolarindan/vid08_pol_s_zel_harekat/vid08_pol_s_zel_harekat_0016.txt,true,e06149ee9a45c9f81d2eaf94f16a9ab7c12b25c7e7b6db186627f883e39ee545
1204,aslı.zip,163,164,tatbikat_videolarindan/vid08_pol_s_zel_harekat/vid08_pol_s_zel_harekat_0018.jpg,1920,1080,1,yolo/labels/tatbikat_videolarindan/vid08_pol_s_zel_harekat/vid08_pol_s_zel_harekat_0018.txt,true,9abb3d6ae44dd247568b02d7dee69a6c64ef73daa3b8330bb37611b256eea93f
1205,aslı.zip,164,165,tatbikat_videolarindan/vid08_pol_s_zel_harekat/vid08_pol_s_zel_harekat_0020.jpg,1920,1080,1,yolo/labels/tatbikat_videolarindan/vid08_pol_s_zel_harekat/vid08_pol_s_zel_harekat_0020.txt,true,8f3050a4c17b21f03ebbbd7d332b31472310f61f2897617f04a586e2b660f526
1206,aslı.zip,165,166,tatbikat_videolarindan/vid08_pol_s_zel_harekat/vid08_pol_s_zel_harekat_0022.jpg,1920,1080,0,yolo/labels/tatbikat_videolarindan/vid08_pol_s_zel_harekat/vid08_pol_s_zel_harekat_0022.txt,true,805ac166758b3c5525d8a6d46d1d5e11cf71ca42a70f6470961d0a3e3190592e
1207,aslı.zip,166,167,tatbikat_videolarindan/vid08_pol_s_zel_harekat/vid08_pol_s_zel_harekat_0023.jpg,1920,1080,3,yolo/labels/tatbikat_videolarindan/vid08_pol_s_zel_harekat/vid08_pol_s_zel_harekat_0023.txt,true,22c1864e34fc779d1409e026542f59715d67664978b114dbbcfb63000c518554
1208,aslı.zip,167,168,tatbikat_videolarindan/vid08_pol_s_zel_harekat/vid08_pol_s_zel_harekat_0024.jpg,1920,1080,0,yolo/labels/tatbikat_videolarindan/vid08_pol_s_zel_harekat/vid08_pol_s_zel_harekat_0024.txt,true,b43b3bde961e0897ea0aa5ffe58e70da423560b264707ef47c1a536e9a4bb4ac
1209,aslı.zip,168,169,tatbikat_videolarindan/vid08_pol_s_zel_harekat/vid08_pol_s_zel_harekat_0025.jpg,1920,1080,4,yolo/labels/tatbikat_videolarindan/vid08_pol_s_zel_harekat/vid08_pol_s_zel_harekat_0025.txt,true,4f6b4c69344d839a3a787eacf3609f893d96b11ee9068795eea016d2686f5603
1210,aslı.zip,169,170,tatbikat_videolarindan/vid08_pol_s_zel_harekat/vid08_pol_s_zel_harekat_0033.jpg,1920,1080,1,yolo/labels/tatbikat_videolarindan/vid08_pol_s_zel_harekat/vid08_pol_s_zel_harekat_0033.txt,true,ff77ca058d40dffbf6943df5ca760d4631231420706258472693d37248b8bdb5
1211,aslı.zip,170,171,tatbikat_videolarindan/vid08_pol_s_zel_harekat/vid08_pol_s_zel_harekat_0034.jpg,1920,1080,5,yolo/labels/tatbikat_videolarindan/vid08_pol_s_zel_harekat/vid08_pol_s_zel_harekat_0034.txt,true,fc8ebdf9cf2a6b074a501a35e1680a4fc3395bd1f422408ea75afa5645b92746
1212,aslı.zip,171,172,tatbikat_videolarindan/vid08_pol_s_zel_harekat/vid08_pol_s_zel_harekat_0035.jpg,1920,1080,3,yolo/labels/tatbikat_videolarindan/vid08_pol_s_zel_harekat/vid08_pol_s_zel_harekat_0035.txt,true,d6aa38910d2c293a1be92bdc936b846bf9dba34e8d15a2f35e9181d83220492b
1213,aslı.zip,172,173,tatbikat_videolarindan/vid08_pol_s_zel_harekat/vid08_pol_s_zel_harekat_0036.jpg,1920,1080,4,yolo/labels/tatbikat_videolarindan/vid08_pol_s_zel_harekat/vid08_pol_s_zel_harekat_0036.txt,true,ad566daab3f30321c596ce1e3b3a25e60529d43621d6165d196ab915b4cfdf49
1214,aslı.zip,173,174,tatbikat_videolarindan/vid08_pol_s_zel_harekat/vid08_pol_s_zel_harekat_0039.jpg,1920,1080,0,yolo/labels/tatbikat_videolarindan/vid08_pol_s_zel_harekat/vid08_pol_s_zel_harekat_0039.txt,true,bf54749a257d5ba568094c0d2dd9150a5a6eea60d6ff72305c78e94f9c4518fb
1215,aslı.zip,174,175,tatbikat_videolarindan/vid08_pol_s_zel_harekat/vid08_pol_s_zel_harekat_0041.jpg,1920,1080,1,yolo/labels/tatbikat_videolarindan/vid08_pol_s_zel_harekat/vid08_pol_s_zel_harekat_0041.txt,true,fda06010ac5ffce3cfae2e2dbbaf47e3cc83f2a0842e8df9ae366272afbb4134
1216,aslı.zip,175,176,tatbikat_videolarindan/vid08_pol_s_zel_harekat/vid08_pol_s_zel_harekat_0042.jpg,1920,1080,1,yolo/labels/tatbikat_videolarindan/vid08_pol_s_zel_harekat/vid08_pol_s_zel_harekat_0042.txt,true,4d1a4915eb912ebc2d5d8cf0a98833dc9d4d625726aacc9d9341fecc45667734
1217,aslı.zip,176,177,tatbikat_videolarindan/vid08_pol_s_zel_harekat/vid08_pol_s_zel_harekat_0043.jpg,1920,1080,6,yolo/labels/tatbikat_videolarindan/vid08_pol_s_zel_harekat/vid08_pol_s_zel_harekat_0043.txt,true,1e7bec664b5588a6345000004701246ebcda3aa8a578f265df7c66f889db41e2
1218,aslı.zip,177,178,tatbikat_videolarindan/vid08_pol_s_zel_harekat/vid08_pol_s_zel_harekat_0044.jpg,1920,1080,4,yolo/labels/tatbikat_videolarindan/vid08_pol_s_zel_harekat/vid08_pol_s_zel_harekat_0044.txt,true,0054c1dec548d5d9d3b498594d63e6c71bbc74f4c4aa25dc9ded1aedc9843b36
1219,aslı.zip,178,179,tatbikat_videolarindan/vid08_pol_s_zel_harekat/vid08_pol_s_zel_harekat_0045.jpg,1920,1080,3,yolo/labels/tatbikat_videolarindan/vid08_pol_s_zel_harekat/vid08_pol_s_zel_harekat_0045.txt,true,9cecce32bcca21acef0322577e3cd986619110620ba8b40e8b70af3558a83b0f
1220,aslı.zip,179,180,tatbikat_videolarindan/vid08_pol_s_zel_harekat/vid08_pol_s_zel_harekat_0046.jpg,1920,1080,0,yolo/labels/tatbikat_videolarindan/vid08_pol_s_zel_harekat/vid08_pol_s_zel_harekat_0046.txt,true,0ef397fb77712ce83d82264b3820bc10c9630d1ffd83b7723f9090abeaec5e6c
1221,aslı.zip,180,181,tatbikat_videolarindan/vid08_pol_s_zel_harekat/vid08_pol_s_zel_harekat_0047.jpg,1920,1080,2,yolo/labels/tatbikat_videolarindan/vid08_pol_s_zel_harekat/vid08_pol_s_zel_harekat_0047.txt,true,9d2fe2b57dd9ea9ea63e2349cd166723240d65cc8ade831257521d683d676904
1222,aslı.zip,181,182,tatbikat_videolarindan/vid08_pol_s_zel_harekat/vid08_pol_s_zel_harekat_0048.jpg,1920,1080,2,yolo/labels/tatbikat_videolarindan/vid08_pol_s_zel_harekat/vid08_pol_s_zel_harekat_0048.txt,true,00d00adb3bb3b63120c1d74d1a9156196eaeca6298ff02f35badb914a3e2e7c9
1223,aslı.zip,182,183,tatbikat_videolarindan/vid08_pol_s_zel_harekat/vid08_pol_s_zel_harekat_0049.jpg,1920,1080,4,yolo/labels/tatbikat_videolarindan/vid08_pol_s_zel_harekat/vid08_pol_s_zel_harekat_0049.txt,true,b56560e110cf5ca71c07012aa98dd3208bc51ccf5634c1195ec140d5ccd8915f
1224,aslı.zip,183,184,tatbikat_videolarindan/vid08_pol_s_zel_harekat/vid08_pol_s_zel_harekat_0050.jpg,1920,1080,5,yolo/labels/tatbikat_videolarindan/vid08_pol_s_zel_harekat/vid08_pol_s_zel_harekat_0050.txt,true,cc0de18a3fd04a88a7f02f13b76a15e095d3cb19de78aa06894ab894e186c1bf
1225,aslı.zip,184,185,tatbikat_videolarindan/vid08_pol_s_zel_harekat/vid08_pol_s_zel_harekat_0051.jpg,1920,1080,4,yolo/labels/tatbikat_videolarindan/vid08_pol_s_zel_harekat/vid08_pol_s_zel_harekat_0051.txt,true,a8754f173842e1b797b1aabcfa9892bbdf4262827eb0a03ac8b2fbc2a480d37f
1226,aslı.zip,185,186,tatbikat_videolarindan/vid08_pol_s_zel_harekat/vid08_pol_s_zel_harekat_0052.jpg,1920,1080,0,yolo/labels/tatbikat_videolarindan/vid08_pol_s_zel_harekat/vid08_pol_s_zel_harekat_0052.txt,true,97a872cff473c5fecccc03b752fd9640e003915e7c58f4d597b876f2cabbaff0
1227,aslı.zip,186,187,tatbikat_videolarindan/vid08_pol_s_zel_harekat/vid08_pol_s_zel_harekat_0053.jpg,1920,1080,4,yolo/labels/tatbikat_videolarindan/vid08_pol_s_zel_harekat/vid08_pol_s_zel_harekat_0053.txt,true,c507888b218a5c7b7fb1d2dd97f2c407d1ef0a8d3b844abef8d4c945a7c1135d
1228,aslı.zip,187,188,tatbikat_videolarindan/vid08_pol_s_zel_harekat/vid08_pol_s_zel_harekat_0054.jpg,1920,1080,1,yolo/labels/tatbikat_videolarindan/vid08_pol_s_zel_harekat/vid08_pol_s_zel_harekat_0054.txt,true,5eb3e0a7d482e460dc84514b15fbf651a28d1eb146363c31a48d2bdb1bbdc6d2
1229,aslı.zip,188,189,tatbikat_videolarindan/vid08_pol_s_zel_harekat/vid08_pol_s_zel_harekat_0055.jpg,1920,1080,1,yolo/labels/tatbikat_videolarindan/vid08_pol_s_zel_harekat/vid08_pol_s_zel_harekat_0055.txt,true,6914704945315ff58a01abad64fdefc876a9ebceaae3851ac610cfffe41fc4db
1230,aslı.zip,189,190,tatbikat_videolarindan/vid08_pol_s_zel_harekat/vid08_pol_s_zel_harekat_0056.jpg,1920,1080,1,yolo/labels/tatbikat_videolarindan/vid08_pol_s_zel_harekat/vid08_pol_s_zel_harekat_0056.txt,true,f9583e4e0ae796e3efd15f438c473f6b3524b80c86b40af086b20a73d9c7b2a3
1231,aslı.zip,190,191,tatbikat_videolarindan/vid08_pol_s_zel_harekat/vid08_pol_s_zel_harekat_0063.jpg,1920,1080,1,yolo/labels/tatbikat_videolarindan/vid08_pol_s_zel_harekat/vid08_pol_s_zel_harekat_0063.txt,true,45aa3c430058a7dd62b5642ba0c958d6b214d537ce42b257c7c276692c6c6bf3
1232,aslı.zip,191,192,tatbikat_videolarindan/vid08_pol_s_zel_harekat/vid08_pol_s_zel_harekat_0064.jpg,1920,1080,2,yolo/labels/tatbikat_videolarindan/vid08_pol_s_zel_harekat/vid08_pol_s_zel_harekat_0064.txt,true,72eb0cb98dad9122f7bebb03df7700e85174f3421f36565de25a4856789706cb
1233,aslı.zip,192,193,tatbikat_videolarindan/vid08_pol_s_zel_harekat/vid08_pol_s_zel_harekat_0066.jpg,1920,1080,3,yolo/labels/tatbikat_videolarindan/vid08_pol_s_zel_harekat/vid08_pol_s_zel_harekat_0066.txt,true,d737df50df9f53db896486f16e6759dc28772b13235ceb171c0bf9810a567620
1234,aslı.zip,193,194,tatbikat_videolarindan/vid08_pol_s_zel_harekat/vid08_pol_s_zel_harekat_0067.jpg,1920,1080,2,yolo/labels/tatbikat_videolarindan/vid08_pol_s_zel_harekat/vid08_pol_s_zel_harekat_0067.txt,true,def16a3dffd8b49bc4c4e56ce715ec02f4f4b985c474c580bd92192e5f790941
1235,aslı.zip,194,195,tatbikat_videolarindan/vid08_pol_s_zel_harekat/vid08_pol_s_zel_harekat_0068.jpg,1920,1080,2,yolo/labels/tatbikat_videolarindan/vid08_pol_s_zel_harekat/vid08_pol_s_zel_harekat_0068.txt,true,60f91a2fc825cdc7fb8d1c2d174c48e78768a65974b1dc5c91c30090a3f2d6e6
1236,aslı.zip,195,196,tatbikat_videolarindan/vid08_pol_s_zel_harekat/vid08_pol_s_zel_harekat_0069.jpg,1920,1080,2,yolo/labels/tatbikat_videolarindan/vid08_pol_s_zel_harekat/vid08_pol_s_zel_harekat_0069.txt,true,847d5744a5658621cbe4c3ef045382108fdf213fe49f4039951d90883916f1dc
1237,aslı.zip,196,197,tatbikat_videolarindan/vid08_pol_s_zel_harekat/vid08_pol_s_zel_harekat_0070.jpg,1920,1080,3,yolo/labels/tatbikat_videolarindan/vid08_pol_s_zel_harekat/vid08_pol_s_zel_harekat_0070.txt,true,f3fd8ae3b7ebdd2160199167b5c72749f789b17853a05e1fc7572bd216084060
1238,aslı.zip,197,198,tatbikat_videolarindan/vid08_pol_s_zel_harekat/vid08_pol_s_zel_harekat_0072.jpg,1920,1080,4,yolo/labels/tatbikat_videolarindan/vid08_pol_s_zel_harekat/vid08_pol_s_zel_harekat_0072.txt,true,e4abf1ed192de9bc8f59dac46b3c4be9a27489f5f04aaef796d00d1616663246
1239,aslı.zip,198,199,tatbikat_videolarindan/vid11_devlet_n_el_k_b_le_pol_s_zel_h/vid11_devlet_n_el_k_b_le_pol_s_zel_h_0019.jpg,1280,720,1,yolo/labels/tatbikat_videolarindan/vid11_devlet_n_el_k_b_le_pol_s_zel_h/vid11_devlet_n_el_k_b_le_pol_s_zel_h_0019.txt,true,69805b7433dc76605df103c0c6eb2e3cc1b61f524f3badbb340f3eb2ea2c11f7
1240,aslı.zip,199,200,tatbikat_videolarindan/vid11_devlet_n_el_k_b_le_pol_s_zel_h/vid11_devlet_n_el_k_b_le_pol_s_zel_h_0023.jpg,1280,720,1,yolo/labels/tatbikat_videolarindan/vid11_devlet_n_el_k_b_le_pol_s_zel_h/vid11_devlet_n_el_k_b_le_pol_s_zel_h_0023.txt,true,9f4700390200c93027a7be8321b9d25ccc64e8ae644834f002afe42e663b5f4a
1241,aslı.zip,200,201,tatbikat_videolarindan/vid11_devlet_n_el_k_b_le_pol_s_zel_h/vid11_devlet_n_el_k_b_le_pol_s_zel_h_0028.jpg,1280,720,0,yolo/labels/tatbikat_videolarindan/vid11_devlet_n_el_k_b_le_pol_s_zel_h/vid11_devlet_n_el_k_b_le_pol_s_zel_h_0028.txt,true,d9baa927a0367d805cb58955d1071f9a0a6345bed5b16a562acd8489797a8a2e
1242,aslı.zip,201,202,tatbikat_videolarindan/vid11_devlet_n_el_k_b_le_pol_s_zel_h/vid11_devlet_n_el_k_b_le_pol_s_zel_h_0030.jpg,1280,720,0,yolo/labels/tatbikat_videolarindan/vid11_devlet_n_el_k_b_le_pol_s_zel_h/vid11_devlet_n_el_k_b_le_pol_s_zel_h_0030.txt,true,7c9eee081d583820ad2978001b120bec495b1bc552f2b6f30334e063e8345d76
1243,aslı.zip,202,203,tatbikat_videolarindan/vid11_devlet_n_el_k_b_le_pol_s_zel_h/vid11_devlet_n_el_k_b_le_pol_s_zel_h_0031.jpg,1280,720,0,yolo/labels/tatbikat_videolarindan/vid11_devlet_n_el_k_b_le_pol_s_zel_h/vid11_devlet_n_el_k_b_le_pol_s_zel_h_0031.txt,true,bb72112abf4642abe60252ceadefdd3f90e4a60a2a3ba05e9446698692cdf519
1244,aslı.zip,203,204,tatbikat_videolarindan/vid11_devlet_n_el_k_b_le_pol_s_zel_h/vid11_devlet_n_el_k_b_le_pol_s_zel_h_0032.jpg,1280,720,0,yolo/labels/tatbikat_videolarindan/vid11_devlet_n_el_k_b_le_pol_s_zel_h/vid11_devlet_n_el_k_b_le_pol_s_zel_h_0032.txt,true,09baab296e58fc274a31a0371f6a526abeefd206296b4224dfdf09e9cf9c79b6
1245,aslı.zip,204,205,tatbikat_videolarindan/vid11_devlet_n_el_k_b_le_pol_s_zel_h/vid11_devlet_n_el_k_b_le_pol_s_zel_h_0035.jpg,1280,720,1,yolo/labels/tatbikat_videolarindan/vid11_devlet_n_el_k_b_le_pol_s_zel_h/vid11_devlet_n_el_k_b_le_pol_s_zel_h_0035.txt,true,dfe83f0895a60648e7a0452a440b6c7e60573fcd5c7e98dfebce4dd7455c817f
1246,aslı.zip,205,206,tatbikat_videolarindan/vid11_devlet_n_el_k_b_le_pol_s_zel_h/vid11_devlet_n_el_k_b_le_pol_s_zel_h_0036.jpg,1280,720,2,yolo/labels/tatbikat_videolarindan/vid11_devlet_n_el_k_b_le_pol_s_zel_h/vid11_devlet_n_el_k_b_le_pol_s_zel_h_0036.txt,true,a70743b9ae49a8caa8c9c4ead5389a47853e2347a652a9f0e4fe59415656f540
1247,aslı.zip,206,207,tatbikat_videolarindan/vid11_devlet_n_el_k_b_le_pol_s_zel_h/vid11_devlet_n_el_k_b_le_pol_s_zel_h_0038.jpg,1280,720,3,yolo/labels/tatbikat_videolarindan/vid11_devlet_n_el_k_b_le_pol_s_zel_h/vid11_devlet_n_el_k_b_le_pol_s_zel_h_0038.txt,true,c24c813427b89870e8c4364a3f5947c72126520eb39607497354c956657ccccc
1248,aslı.zip,207,208,tatbikat_videolarindan/vid11_devlet_n_el_k_b_le_pol_s_zel_h/vid11_devlet_n_el_k_b_le_pol_s_zel_h_0040.jpg,1280,720,0,yolo/labels/tatbikat_videolarindan/vid11_devlet_n_el_k_b_le_pol_s_zel_h/vid11_devlet_n_el_k_b_le_pol_s_zel_h_0040.txt,true,833c930902c85b0df63be32c254cf39752ba9e41ae82b25374b67da55213fed3
1249,aslı.zip,208,209,tatbikat_videolarindan/vid11_devlet_n_el_k_b_le_pol_s_zel_h/vid11_devlet_n_el_k_b_le_pol_s_zel_h_0041.jpg,1280,720,4,yolo/labels/tatbikat_videolarindan/vid11_devlet_n_el_k_b_le_pol_s_zel_h/vid11_devlet_n_el_k_b_le_pol_s_zel_h_0041.txt,true,74d98e319b727354b6bcadfbe2ae8b86dd2a6ff6ee7f277e3a5a692323607c6a
1250,aslı.zip,209,210,tatbikat_videolarindan/vid11_devlet_n_el_k_b_le_pol_s_zel_h/vid11_devlet_n_el_k_b_le_pol_s_zel_h_0042.jpg,1280,720,4,yolo/labels/tatbikat_videolarindan/vid11_devlet_n_el_k_b_le_pol_s_zel_h/vid11_devlet_n_el_k_b_le_pol_s_zel_h_0042.txt,true,36cf1ac9f7e34659031690911e5641fea7b1c62f2214dbcb64b7477904837959
1251,aslı.zip,210,211,tatbikat_videolarindan/vid11_devlet_n_el_k_b_le_pol_s_zel_h/vid11_devlet_n_el_k_b_le_pol_s_zel_h_0043.jpg,1280,720,5,yolo/labels/tatbikat_videolarindan/vid11_devlet_n_el_k_b_le_pol_s_zel_h/vid11_devlet_n_el_k_b_le_pol_s_zel_h_0043.txt,true,78d53f9881c7feca0c52f6ea385a5a0a83372ffe5522acba5953d106dd8558a4
1252,aslı.zip,211,212,tatbikat_videolarindan/vid11_devlet_n_el_k_b_le_pol_s_zel_h/vid11_devlet_n_el_k_b_le_pol_s_zel_h_0044.jpg,1280,720,4,yolo/labels/tatbikat_videolarindan/vid11_devlet_n_el_k_b_le_pol_s_zel_h/vid11_devlet_n_el_k_b_le_pol_s_zel_h_0044.txt,true,57b8d3565ae12813d39555fdc05837c54daf41125ef7f744833f2f437083781a
1253,aslı.zip,212,213,tatbikat_videolarindan/vid11_devlet_n_el_k_b_le_pol_s_zel_h/vid11_devlet_n_el_k_b_le_pol_s_zel_h_0045.jpg,1280,720,2,yolo/labels/tatbikat_videolarindan/vid11_devlet_n_el_k_b_le_pol_s_zel_h/vid11_devlet_n_el_k_b_le_pol_s_zel_h_0045.txt,true,e487e84c850ea8bb2c0ff0d18aec85a5e4a92fff827f9ee312a5e7d2642a8ca4
1254,aslı.zip,213,214,tatbikat_videolarindan/vid11_devlet_n_el_k_b_le_pol_s_zel_h/vid11_devlet_n_el_k_b_le_pol_s_zel_h_0046.jpg,1280,720,2,yolo/labels/tatbikat_videolarindan/vid11_devlet_n_el_k_b_le_pol_s_zel_h/vid11_devlet_n_el_k_b_le_pol_s_zel_h_0046.txt,true,0dc45287066f62c9c75534d6b413bd112f3f93e1e4f93fc26e4bb640c3f5df81
1255,aslı.zip,214,215,tatbikat_videolarindan/vid11_devlet_n_el_k_b_le_pol_s_zel_h/vid11_devlet_n_el_k_b_le_pol_s_zel_h_0047.jpg,1280,720,3,yolo/labels/tatbikat_videolarindan/vid11_devlet_n_el_k_b_le_pol_s_zel_h/vid11_devlet_n_el_k_b_le_pol_s_zel_h_0047.txt,true,7f5ebc120337aa250aa9982e9289864b48d5e1309a8907b7a5045d76c6fae55a
1256,aslı.zip,215,216,tatbikat_videolarindan/vid11_devlet_n_el_k_b_le_pol_s_zel_h/vid11_devlet_n_el_k_b_le_pol_s_zel_h_0048.jpg,1280,720,5,yolo/labels/tatbikat_videolarindan/vid11_devlet_n_el_k_b_le_pol_s_zel_h/vid11_devlet_n_el_k_b_le_pol_s_zel_h_0048.txt,true,bb549abf0fb324715b4ed083e0efad6cc2c6409e4c418eaaa3dd0028791e47d0
1257,aslı.zip,216,217,tatbikat_videolarindan/vid11_devlet_n_el_k_b_le_pol_s_zel_h/vid11_devlet_n_el_k_b_le_pol_s_zel_h_0049.jpg,1280,720,6,yolo/labels/tatbikat_videolarindan/vid11_devlet_n_el_k_b_le_pol_s_zel_h/vid11_devlet_n_el_k_b_le_pol_s_zel_h_0049.txt,true,1fc22db269e753be6552066535ae5a7448d64c3b615b21f7053601ca654c0714
1258,aslı.zip,217,218,tatbikat_videolarindan/vid11_devlet_n_el_k_b_le_pol_s_zel_h/vid11_devlet_n_el_k_b_le_pol_s_zel_h_0050.jpg,1280,720,5,yolo/labels/tatbikat_videolarindan/vid11_devlet_n_el_k_b_le_pol_s_zel_h/vid11_devlet_n_el_k_b_le_pol_s_zel_h_0050.txt,true,bcb1c8fa678dc9881c1ecacb4fd0d1d1c1e843a29499d13a6b1fecb4662f26be
1259,aslı.zip,218,219,tatbikat_videolarindan/vid11_devlet_n_el_k_b_le_pol_s_zel_h/vid11_devlet_n_el_k_b_le_pol_s_zel_h_0051.jpg,1280,720,6,yolo/labels/tatbikat_videolarindan/vid11_devlet_n_el_k_b_le_pol_s_zel_h/vid11_devlet_n_el_k_b_le_pol_s_zel_h_0051.txt,true,53ab5c5da5b9f3fb744700fa0855fe324a3429f0b527d651e6f3d85e320e910f
1260,aslı.zip,219,220,tatbikat_videolarindan/vid11_devlet_n_el_k_b_le_pol_s_zel_h/vid11_devlet_n_el_k_b_le_pol_s_zel_h_0052.jpg,1280,720,6,yolo/labels/tatbikat_videolarindan/vid11_devlet_n_el_k_b_le_pol_s_zel_h/vid11_devlet_n_el_k_b_le_pol_s_zel_h_0052.txt,true,b8f11289edc20cadd64ccbf4585bab94bdbb3c416119e5a89ffa72db521f07d7
1261,aslı.zip,220,221,tatbikat_videolarindan/vid11_devlet_n_el_k_b_le_pol_s_zel_h/vid11_devlet_n_el_k_b_le_pol_s_zel_h_0054.jpg,1280,720,5,yolo/labels/tatbikat_videolarindan/vid11_devlet_n_el_k_b_le_pol_s_zel_h/vid11_devlet_n_el_k_b_le_pol_s_zel_h_0054.txt,true,62d153b6e612614481197488e249d3349839744fa32b66c8896aefe1699f14e2
1262,aslı.zip,221,222,tatbikat_videolarindan/vid11_devlet_n_el_k_b_le_pol_s_zel_h/vid11_devlet_n_el_k_b_le_pol_s_zel_h_0055.jpg,1280,720,1,yolo/labels/tatbikat_videolarindan/vid11_devlet_n_el_k_b_le_pol_s_zel_h/vid11_devlet_n_el_k_b_le_pol_s_zel_h_0055.txt,true,1eeaf82b3a92bd9040da868af6752cde9c1926b49264882f3580e88f33868eeb
1263,aslı.zip,222,223,tatbikat_videolarindan/vid11_devlet_n_el_k_b_le_pol_s_zel_h/vid11_devlet_n_el_k_b_le_pol_s_zel_h_0058.jpg,1280,720,1,yolo/labels/tatbikat_videolarindan/vid11_devlet_n_el_k_b_le_pol_s_zel_h/vid11_devlet_n_el_k_b_le_pol_s_zel_h_0058.txt,true,0a74512f9acf932ae6f3bd802c086e882ce8959b6d18827a2edd50c3354f1b3d
1264,aslı.zip,223,224,tatbikat_videolarindan/vid11_devlet_n_el_k_b_le_pol_s_zel_h/vid11_devlet_n_el_k_b_le_pol_s_zel_h_0061.jpg,1280,720,5,yolo/labels/tatbikat_videolarindan/vid11_devlet_n_el_k_b_le_pol_s_zel_h/vid11_devlet_n_el_k_b_le_pol_s_zel_h_0061.txt,true,987d438eb7a59f708b4417248d4580de928cbcc96687e8b3d80ee0009615a4d4
1265,aslı.zip,224,225,tatbikat_videolarindan/vid11_devlet_n_el_k_b_le_pol_s_zel_h/vid11_devlet_n_el_k_b_le_pol_s_zel_h_0062.jpg,1280,720,4,yolo/labels/tatbikat_videolarindan/vid11_devlet_n_el_k_b_le_pol_s_zel_h/vid11_devlet_n_el_k_b_le_pol_s_zel_h_0062.txt,true,cf4de686bbd15b60812d70065b4876a47229ee80dcb9426525374e2f25f9516c
1266,aslı.zip,225,226,tatbikat_videolarindan/vid11_devlet_n_el_k_b_le_pol_s_zel_h/vid11_devlet_n_el_k_b_le_pol_s_zel_h_0063.jpg,1280,720,0,yolo/labels/tatbikat_videolarindan/vid11_devlet_n_el_k_b_le_pol_s_zel_h/vid11_devlet_n_el_k_b_le_pol_s_zel_h_0063.txt,true,59cec12ee66fae7ebb89f498e69129d56d93c00fc4de754106d2fa675114fbf7
1267,aslı.zip,226,227,tatbikat_videolarindan/vid11_devlet_n_el_k_b_le_pol_s_zel_h/vid11_devlet_n_el_k_b_le_pol_s_zel_h_0064.jpg,1280,720,3,yolo/labels/tatbikat_videolarindan/vid11_devlet_n_el_k_b_le_pol_s_zel_h/vid11_devlet_n_el_k_b_le_pol_s_zel_h_0064.txt,true,aea80481a1a697c5b29f3a325b638884c5d65e7eab32cb264822c99769225ee1
1268,aslı.zip,227,228,tatbikat_videolarindan/vid11_devlet_n_el_k_b_le_pol_s_zel_h/vid11_devlet_n_el_k_b_le_pol_s_zel_h_0065.jpg,1280,720,4,yolo/labels/tatbikat_videolarindan/vid11_devlet_n_el_k_b_le_pol_s_zel_h/vid11_devlet_n_el_k_b_le_pol_s_zel_h_0065.txt,true,6103b6ee335efdc5f6e3b8710d1f1842fb4c1c011b6a1bf935296b80a11dfbe3
1269,aslı.zip,228,229,tatbikat_videolarindan/vid11_devlet_n_el_k_b_le_pol_s_zel_h/vid11_devlet_n_el_k_b_le_pol_s_zel_h_0066.jpg,1280,720,1,yolo/labels/tatbikat_videolarindan/vid11_devlet_n_el_k_b_le_pol_s_zel_h/vid11_devlet_n_el_k_b_le_pol_s_zel_h_0066.txt,true,96fa2d8d86018b0bfbdaebecb69b6e290b2f04f6050657fc555b5527f06665aa
1270,aslı.zip,229,230,tatbikat_videolarindan/vid11_devlet_n_el_k_b_le_pol_s_zel_h/vid11_devlet_n_el_k_b_le_pol_s_zel_h_0067.jpg,1280,720,2,yolo/labels/tatbikat_videolarindan/vid11_devlet_n_el_k_b_le_pol_s_zel_h/vid11_devlet_n_el_k_b_le_pol_s_zel_h_0067.txt,true,77070c579682e6feed79d17445f8eb3ba04e12a9c85d0db8b405e7fcd4069920
1271,aslı.zip,230,231,tatbikat_videolarindan/vid11_devlet_n_el_k_b_le_pol_s_zel_h/vid11_devlet_n_el_k_b_le_pol_s_zel_h_0068.jpg,1280,720,1,yolo/labels/tatbikat_videolarindan/vid11_devlet_n_el_k_b_le_pol_s_zel_h/vid11_devlet_n_el_k_b_le_pol_s_zel_h_0068.txt,true,29634aef71b34f59638afabc49fac4736d4e61749b21a9983c33b5097c4b1717
1272,aslı.zip,231,232,tatbikat_videolarindan/vid11_devlet_n_el_k_b_le_pol_s_zel_h/vid11_devlet_n_el_k_b_le_pol_s_zel_h_0069.jpg,1280,720,1,yolo/labels/tatbikat_videolarindan/vid11_devlet_n_el_k_b_le_pol_s_zel_h/vid11_devlet_n_el_k_b_le_pol_s_zel_h_0069.txt,true,081f400161bedb1b7b9fad04c7439e67a9fe89bf6a4e5e6e289184560c328077
1273,aslı.zip,232,233,tatbikat_videolarindan/vid11_devlet_n_el_k_b_le_pol_s_zel_h/vid11_devlet_n_el_k_b_le_pol_s_zel_h_0070.jpg,1280,720,4,yolo/labels/tatbikat_videolarindan/vid11_devlet_n_el_k_b_le_pol_s_zel_h/vid11_devlet_n_el_k_b_le_pol_s_zel_h_0070.txt,true,4cd7e6b393922c872cadf6564f42100a17b9e0d8fa127600aa950b79193aa4e9
1274,aslı.zip,233,234,tatbikat_videolarindan/vid11_devlet_n_el_k_b_le_pol_s_zel_h/vid11_devlet_n_el_k_b_le_pol_s_zel_h_0073.jpg,1280,720,3,yolo/labels/tatbikat_videolarindan/vid11_devlet_n_el_k_b_le_pol_s_zel_h/vid11_devlet_n_el_k_b_le_pol_s_zel_h_0073.txt,true,db151b1e137ec8ce997dbe5aa44da34897dd5318b1027cbbaf45f055cb0b93f4
1275,aslı.zip,234,235,tatbikat_videolarindan/vid11_devlet_n_el_k_b_le_pol_s_zel_h/vid11_devlet_n_el_k_b_le_pol_s_zel_h_0078.jpg,1280,720,1,yolo/labels/tatbikat_videolarindan/vid11_devlet_n_el_k_b_le_pol_s_zel_h/vid11_devlet_n_el_k_b_le_pol_s_zel_h_0078.txt,true,cfc2587dc173e6e3a244a3c2611e4549e84a1ffdb0a5dc1375808100c6731e20
1276,aslı.zip,235,236,tatbikat_videolarindan/vid11_devlet_n_el_k_b_le_pol_s_zel_h/vid11_devlet_n_el_k_b_le_pol_s_zel_h_0079.jpg,1280,720,2,yolo/labels/tatbikat_videolarindan/vid11_devlet_n_el_k_b_le_pol_s_zel_h/vid11_devlet_n_el_k_b_le_pol_s_zel_h_0079.txt,true,b5296e7e8cd57d50b3c843bca1c33d696b4987fa4b4db457142f1ecfa3955738
1277,aslı.zip,236,237,tatbikat_videolarindan/vid11_devlet_n_el_k_b_le_pol_s_zel_h/vid11_devlet_n_el_k_b_le_pol_s_zel_h_0081.jpg,1280,720,2,yolo/labels/tatbikat_videolarindan/vid11_devlet_n_el_k_b_le_pol_s_zel_h/vid11_devlet_n_el_k_b_le_pol_s_zel_h_0081.txt,true,e4974b3787a4dda1836ff5e768be87e39b49bc209dc2d63657711997e398153d
1278,aslı.zip,237,238,tatbikat_videolarindan/vid11_devlet_n_el_k_b_le_pol_s_zel_h/vid11_devlet_n_el_k_b_le_pol_s_zel_h_0082.jpg,1280,720,3,yolo/labels/tatbikat_videolarindan/vid11_devlet_n_el_k_b_le_pol_s_zel_h/vid11_devlet_n_el_k_b_le_pol_s_zel_h_0082.txt,true,395d37af171198cfefd62bcba59f8ec5e71b4f6c4d33bd4f82b27000c51c4ff0
1279,aslı.zip,238,239,tatbikat_videolarindan/vid11_devlet_n_el_k_b_le_pol_s_zel_h/vid11_devlet_n_el_k_b_le_pol_s_zel_h_0083.jpg,1280,720,3,yolo/labels/tatbikat_videolarindan/vid11_devlet_n_el_k_b_le_pol_s_zel_h/vid11_devlet_n_el_k_b_le_pol_s_zel_h_0083.txt,true,512966a70588cc97f239ff1634c20e2f16f356d0aff779772ef1706f06b4f110
1280,aslı.zip,239,240,tatbikat_videolarindan/vid11_devlet_n_el_k_b_le_pol_s_zel_h/vid11_devlet_n_el_k_b_le_pol_s_zel_h_0084.jpg,1280,720,1,yolo/labels/tatbikat_videolarindan/vid11_devlet_n_el_k_b_le_pol_s_zel_h/vid11_devlet_n_el_k_b_le_pol_s_zel_h_0084.txt,true,07652cda981df18efa3329a8fafdf93e7527688a199fda1b89596f018b9899a5
1281,aslı.zip,240,241,tatbikat_videolarindan/vid11_devlet_n_el_k_b_le_pol_s_zel_h/vid11_devlet_n_el_k_b_le_pol_s_zel_h_0085.jpg,1280,720,1,yolo/labels/tatbikat_videolarindan/vid11_devlet_n_el_k_b_le_pol_s_zel_h/vid11_devlet_n_el_k_b_le_pol_s_zel_h_0085.txt,true,a4eefe07428b41f7c47f3ff9f0cc0582b54a5e33912b0a66fd4cbddae97b7f7d
1282,aslı.zip,241,242,tatbikat_videolarindan/vid11_devlet_n_el_k_b_le_pol_s_zel_h/vid11_devlet_n_el_k_b_le_pol_s_zel_h_0094.jpg,1280,720,0,yolo/labels/tatbikat_videolarindan/vid11_devlet_n_el_k_b_le_pol_s_zel_h/vid11_devlet_n_el_k_b_le_pol_s_zel_h_0094.txt,true,c7a131e8d8208ce80dcdceefcbc87960e29eeaa4097623ddfa61e6dde587671a
1283,aslı.zip,242,243,tatbikat_videolarindan/vid11_devlet_n_el_k_b_le_pol_s_zel_h/vid11_devlet_n_el_k_b_le_pol_s_zel_h_0097.jpg,1280,720,1,yolo/labels/tatbikat_videolarindan/vid11_devlet_n_el_k_b_le_pol_s_zel_h/vid11_devlet_n_el_k_b_le_pol_s_zel_h_0097.txt,true,2c51c9a2a8d3c4e57a155ebaac818f7b992df86fa38be31714b286e0c5132f4d
1284,aslı.zip,243,244,tatbikat_videolarindan/vid11_devlet_n_el_k_b_le_pol_s_zel_h/vid11_devlet_n_el_k_b_le_pol_s_zel_h_0098.jpg,1280,720,0,yolo/labels/tatbikat_videolarindan/vid11_devlet_n_el_k_b_le_pol_s_zel_h/vid11_devlet_n_el_k_b_le_pol_s_zel_h_0098.txt,true,c406e966e9bc0038e638d4b7f787f2fd19c8481b66c088cb98cd189007a323eb
1285,aslı.zip,244,245,tatbikat_videolarindan/vid11_devlet_n_el_k_b_le_pol_s_zel_h/vid11_devlet_n_el_k_b_le_pol_s_zel_h_0099.jpg,1280,720,0,yolo/labels/tatbikat_videolarindan/vid11_devlet_n_el_k_b_le_pol_s_zel_h/vid11_devlet_n_el_k_b_le_pol_s_zel_h_0099.txt,true,3a5ab3ee55b3a3bb381b894046236a1084710637e2e2db2d01366886661b1ace
1286,aslı.zip,245,246,tatbikat_videolarindan/vid11_devlet_n_el_k_b_le_pol_s_zel_h/vid11_devlet_n_el_k_b_le_pol_s_zel_h_0100.jpg,1280,720,0,yolo/labels/tatbikat_videolarindan/vid11_devlet_n_el_k_b_le_pol_s_zel_h/vid11_devlet_n_el_k_b_le_pol_s_zel_h_0100.txt,true,1e889ff4b6a14d60ab67f003f81bb9ce38f05a261579fd635d50ee522f1506ba
1287,aslı.zip,246,247,tatbikat_videolarindan/vid11_devlet_n_el_k_b_le_pol_s_zel_h/vid11_devlet_n_el_k_b_le_pol_s_zel_h_0101.jpg,1280,720,0,yolo/labels/tatbikat_videolarindan/vid11_devlet_n_el_k_b_le_pol_s_zel_h/vid11_devlet_n_el_k_b_le_pol_s_zel_h_0101.txt,true,87a553d769e6c79f4d5019073135442cbad28b713daedd2cbd2e84e0a579b276
1288,aslı.zip,247,248,tatbikat_videolarindan/vid11_devlet_n_el_k_b_le_pol_s_zel_h/vid11_devlet_n_el_k_b_le_pol_s_zel_h_0102.jpg,1280,720,0,yolo/labels/tatbikat_videolarindan/vid11_devlet_n_el_k_b_le_pol_s_zel_h/vid11_devlet_n_el_k_b_le_pol_s_zel_h_0102.txt,true,bfd7eb5d88cf40fdf92d24d38e04908debe7151a5d744dd6cea928369800b22c
1289,aslı.zip,248,249,tatbikat_videolarindan/vid11_devlet_n_el_k_b_le_pol_s_zel_h/vid11_devlet_n_el_k_b_le_pol_s_zel_h_0103.jpg,1280,720,0,yolo/labels/tatbikat_videolarindan/vid11_devlet_n_el_k_b_le_pol_s_zel_h/vid11_devlet_n_el_k_b_le_pol_s_zel_h_0103.txt,true,5646471cc41435bc7a048d9e75d6ee26702b2fde40f5b34cb84cfe3c30c6cbdf
1290,aslı.zip,249,250,tatbikat_videolarindan/vid11_devlet_n_el_k_b_le_pol_s_zel_h/vid11_devlet_n_el_k_b_le_pol_s_zel_h_0104.jpg,1280,720,3,yolo/labels/tatbikat_videolarindan/vid11_devlet_n_el_k_b_le_pol_s_zel_h/vid11_devlet_n_el_k_b_le_pol_s_zel_h_0104.txt,true,3bd25211975e5e88411f5661ff788b8b313a0e4f6a98e667a9f18927da135e6e
1291,aslı.zip,250,251,tatbikat_videolarindan/vid11_devlet_n_el_k_b_le_pol_s_zel_h/vid11_devlet_n_el_k_b_le_pol_s_zel_h_0105.jpg,1280,720,1,yolo/labels/tatbikat_videolarindan/vid11_devlet_n_el_k_b_le_pol_s_zel_h/vid11_devlet_n_el_k_b_le_pol_s_zel_h_0105.txt,true,daf53943e39f9a6d25c5fab8518fb406ea9f877403a2eeafe82440e8064bd210
1292,aslı.zip,251,252,tatbikat_videolarindan/vid11_devlet_n_el_k_b_le_pol_s_zel_h/vid11_devlet_n_el_k_b_le_pol_s_zel_h_0106.jpg,1280,720,5,yolo/labels/tatbikat_videolarindan/vid11_devlet_n_el_k_b_le_pol_s_zel_h/vid11_devlet_n_el_k_b_le_pol_s_zel_h_0106.txt,true,fbeda4ee9f1d6f53dd6ba8b4673b85c2cdcf97380c4996fea11b033557cb8a1d
1293,aslı.zip,252,253,tatbikat_videolarindan/vid11_devlet_n_el_k_b_le_pol_s_zel_h/vid11_devlet_n_el_k_b_le_pol_s_zel_h_0107.jpg,1280,720,1,yolo/labels/tatbikat_videolarindan/vid11_devlet_n_el_k_b_le_pol_s_zel_h/vid11_devlet_n_el_k_b_le_pol_s_zel_h_0107.txt,true,16ed64f61293b8476e3ed77b596736c3e3f97e6f6c7f6e7cf176f589a7d8086c
1294,aslı.zip,253,254,tatbikat_videolarindan/vid12_polis_zel_harekat_yemin_t_reni/vid12_polis_zel_harekat_yemin_t_reni_0016.jpg,1920,1080,21,yolo/labels/tatbikat_videolarindan/vid12_polis_zel_harekat_yemin_t_reni/vid12_polis_zel_harekat_yemin_t_reni_0016.txt,true,d6c9de0320c3a42179856ad1fe1c86836f823bd2e038d5add7206f425921e205
1295,aslı.zip,254,255,tatbikat_videolarindan/vid12_polis_zel_harekat_yemin_t_reni/vid12_polis_zel_harekat_yemin_t_reni_0024.jpg,1920,1080,224,yolo/labels/tatbikat_videolarindan/vid12_polis_zel_harekat_yemin_t_reni/vid12_polis_zel_harekat_yemin_t_reni_0024.txt,true,bd82bed17e00a7a8a1d009d1c8234ae5c6bffa613c65bfb41a0c6d5fb5109638
1296,aslı.zip,255,256,tatbikat_videolarindan/vid12_polis_zel_harekat_yemin_t_reni/vid12_polis_zel_harekat_yemin_t_reni_0026.jpg,1920,1080,228,yolo/labels/tatbikat_videolarindan/vid12_polis_zel_harekat_yemin_t_reni/vid12_polis_zel_harekat_yemin_t_reni_0026.txt,true,74ad4fa9b01f893719005cc29efef106b3f19be46cf4252ed44a813ce9a8f1c6
1297,aslı.zip,256,257,tatbikat_videolarindan/vid12_polis_zel_harekat_yemin_t_reni/vid12_polis_zel_harekat_yemin_t_reni_0031.jpg,1920,1080,7,yolo/labels/tatbikat_videolarindan/vid12_polis_zel_harekat_yemin_t_reni/vid12_polis_zel_harekat_yemin_t_reni_0031.txt,true,acf4eaad657ec5c5bb7bba382632dd77a67f8d0d55a960f94785872c0cb328f9
1298,aslı.zip,257,258,tatbikat_videolarindan/vid12_polis_zel_harekat_yemin_t_reni/vid12_polis_zel_harekat_yemin_t_reni_0032.jpg,1920,1080,4,yolo/labels/tatbikat_videolarindan/vid12_polis_zel_harekat_yemin_t_reni/vid12_polis_zel_harekat_yemin_t_reni_0032.txt,true,95b26bd0034ae23faf63cb6a2fa4702651ee2f9930c2935255f9c4fbd48e09e1
1299,aslı.zip,258,259,tatbikat_videolarindan/vid12_polis_zel_harekat_yemin_t_reni/vid12_polis_zel_harekat_yemin_t_reni_0033.jpg,1920,1080,1,yolo/labels/tatbikat_videolarindan/vid12_polis_zel_harekat_yemin_t_reni/vid12_polis_zel_harekat_yemin_t_reni_0033.txt,true,25b1100f803a8f14e67d4f54d298b044d580a84ada62c67341069c1de69ab617
1300,aslı.zip,259,260,tatbikat_videolarindan/vid12_polis_zel_harekat_yemin_t_reni/vid12_polis_zel_harekat_yemin_t_reni_0035.jpg,1920,1080,223,yolo/labels/tatbikat_videolarindan/vid12_polis_zel_harekat_yemin_t_reni/vid12_polis_zel_harekat_yemin_t_reni_0035.txt,true,76cbd4391e21c2cc90eaa753363ee5bd5396ade8982e080f1d58058cc12be0e8
