source_archive,source_frame_id,source_ordinal,image_name,box_count
şeyda.zip,260,261,aa_poh_galeriler/aa_poh_galeriler_g16_019.jpg,6
şeyda.zip,261,262,aa_poh_galeriler/aa_poh_galeriler_g16_020.jpg,1
şeyda.zip,262,263,aa_poh_galeriler/aa_poh_galeriler_g16_021.jpg,1
şeyda.zip,263,264,aa_poh_galeriler/aa_poh_galeriler_g16_022.jpg,0
şeyda.zip,264,265,aa_poh_galeriler/aa_poh_galeriler_g16_023.jpg,0
şeyda.zip,265,266,aa_poh_galeriler/aa_poh_galeriler_g16_024.jpg,0
şeyda.zip,266,267,aa_poh_galeriler/aa_poh_galeriler_g16_025.jpg,0
şeyda.zip,267,268,aa_poh_galeriler/aa_poh_galeriler_g16_026.jpg,0
şeyda.zip,268,269,aa_poh_galeriler/aa_poh_galeriler_g16_027.jpg,0
şeyda.zip,269,270,aa_poh_galeriler/aa_poh_galeriler_g16_028.jpg,0
şeyda.zip,270,271,aa_poh_galeriler/aa_poh_galeriler_g16_029.jpg,0
şeyda.zip,271,272,aa_poh_galeriler/aa_poh_galeriler_g16_030.jpg,0
şeyda.zip,272,273,aa_poh_galeriler/aa_poh_galeriler_g17_000.jpg,0
şeyda.zip,273,274,aa_poh_galeriler/aa_poh_galeriler_g17_001.jpg,0
şeyda.zip,274,275,aa_poh_galeriler/aa_poh_galeriler_g17_002.jpg,0
şeyda.zip,275,276,aa_poh_galeriler/aa_poh_galeriler_g17_003.jpg,0
şeyda.zip,276,277,aa_poh_galeriler/aa_poh_galeriler_g17_004.jpg,0
şeyda.zip,277,278,aa_poh_galeriler/aa_poh_galeriler_g17_005.jpg,0
şeyda.zip,278,279,aa_poh_galeriler/aa_poh_galeriler_g17_006.jpg,0
şeyda.zip,279,280,aa_poh_galeriler/aa_poh_galeriler_g17_007.jpg,0
şeyda.zip,280,281,aa_poh_galeriler/aa_poh_galeriler_g17_008.jpg,0
şeyda.zip,281,282,aa_poh_galeriler/aa_poh_galeriler_g17_009.jpg,0
şeyda.zip,282,283,aa_poh_galeriler/aa_poh_galeriler_g17_010.jpg,0
şeyda.zip,283,284,aa_poh_galeriler/aa_poh_galeriler_g17_011.jpg,0
şeyda.zip,284,285,aa_poh_galeriler/aa_poh_galeriler_g17_012.jpg,0
şeyda.zip,285,286,aa_poh_galeriler/aa_poh_galeriler_g17_013.jpg,0
şeyda.zip,286,287,aa_poh_galeriler/aa_poh_galeriler_g17_014.jpg,0
şeyda.zip,287,288,aa_poh_galeriler/aa_poh_galeriler_g17_015.jpg,0
şeyda.zip,288,289,aa_poh_galeriler/aa_poh_galeriler_g17_016.jpg,0
şeyda.zip,289,290,aa_poh_galeriler/aa_poh_galeriler_g17_017.jpg,0
şeyda.zip,290,291,aa_poh_galeriler/aa_poh_galeriler_g17_018.jpg,0
şeyda.zip,291,292,aa_poh_galeriler/aa_poh_galeriler_g17_019.jpg,0
şeyda.zip,292,293,aa_poh_galeriler/aa_poh_galeriler_g17_020.jpg,0
şeyda.zip,293,294,aa_poh_galeriler/aa_poh_galeriler_g17_021.jpg,0
şeyda.zip,294,295,aa_poh_galeriler/aa_poh_galeriler_g17_022.jpg,0
şeyda.zip,295,296,aa_poh_galeriler/aa_poh_galeriler_g17_023.jpg,0
şeyda.zip,296,297,aa_poh_galeriler/aa_poh_galeriler_g18_000.jpg,0
şeyda.zip,297,298,aa_poh_galeriler/aa_poh_galeriler_g18_001.jpg,0
şeyda.zip,298,299,aa_poh_galeriler/aa_poh_galeriler_g18_002.jpg,0
şeyda.zip,299,300,aa_poh_galeriler/aa_poh_galeriler_g18_003.jpg,0
şeyda.zip,300,301,aa_poh_galeriler/aa_poh_galeriler_g18_004.jpg,0
şeyda.zip,301,302,aa_poh_galeriler/aa_poh_galeriler_g18_005.jpg,0
şeyda.zip,302,303,aa_poh_galeriler/aa_poh_galeriler_g18_006.jpg,0
şeyda.zip,303,304,aa_poh_galeriler/aa_poh_galeriler_g18_007.jpg,0
şeyda.zip,304,305,aa_poh_galeriler/aa_poh_galeriler_g18_008.jpg,0
şeyda.zip,305,306,aa_poh_galeriler/aa_poh_galeriler_g18_009.jpg,0
şeyda.zip,306,307,aa_poh_galeriler/aa_poh_galeriler_g19_000.jpg,0
şeyda.zip,307,308,aa_poh_galeriler/aa_poh_galeriler_g19_001.jpg,0
şeyda.zip,308,309,aa_poh_galeriler/aa_poh_galeriler_g19_005.jpg,0
şeyda.zip,309,310,aa_poh_galeriler/aa_poh_galeriler_g19_006.jpg,0
şeyda.zip,310,311,aa_poh_galeriler/aa_poh_galeriler_g19_007.jpg,0
şeyda.zip,311,312,aa_poh_galeriler/aa_poh_galeriler_g19_008.jpg,0
şeyda.zip,312,313,aa_poh_galeriler/aa_poh_galeriler_g19_009.jpg,0
şeyda.zip,313,314,aa_poh_galeriler/aa_poh_galeriler_g19_010.jpg,0
şeyda.zip,314,315,aa_poh_galeriler/aa_poh_galeriler_g20_013.jpg,0
şeyda.zip,315,316,aa_poh_galeriler/aa_poh_galeriler_g21_000.jpg,0
şeyda.zip,316,317,aa_poh_galeriler/aa_poh_galeriler_g21_001.jpg,0
şeyda.zip,317,318,aa_poh_galeriler/aa_poh_galeriler_g21_002.jpg,0
şeyda.zip,318,319,aa_poh_galeriler/aa_poh_galeriler_g21_003.jpg,0
şeyda.zip,319,320,aa_poh_galeriler/aa_poh_galeriler_g21_004.jpg,0
şeyda.zip,320,321,aa_poh_galeriler/aa_poh_galeriler_g21_005.jpg,0
şeyda.zip,321,322,aa_poh_galeriler/aa_poh_galeriler_g21_006.jpg,0
şeyda.zip,322,323,aa_poh_galeriler/aa_poh_galeriler_g21_007.jpg,0
şeyda.zip,323,324,aa_poh_galeriler/aa_poh_galeriler_g21_008.jpg,0
şeyda.zip,324,325,aa_poh_galeriler/aa_poh_galeriler_g21_009.jpg,0
şeyda.zip,325,326,aa_poh_galeriler/aa_poh_galeriler_g21_010.jpg,0
şeyda.zip,326,327,aa_poh_galeriler/aa_poh_galeriler_g21_011.jpg,0
şeyda.zip,327,328,aa_poh_galeriler/aa_poh_galeriler_g21_012.jpg,0
şeyda.zip,328,329,aa_poh_galeriler/aa_poh_galeriler_g21_013.jpg,0
şeyda.zip,329,330,aa_poh_galeriler/aa_poh_galeriler_g21_014.jpg,0
şeyda.zip,330,331,aa_poh_galeriler/aa_poh_galeriler_g21_015.jpg,0
şeyda.zip,331,332,aa_poh_galeriler/aa_poh_galeriler_g21_016.jpg,0
şeyda.zip,332,333,aa_poh_galeriler/aa_poh_galeriler_g21_017.jpg,0
şeyda.zip,333,334,aa_poh_galeriler/aa_poh_galeriler_g21_018.jpg,0
şeyda.zip,334,335,aa_poh_galeriler/aa_poh_galeriler_g22_000.jpg,0
şeyda.zip,335,336,aa_poh_galeriler/aa_poh_galeriler_g22_001.jpg,0
şeyda.zip,336,337,aa_poh_galeriler/aa_poh_galeriler_g22_002.jpg,0
şeyda.zip,337,338,aa_poh_galeriler/aa_poh_galeriler_g22_003.jpg,0
şeyda.zip,338,339,aa_poh_galeriler/aa_poh_galeriler_g22_004.jpg,0
şeyda.zip,339,340,aa_poh_galeriler/aa_poh_galeriler_g22_005.jpg,0
şeyda.zip,340,341,aa_poh_galeriler/aa_poh_galeriler_g22_006.jpg,0
şeyda.zip,341,342,aa_poh_galeriler/aa_poh_galeriler_g22_007.jpg,0
şeyda.zip,342,343,aa_poh_galeriler/aa_poh_galeriler_g22_008.jpg,0
şeyda.zip,343,344,aa_poh_galeriler/aa_poh_galeriler_g22_009.jpg,0
şeyda.zip,344,345,aa_poh_galeriler/aa_poh_galeriler_g22_010.jpg,0
şeyda.zip,345,346,aa_poh_galeriler/aa_poh_galeriler_g22_011.jpg,0
şeyda.zip,346,347,aa_poh_galeriler/aa_poh_galeriler_g22_012.jpg,0
şeyda.zip,347,348,aa_poh_galeriler/aa_poh_galeriler_g22_013.jpg,0
şeyda.zip,348,349,aa_poh_galeriler/aa_poh_galeriler_g22_014.jpg,0
şeyda.zip,349,350,aa_poh_galeriler/aa_poh_galeriler_g22_015.jpg,0
şeyda.zip,350,351,aa_poh_galeriler/aa_poh_galeriler_g22_016.jpg,0
şeyda.zip,351,352,aa_poh_galeriler/aa_poh_galeriler_g22_017.jpg,0
şeyda.zip,352,353,aa_poh_galeriler/aa_poh_galeriler_g22_018.jpg,0
şeyda.zip,353,354,aa_poh_galeriler/aa_poh_galeriler_g22_019.jpg,0
şeyda.zip,354,355,aa_poh_galeriler/aa_poh_galeriler_g22_020.jpg,0
şeyda.zip,355,356,aa_poh_haberleri/aa_poh_haberleri_0000.jpg,0
şeyda.zip,356,357,aa_poh_haberleri/aa_poh_haberleri_0001.jpg,0
şeyda.zip,357,358,aa_poh_haberleri/aa_poh_haberleri_0002.jpg,0
şeyda.zip,358,359,aa_poh_haberleri/aa_poh_haberleri_0003.jpg,0
şeyda.zip,359,360,aa_poh_haberleri/aa_poh_haberleri_0004.jpg,0
şeyda.zip,360,361,aa_poh_haberleri/aa_poh_haberleri_0005.jpg,0
şeyda.zip,361,362,aa_poh_haberleri/aa_poh_haberleri_0006.jpg,0
şeyda.zip,362,363,aa_poh_haberleri/aa_poh_haberleri_000_01.jpg,0
şeyda.zip,363,364,aa_poh_haberleri/aa_poh_haberleri_000_02.jpg,0
şeyda.zip,364,365,aa_poh_haberleri/aa_poh_haberleri_000_03.jpg,0
şeyda.zip,365,366,aa_poh_haberleri/aa_poh_haberleri_000_04.jpg,0
şeyda.zip,366,367,aa_poh_haberleri/aa_poh_haberleri_000_05.jpg,0
şeyda.zip,367,368,aa_poh_haberleri/aa_poh_haberleri_000_06.jpg,0
şeyda.zip,368,369,aa_poh_haberleri/aa_poh_haberleri_000_07.jpg,0
şeyda.zip,369,370,aa_poh_haberleri/aa_poh_haberleri_000_08.jpg,0
şeyda.zip,370,371,aa_poh_haberleri/aa_poh_haberleri_000_09.jpg,0
şeyda.zip,371,372,aa_poh_haberleri/aa_poh_haberleri_000_10.jpg,0
şeyda.zip,372,373,aa_poh_haberleri/aa_poh_haberleri_000_11.jpg,0
şeyda.zip,373,374,aa_poh_haberleri/aa_poh_haberleri_000_12.jpg,0
şeyda.zip,374,375,aa_poh_haberleri/aa_poh_haberleri_000_13.jpg,0
şeyda.zip,375,376,aa_poh_haberleri/aa_poh_haberleri_000_14.jpg,0
şeyda.zip,376,377,aa_poh_haberleri/aa_poh_haberleri_000_15.jpg,0
şeyda.zip,377,378,aa_poh_haberleri/aa_poh_haberleri_000_16.jpg,0
şeyda.zip,378,379,aa_poh_haberleri/aa_poh_haberleri_000_17.jpg,0
şeyda.zip,379,380,aa_poh_haberleri/aa_poh_haberleri_000_18.jpg,0
şeyda.zip,380,381,aa_poh_haberleri/aa_poh_haberleri_000_19.jpg,0
şeyda.zip,381,382,aa_poh_haberleri/aa_poh_haberleri_000_20.jpg,0
şeyda.zip,382,383,aa_poh_haberleri/aa_poh_haberleri_000_21.jpg,0
şeyda.zip,383,384,aa_poh_haberleri/aa_poh_haberleri_000_22.jpg,0
şeyda.zip,384,385,aa_poh_haberleri/aa_poh_haberleri_000_23.jpg,0
şeyda.zip,385,386,aa_poh_haberleri/aa_poh_haberleri_000_24.jpg,0
şeyda.zip,386,387,aa_poh_haberleri/aa_poh_haberleri_000_25.jpg,0
şeyda.zip,387,388,aa_poh_haberleri/aa_poh_haberleri_000_26.jpg,0
şeyda.zip,388,389,aa_poh_haberleri/aa_poh_haberleri_000_27.jpg,0
şeyda.zip,389,390,aa_poh_haberleri/aa_poh_haberleri_000_28.jpg,0
şeyda.zip,390,391,aa_poh_haberleri/aa_poh_haberleri_000_29.jpg,0
şeyda.zip,391,392,aa_poh_haberleri/aa_poh_haberleri_000_30.jpg,0
şeyda.zip,392,393,aa_poh_haberleri/aa_poh_haberleri_000_34.jpg,0
şeyda.zip,393,394,aa_poh_haberleri/aa_poh_haberleri_0010.jpg,0
şeyda.zip,394,395,aa_poh_haberleri/aa_poh_haberleri_0011.jpg,0
şeyda.zip,395,396,aa_poh_haberleri/aa_poh_haberleri_0013.jpg,0
şeyda.zip,396,397,aa_poh_haberleri/aa_poh_haberleri_0014.jpg,0
şeyda.zip,397,398,aa_poh_haberleri/aa_poh_haberleri_001_01.jpg,0
şeyda.zip,398,399,aa_poh_haberleri/aa_poh_haberleri_001_02.jpg,0
şeyda.zip,399,400,aa_poh_haberleri/aa_poh_haberleri_001_03.jpg,0
şeyda.zip,400,401,aa_poh_haberleri/aa_poh_haberleri_001_09.jpg,0
şeyda.zip,401,402,aa_poh_haberleri/aa_poh_haberleri_001_10.jpg,0
şeyda.zip,402,403,aa_poh_haberleri/aa_poh_haberleri_001_11.jpg,0
şeyda.zip,403,404,aa_poh_haberleri/aa_poh_haberleri_002_01.jpg,0
şeyda.zip,404,405,aa_poh_haberleri/aa_poh_haberleri_002_02.jpg,0
şeyda.zip,405,406,aa_poh_haberleri/aa_poh_haberleri_002_03.jpg,0
şeyda.zip,406,407,aa_poh_haberleri/aa_poh_haberleri_002_04.jpg,0
şeyda.zip,407,408,aa_poh_haberleri/aa_poh_haberleri_002_05.jpg,0
şeyda.zip,408,409,aa_poh_haberleri/aa_poh_haberleri_002_06.jpg,0
şeyda.zip,409,410,aa_poh_haberleri/aa_poh_haberleri_002_07.jpg,0
şeyda.zip,410,411,aa_poh_haberleri/aa_poh_haberleri_002_08.jpg,0
şeyda.zip,411,412,aa_poh_haberleri/aa_poh_haberleri_002_09.jpg,0
şeyda.zip,412,413,aa_poh_haberleri/aa_poh_haberleri_002_10.jpg,0
şeyda.zip,413,414,aa_poh_haberleri/aa_poh_haberleri_002_11.jpg,0
şeyda.zip,414,415,aa_poh_haberleri/aa_poh_haberleri_002_12.jpg,0
şeyda.zip,415,416,aa_poh_haberleri/aa_poh_haberleri_002_13.jpg,0
şeyda.zip,416,417,aa_poh_haberleri/aa_poh_haberleri_002_14.jpg,0
şeyda.zip,417,418,aa_poh_haberleri/aa_poh_haberleri_002_15.jpg,0
şeyda.zip,418,419,aa_poh_haberleri/aa_poh_haberleri_002_16.jpg,0
şeyda.zip,419,420,aa_poh_haberleri/aa_poh_haberleri_002_17.jpg,0
şeyda.zip,420,421,aa_poh_haberleri/aa_poh_haberleri_002_18.jpg,0
şeyda.zip,421,422,aa_poh_haberleri/aa_poh_haberleri_002_19.jpg,0
şeyda.zip,422,423,aa_poh_haberleri/aa_poh_haberleri_002_20.jpg,0
şeyda.zip,423,424,aa_poh_haberleri/aa_poh_haberleri_002_21.jpg,0
şeyda.zip,424,425,aa_poh_haberleri/aa_poh_haberleri_002_22.jpg,0
şeyda.zip,425,426,aa_poh_haberleri/aa_poh_haberleri_002_23.jpg,0
şeyda.zip,426,427,aa_poh_haberleri/aa_poh_haberleri_002_24.jpg,0
şeyda.zip,427,428,aa_poh_haberleri/aa_poh_haberleri_002_25.jpg,0
şeyda.zip,428,429,aa_poh_haberleri/aa_poh_haberleri_002_26.jpg,0
şeyda.zip,429,430,aa_poh_haberleri/aa_poh_haberleri_002_27.jpg,0
şeyda.zip,430,431,aa_poh_haberleri/aa_poh_haberleri_002_28.jpg,0
şeyda.zip,431,432,aa_poh_haberleri/aa_poh_haberleri_002_29.jpg,0
şeyda.zip,432,433,aa_poh_haberleri/aa_poh_haberleri_002_30.jpg,0
şeyda.zip,433,434,aa_poh_haberleri/aa_poh_haberleri_002_31.jpg,0
şeyda.zip,434,435,aa_poh_haberleri/aa_poh_haberleri_002_32.jpg,0
şeyda.zip,435,436,aa_poh_haberleri/aa_poh_haberleri_002_34.jpg,0
şeyda.zip,436,437,aa_poh_haberleri/aa_poh_haberleri_002_38.jpg,0
şeyda.zip,437,438,aa_poh_haberleri/aa_poh_haberleri_002_42.jpg,0
şeyda.zip,438,439,aa_poh_haberleri/aa_poh_haberleri_002_43.jpg,0
şeyda.zip,439,440,aa_poh_haberleri/aa_poh_haberleri_003_01.jpg,0
şeyda.zip,440,441,aa_poh_haberleri/aa_poh_haberleri_003_02.jpg,0
şeyda.zip,441,442,aa_poh_haberleri/aa_poh_haberleri_003_03.jpg,0
şeyda.zip,442,443,aa_poh_haberleri/aa_poh_haberleri_003_04.jpg,0
şeyda.zip,443,444,aa_poh_haberleri/aa_poh_haberleri_003_05.jpg,0
şeyda.zip,444,445,aa_poh_haberleri/aa_poh_haberleri_003_06.jpg,0
şeyda.zip,445,446,aa_poh_haberleri/aa_poh_haberleri_003_09.jpg,0
şeyda.zip,446,447,aa_poh_haberleri/aa_poh_haberleri_003_11.jpg,0
şeyda.zip,447,448,aa_poh_haberleri/aa_poh_haberleri_003_12.jpg,0
şeyda.zip,448,449,aa_poh_haberleri/aa_poh_haberleri_003_13.jpg,0
şeyda.zip,449,450,aa_poh_haberleri/aa_poh_haberleri_003_14.jpg,0
şeyda.zip,450,451,aa_poh_haberleri/aa_poh_haberleri_003_16.jpg,0
şeyda.zip,451,452,aa_poh_haberleri/aa_poh_haberleri_003_17.jpg,0
şeyda.zip,452,453,aa_poh_haberleri/aa_poh_haberleri_003_18.jpg,0
şeyda.zip,453,454,aa_poh_haberleri/aa_poh_haberleri_005_01.jpg,0
şeyda.zip,454,455,aa_poh_haberleri/aa_poh_haberleri_005_02.jpg,0
şeyda.zip,455,456,aa_poh_haberleri/aa_poh_haberleri_005_13.jpg,0
şeyda.zip,456,457,aa_poh_haberleri/aa_poh_haberleri_009_01.jpg,0
şeyda.zip,457,458,aa_poh_haberleri/aa_poh_haberleri_009_02.jpg,0
şeyda.zip,458,459,aa_poh_haberleri/aa_poh_haberleri_009_03.jpg,0
şeyda.zip,459,460,aa_poh_haberleri/aa_poh_haberleri_009_04.jpg,0
şeyda.zip,460,461,aa_poh_haberleri/aa_poh_haberleri_009_05.jpg,0
şeyda.zip,461,462,aa_poh_haberleri/aa_poh_haberleri_009_06.jpg,0
şeyda.zip,462,463,aa_poh_haberleri/aa_poh_haberleri_009_08.jpg,0
şeyda.zip,463,464,aa_poh_haberleri/aa_poh_haberleri_009_09.jpg,0
şeyda.zip,464,465,aa_poh_haberleri/aa_poh_haberleri_009_10.jpg,0
şeyda.zip,465,466,aa_poh_haberleri/aa_poh_haberleri_009_11.jpg,0
şeyda.zip,466,467,aa_poh_haberleri/aa_poh_haberleri_009_12.jpg,0
şeyda.zip,467,468,aa_poh_haberleri/aa_poh_haberleri_009_13.jpg,0
şeyda.zip,468,469,aa_poh_haberleri/aa_poh_haberleri_009_14.jpg,0
şeyda.zip,469,470,aa_poh_haberleri/aa_poh_haberleri_009_15.jpg,0
şeyda.zip,470,471,aa_poh_haberleri/aa_poh_haberleri_009_16.jpg,0
şeyda.zip,471,472,aa_poh_haberleri/aa_poh_haberleri_009_17.jpg,0
şeyda.zip,472,473,aa_poh_haberleri/aa_poh_haberleri_009_18.jpg,0
şeyda.zip,473,474,aa_poh_haberleri/aa_poh_haberleri_009_19.jpg,0
şeyda.zip,474,475,aa_poh_haberleri/aa_poh_haberleri_009_20.jpg,0
şeyda.zip,475,476,aa_poh_haberleri/aa_poh_haberleri_009_21.jpg,0
şeyda.zip,476,477,aa_poh_haberleri/aa_poh_haberleri_009_22.jpg,0
şeyda.zip,477,478,aa_poh_haberleri/aa_poh_haberleri_009_23.jpg,0
şeyda.zip,478,479,aa_poh_haberleri/aa_poh_haberleri_009_24.jpg,0
şeyda.zip,479,480,aa_poh_haberleri/aa_poh_haberleri_009_25.jpg,0
şeyda.zip,480,481,aa_poh_haberleri/aa_poh_haberleri_009_26.jpg,0
şeyda.zip,481,482,aa_poh_haberleri/aa_poh_haberleri_009_27.jpg,0
şeyda.zip,482,483,aa_poh_haberleri/aa_poh_haberleri_009_28.jpg,0
şeyda.zip,483,484,aa_poh_haberleri/aa_poh_haberleri_009_29.jpg,0
şeyda.zip,484,485,aa_poh_haberleri/aa_poh_haberleri_009_30.jpg,0
şeyda.zip,485,486,aa_poh_haberleri/aa_poh_haberleri_009_31.jpg,0
şeyda.zip,486,487,aa_poh_haberleri/aa_poh_haberleri_009_32.jpg,0
şeyda.zip,487,488,aa_poh_haberleri/aa_poh_haberleri_009_33.jpg,0
şeyda.zip,488,489,aa_poh_haberleri/aa_poh_haberleri_009_34.jpg,0
şeyda.zip,489,490,aa_poh_haberleri/aa_poh_haberleri_009_35.jpg,0
şeyda.zip,490,491,aa_poh_haberleri/aa_poh_haberleri_009_36.jpg,0
şeyda.zip,491,492,aa_poh_haberleri/aa_poh_haberleri_009_37.jpg,0
şeyda.zip,492,493,aa_poh_haberleri/aa_poh_haberleri_009_38.jpg,0
şeyda.zip,493,494,aa_poh_haberleri/aa_poh_haberleri_009_39.jpg,0
şeyda.zip,494,495,aa_poh_haberleri/aa_poh_haberleri_009_40.jpg,0
şeyda.zip,495,496,aa_poh_haberleri/aa_poh_haberleri_009_41.jpg,0
şeyda.zip,496,497,aa_poh_haberleri/aa_poh_haberleri_009_42.jpg,0
şeyda.zip,497,498,aa_poh_haberleri/aa_poh_haberleri_009_43.jpg,0
şeyda.zip,498,499,aa_poh_haberleri/aa_poh_haberleri_009_44.jpg,0
şeyda.zip,499,500,aa_poh_haberleri/aa_poh_haberleri_009_45.jpg,0
şeyda.zip,500,501,aa_poh_haberleri/aa_poh_haberleri_009_46.jpg,0
şeyda.zip,501,502,aa_poh_haberleri/aa_poh_haberleri_009_47.jpg,0
şeyda.zip,502,503,aa_poh_haberleri/aa_poh_haberleri_009_48.jpg,0
şeyda.zip,503,504,aa_poh_haberleri/aa_poh_haberleri_009_49.jpg,0
şeyda.zip,504,505,aa_poh_haberleri/aa_poh_haberleri_009_55.jpg,0
şeyda.zip,505,506,aa_poh_haberleri/aa_poh_haberleri_009_56.jpg,0
şeyda.zip,506,507,aa_poh_haberleri/aa_poh_haberleri_009_57.jpg,0
şeyda.zip,507,508,aa_poh_haberleri/aa_poh_haberleri_009_58.jpg,0
şeyda.zip,508,509,aa_poh_haberleri/aa_poh_haberleri_009_59.jpg,0
şeyda.zip,509,510,aa_poh_haberleri/aa_poh_haberleri_010_01.jpg,0
şeyda.zip,510,511,aa_poh_haberleri/aa_poh_haberleri_010_03.jpg,0
şeyda.zip,511,512,aa_poh_haberleri/aa_poh_haberleri_010_07.jpg,0
şeyda.zip,512,513,aa_poh_haberleri/aa_poh_haberleri_011_01.jpg,0
şeyda.zip,513,514,aa_poh_haberleri/aa_poh_haberleri_011_02.jpg,0
şeyda.zip,514,515,aa_poh_haberleri/aa_poh_haberleri_011_03.jpg,0
şeyda.zip,515,516,aa_poh_haberleri/aa_poh_haberleri_011_04.jpg,0
şeyda.zip,516,517,aa_poh_haberleri/aa_poh_haberleri_011_05.jpg,0
şeyda.zip,517,518,aa_poh_haberleri/aa_poh_haberleri_011_06.jpg,0
şeyda.zip,518,519,aa_poh_haberleri/aa_poh_haberleri_011_07.jpg,0
şeyda.zip,519,520,aa_poh_haberleri/aa_poh_haberleri_011_08.jpg,0
şeyda.zip,520,521,aa_poh_haberleri/aa_poh_haberleri_011_09.jpg,0
şeyda.zip,521,522,aa_poh_haberleri/aa_poh_haberleri_011_10.jpg,0
şeyda.zip,522,523,aa_poh_haberleri/aa_poh_haberleri_011_11.jpg,0
şeyda.zip,523,524,aa_poh_haberleri/aa_poh_haberleri_011_12.jpg,0
şeyda.zip,524,525,aa_poh_haberleri/aa_poh_haberleri_011_13.jpg,0
şeyda.zip,525,526,aa_poh_haberleri/aa_poh_haberleri_011_14.jpg,0
şeyda.zip,526,527,aa_poh_haberleri/aa_poh_haberleri_011_15.jpg,0
şeyda.zip,527,528,aa_poh_haberleri/aa_poh_haberleri_011_16.jpg,0
şeyda.zip,528,529,aa_poh_haberleri/aa_poh_haberleri_011_17.jpg,0
şeyda.zip,529,530,aa_poh_haberleri/aa_poh_haberleri_011_18.jpg,0
şeyda.zip,530,531,aa_poh_haberleri/aa_poh_haberleri_011_19.jpg,0
şeyda.zip,531,532,aa_poh_haberleri/aa_poh_haberleri_011_21.jpg,0
şeyda.zip,532,533,aa_poh_haberleri/aa_poh_haberleri_011_22.jpg,0
şeyda.zip,533,534,aa_poh_haberleri/aa_poh_haberleri_011_24.jpg,0
şeyda.zip,534,535,aa_poh_haberleri/aa_poh_haberleri_011_36.jpg,0
şeyda.zip,535,536,aa_poh_haberleri/aa_poh_haberleri_012_00.jpg,0
şeyda.zip,536,537,aa_poh_haberleri/aa_poh_haberleri_013_01.jpg,0
şeyda.zip,537,538,aa_poh_haberleri/aa_poh_haberleri_013_02.jpg,0
şeyda.zip,538,539,aa_poh_haberleri/aa_poh_haberleri_013_03.jpg,0
şeyda.zip,539,540,aa_poh_haberleri/aa_poh_haberleri_013_04.jpg,0
şeyda.zip,540,541,aa_poh_haberleri/aa_poh_haberleri_013_05.jpg,0
şeyda.zip,541,542,aa_poh_haberleri/aa_poh_haberleri_013_06.jpg,0
şeyda.zip,542,543,aa_poh_haberleri/aa_poh_haberleri_013_07.jpg,0
şeyda.zip,543,544,aa_poh_haberleri/aa_poh_haberleri_013_08.jpg,0
şeyda.zip,544,545,aa_poh_haberleri/aa_poh_haberleri_013_09.jpg,0
şeyda.zip,545,546,aa_poh_haberleri/aa_poh_haberleri_013_10.jpg,0
şeyda.zip,546,547,aa_poh_haberleri/aa_poh_haberleri_013_11.jpg,0
şeyda.zip,547,548,aa_poh_haberleri/aa_poh_haberleri_013_12.jpg,0
şeyda.zip,548,549,aa_poh_haberleri/aa_poh_haberleri_013_13.jpg,0
şeyda.zip,549,550,aa_poh_haberleri/aa_poh_haberleri_014_01.jpg,0
şeyda.zip,550,551,aa_poh_haberleri/aa_poh_haberleri_014_02.jpg,0
şeyda.zip,551,552,aa_poh_haberleri/aa_poh_haberleri_014_03.jpg,0
şeyda.zip,552,553,aa_poh_haberleri/aa_poh_haberleri_014_04.jpg,0
şeyda.zip,553,554,aa_poh_haberleri/aa_poh_haberleri_014_05.jpg,0
şeyda.zip,554,555,aa_poh_haberleri/aa_poh_haberleri_014_06.jpg,0
şeyda.zip,555,556,aa_poh_haberleri/aa_poh_haberleri_014_07.jpg,0
şeyda.zip,556,557,aa_poh_haberleri/aa_poh_haberleri_014_08.jpg,0
şeyda.zip,557,558,aa_poh_haberleri/aa_poh_haberleri_014_09.jpg,0
şeyda.zip,558,559,aa_poh_haberleri/aa_poh_haberleri_014_10.jpg,0
şeyda.zip,559,560,aa_poh_haberleri/aa_poh_haberleri_014_11.jpg,0
şeyda.zip,560,561,aa_poh_haberleri/aa_poh_haberleri_014_12.jpg,0
şeyda.zip,561,562,aa_poh_haberleri/aa_poh_haberleri_014_13.jpg,0
şeyda.zip,562,563,aa_poh_haberleri/aa_poh_haberleri_014_14.jpg,0
şeyda.zip,563,564,aa_poh_haberleri/aa_poh_haberleri_014_15.jpg,0
şeyda.zip,564,565,aa_poh_haberleri/egm_ozel_harekat_polisi_0003.jpg,0
şeyda.zip,565,566,ig_profile_ozelharekatbaskanlik/ig_ozelharekatbaskanlik_0000.jpg,0
şeyda.zip,566,567,ig_profile_ozelharekatbaskanlik/ig_ozelharekatbaskanlik_0002.jpg,0
şeyda.zip,567,568,ig_profile_ozelharekatbaskanlik/ig_ozelharekatbaskanlik_0003.jpg,0
şeyda.zip,568,569,ig_profile_ozelharekatbaskanlik/ig_ozelharekatbaskanlik_0004.jpg,0
şeyda.zip,569,570,ig_profile_ozelharekatbaskanlik/ig_ozelharekatbaskanlik_0006.jpg,0
şeyda.zip,570,571,ig_profile_ozelharekatbaskanlik/ig_ozelharekatbaskanlik_0007.jpg,0
şeyda.zip,571,572,ig_profile_ozelharekatbaskanlik/ig_ozelharekatbaskanlik_0010.jpg,0
şeyda.zip,572,573,ig_profile_ozelharekatbaskanlik/ig_ozelharekatbaskanlik_0011.jpg,0
şeyda.zip,573,574,ig_profile_ozelharekatbaskanlik/ig_ozelharekatbaskanlik_0013.jpg,0
şeyda.zip,574,575,ig_profile_ozelharekatbaskanlik/ig_ozelharekatbaskanlik_0014.jpg,0
şeyda.zip,575,576,ig_profile_ozelharekatbaskanlik/ig_ozelharekatbaskanlik_0016.jpg,0
şeyda.zip,576,577,ig_profile_ozelharekatbaskanlik/ig_ozelharekatbaskanlik_0017.jpg,0
şeyda.zip,577,578,ig_profile_ozelharekatbaskanlik/ig_ozelharekatbaskanlik_0018.jpg,0
şeyda.zip,578,579,ig_profile_ozelharekatbaskanlik/ig_ozelharekatbaskanlik_0019.jpg,0
şeyda.zip,579,580,ig_profile_ozelharekatbaskanlik/ig_ozelharekatbaskanlik_0020.jpg,0
şeyda.zip,580,581,ig_profile_ozelharekatbaskanlik/ig_ozelharekatbaskanlik_0021.jpg,0
şeyda.zip,581,582,ig_profile_ozelharekatbaskanlik/ig_ozelharekatbaskanlik_0022.jpg,0
şeyda.zip,582,583,ig_profile_ozelharekatbaskanlik/ig_ozelharekatbaskanlik_0023.jpg,0
şeyda.zip,583,584,ig_profile_ozelharekatbaskanlik/ig_ozelharekatbaskanlik_0054.jpg,0
şeyda.zip,584,585,ig_profile_ozelharekatbaskanlik/ig_ozelharekatbaskanlik_0060.jpg,0
şeyda.zip,585,586,ig_profile_ozelharekatbaskanlik/ig_ozelharekatbaskanlik_0061.jpg,0
şeyda.zip,586,587,ig_profile_ozelharekatbaskanlik/ig_ozelharekatbaskanlik_0062.jpg,0
şeyda.zip,587,588,ig_profile_ozelharekatbaskanlik/ig_ozelharekatbaskanlik_0063.jpg,0
şeyda.zip,588,589,ig_profile_ozelharekatbaskanlik/ig_ozelharekatbaskanlik_0065.jpg,0
şeyda.zip,589,590,ig_profile_ozelharekatbaskanlik/ig_ozelharekatbaskanlik_0066.jpg,0
şeyda.zip,590,591,ig_profile_ozelharekatbaskanlik/ig_ozelharekatbaskanlik_0067.jpg,0
şeyda.zip,591,592,ig_profile_ozelharekatbaskanlik/ig_ozelharekatbaskanlik_0068.jpg,0
şeyda.zip,592,593,ig_profile_ozelharekatbaskanlik/ig_ozelharekatbaskanlik_0069.jpg,0
şeyda.zip,593,594,ig_profile_ozelharekatbaskanlik/ig_ozelharekatbaskanlik_0070.jpg,0
şeyda.zip,594,595,ig_profile_ozelharekatbaskanlik/ig_ozelharekatbaskanlik_0071.jpg,0
şeyda.zip,595,596,ig_profile_ozelharekatbaskanlik/ig_ozelharekatbaskanlik_0072.jpg,0
şeyda.zip,596,597,ig_profile_ozelharekatbaskanlik/ig_ozelharekatbaskanlik_0073.jpg,0
şeyda.zip,597,598,ig_profile_ozelharekatbaskanlik/ig_ozelharekatbaskanlik_0084_DU6UPWKCLsE.jpg,0
şeyda.zip,598,599,ig_profile_ozelharekatbaskanlik/ig_ozelharekatbaskanlik_0085_DU55CFuCF8A.jpg,0
şeyda.zip,599,600,ig_profile_ozelharekatbaskanlik/ig_ozelharekatbaskanlik_0086_DU3hJXTiGDS.jpg,0
şeyda.zip,600,601,ig_profile_ozelharekatbaskanlik/ig_ozelharekatbaskanlik_0087_DU2lzlKiFfu.jpg,0
şeyda.zip,601,602,ig_profile_ozelharekatbaskanlik/ig_ozelharekatbaskanlik_0088_DU0wRLUCHDi.jpg,0
şeyda.zip,602,603,ig_profile_ozelharekatbaskanlik/ig_ozelharekatbaskanlik_0089_DU0IcvQiA61.jpg,0
şeyda.zip,603,604,ig_profile_ozelharekatbaskanlik/ig_ozelharekatbaskanlik_0090_DUyTzfpiHpZ.jpg,0
şeyda.zip,604,605,ig_profile_ozelharekatbaskanlik/ig_ozelharekatbaskanlik_0091_DUvuCZ7CPvI.jpg,0
şeyda.zip,605,606,ig_profile_ozelharekatbaskanlik/ig_ozelharekatbaskanlik_0092_DUu1UkKiLx9.jpg,0
şeyda.zip,606,607,ig_profile_ozelharekatbaskanlik/ig_ozelharekatbaskanlik_0093_DUtMZ7NiGgK.jpg,0
şeyda.zip,607,608,ig_profile_ozelharekatbaskanlik/ig_ozelharekatbaskanlik_0094_DUs2XWXCJND.jpg,0
şeyda.zip,608,609,ig_profile_ozelharekatbaskanlik/ig_ozelharekatbaskanlik_0095_DUqdLj9jLXj.jpg,0
şeyda.zip,609,610,ig_profile_ozelharekatbaskanlik/ig_ozelharekatbaskanlik_0096_DUp1OTqjfdW.jpg,0
şeyda.zip,610,611,ig_profile_ozelharekatbaskanlik/ig_ozelharekatbaskanlik_0097_DUoIzU3jZKe.jpg,0
şeyda.zip,611,612,ig_profile_ozelharekatbaskanlik/ig_ozelharekatbaskanlik_0098_DUnMu3LiFPz.jpg,0
şeyda.zip,612,613,ig_profile_ozelharekatbaskanlik/ig_ozelharekatbaskanlik_0099_DUlioz1iNgn.jpg,0
şeyda.zip,613,614,ig_profile_ozelharekatbaskanlik/ig_ozelharekatbaskanlik_0100_DUkgQDdCG-H.jpg,0
şeyda.zip,614,615,ig_profile_ozelharekatbaskanlik/ig_ozelharekatbaskanlik_0101_DUivj_SCD_Q.jpg,0
şeyda.zip,615,616,ig_profile_ozelharekatbaskanlik/ig_ozelharekatbaskanlik_0102_DUK5BvmDUgQ.jpg,0
şeyda.zip,616,617,ig_profile_ozelharekatbaskanlik/ig_ozelharekatbaskanlik_0103_DUDwi_JiBi_.jpg,0
şeyda.zip,617,618,ig_profile_ozelharekatbaskanlik/ig_ozelharekatbaskanlik_0104_DT0WEqqiAoo.jpg,0
şeyda.zip,618,619,ig_profile_ozelharekatbaskanlik/ig_ozelharekatbaskanlik_0105_DTvopMFiP3m.jpg,0
şeyda.zip,619,620,ig_profile_ozelharekatbaskanlik/ig_ozelharekatbaskanlik_0106_DTvnWZ0iJwq.jpg,0
şeyda.zip,620,621,ig_profile_ozelharekatbaskanlik/ig_ozelharekatbaskanlik_0107_DTVa2EEiODr.jpg,0
şeyda.zip,621,622,ig_profile_ozelharekatbaskanlik/ig_ozelharekatbaskanlik_0109_DTDbRyXCIC5.jpg,0
şeyda.zip,622,623,ig_profile_ozelharekatbaskanlik/ig_ozelharekatbaskanlik_0110_DS7h1ATiHQP.jpg,0
şeyda.zip,623,624,ig_profile_ozelharekatbaskanlik/ig_ozelharekatbaskanlik_0111_DS5S7JQCDfT.jpg,0
şeyda.zip,624,625,ig_profile_ozelharekatbaskanlik/ig_ozelharekatbaskanlik_0112_DS17Lb7iLz5.jpg,0
şeyda.zip,625,626,ig_profile_ozelharekatbaskanlik/ig_ozelharekatbaskanlik_0113_DSsTa1diB-s.jpg,0
şeyda.zip,626,627,ig_profile_ozelharekatbaskanlik/ig_ozelharekatbaskanlik_0114_DSrk85iCHKr.jpg,0
şeyda.zip,627,628,ig_profile_ozelharekatbaskanlik/ig_ozelharekatbaskanlik_0115_DSqJztTiD0k.jpg,0
şeyda.zip,628,629,ig_profile_ozelharekatbaskanlik/ig_ozelharekatbaskanlik_0116_DSpgH2CDIgp.jpg,0
şeyda.zip,629,630,ig_profile_ozelharekatbaskanlik/ig_ozelharekatbaskanlik_0117_DSm8ZFWiKed.jpg,0
şeyda.zip,630,631,ig_profile_ozelharekatbaskanlik/ig_ozelharekatbaskanlik_0118_DSkbsmkiOZO.jpg,0
şeyda.zip,631,632,ig_profile_ozelharekatbaskanlik/ig_ozelharekatbaskanlik_0119_DSiDmk9CGfc.jpg,0
şeyda.zip,632,633,ig_profile_ozelharekatbaskanlik/ig_ozelharekatbaskanlik_0119_DYkIey0iFAm.jpg,0
şeyda.zip,633,634,ig_profile_ozelharekatbaskanlik/ig_ozelharekatbaskanlik_0120_DSfxtfAiGvI.jpg,0
şeyda.zip,634,635,ig_profile_ozelharekatbaskanlik/ig_ozelharekatbaskanlik_0120_DYhX4e1o20T.jpg,0
şeyda.zip,635,636,ig_profile_ozelharekatbaskanlik/ig_ozelharekatbaskanlik_0121_DSff5JrCJIF.jpg,0
şeyda.zip,636,637,ig_profile_ozelharekatbaskanlik/ig_ozelharekatbaskanlik_0121_DYehZ7VCFJ5.jpg,0
şeyda.zip,637,638,ig_profile_ozelharekatbaskanlik/ig_ozelharekatbaskanlik_0122_DSc_jBTCKvV.jpg,0
şeyda.zip,638,639,ig_profile_ozelharekatbaskanlik/ig_ozelharekatbaskanlik_0122_DYUr30gCHVC.jpg,0
şeyda.zip,639,640,ig_profile_ozelharekatbaskanlik/ig_ozelharekatbaskanlik_0123_DSDnJf5CAWa.jpg,0
şeyda.zip,640,641,ig_profile_ozelharekatbaskanlik/ig_ozelharekatbaskanlik_0123_DYHxy99iCPD.jpg,0
şeyda.zip,641,642,ig_profile_ozelharekatbaskanlik/ig_ozelharekatbaskanlik_0124_DSC-LFXiN0d.jpg,0
şeyda.zip,642,643,ig_profile_ozelharekatbaskanlik/ig_ozelharekatbaskanlik_0124_DYFRnV6CGNe.jpg,0
şeyda.zip,643,644,ig_profile_ozelharekatbaskanlik/ig_ozelharekatbaskanlik_0125_DSAYaWtCK7S.jpg,0
şeyda.zip,644,645,ig_profile_ozelharekatbaskanlik/ig_ozelharekatbaskanlik_0125_DYC9FQBCFvp.jpg,0
şeyda.zip,645,646,ig_profile_ozelharekatbaskanlik/ig_ozelharekatbaskanlik_0126_DYANJNVCGlL.jpg,0
şeyda.zip,646,647,ig_profile_ozelharekatbaskanlik/ig_ozelharekatbaskanlik_0127_DRxMsUXCKl6.jpg,0
şeyda.zip,647,648,ig_profile_ozelharekatbaskanlik/ig_ozelharekatbaskanlik_0128_DRtok-0iHE_.jpg,0
şeyda.zip,648,649,ig_profile_ozelharekatbaskanlik/ig_ozelharekatbaskanlik_0129_DRr8hU1CDUA.jpg,0
şeyda.zip,649,650,ig_profile_ozelharekatbaskanlik/ig_ozelharekatbaskanlik_0129_DXzjVdEIM2c.jpg,0
şeyda.zip,650,651,ig_profile_ozelharekatbaskanlik/ig_ozelharekatbaskanlik_0130_DRrNgkTjTpt.jpg,0
şeyda.zip,651,652,ig_profile_ozelharekatbaskanlik/ig_ozelharekatbaskanlik_0130_DXWr2NGCLM4.jpg,0
şeyda.zip,652,653,ig_profile_ozelharekatbaskanlik/ig_ozelharekatbaskanlik_0131_DRpPasyCJqq.jpg,0
şeyda.zip,653,654,ig_profile_ozelharekatbaskanlik/ig_ozelharekatbaskanlik_0131_DXHplWJCGR4.jpg,0
şeyda.zip,654,655,ig_profile_ozelharekatbaskanlik/ig_ozelharekatbaskanlik_0132_DRoYusTCLba.jpg,0
şeyda.zip,655,656,ig_profile_ozelharekatbaskanlik/ig_ozelharekatbaskanlik_0132_DXFD5FICBw1.jpg,0
şeyda.zip,656,657,ig_profile_ozelharekatbaskanlik/ig_ozelharekatbaskanlik_0133_DRmnSDhCGLV.jpg,0
şeyda.zip,657,658,ig_profile_ozelharekatbaskanlik/ig_ozelharekatbaskanlik_0133_DW9vsZnCE_-.jpg,0
şeyda.zip,658,659,ig_profile_ozelharekatbaskanlik/ig_ozelharekatbaskanlik_0134_DRl4VQ-iK0n.jpg,0
şeyda.zip,659,660,ig_profile_ozelharekatbaskanlik/ig_ozelharekatbaskanlik_0134_DW6wp-lCCLY.jpg,0
şeyda.zip,660,661,ig_profile_ozelharekatbaskanlik/ig_ozelharekatbaskanlik_0135_DRkFF_oCK8A.jpg,0
şeyda.zip,661,662,ig_profile_ozelharekatbaskanlik/ig_ozelharekatbaskanlik_0135_DW3yrZiiFoI.jpg,0
şeyda.zip,662,663,ig_profile_ozelharekatbaskanlik/ig_ozelharekatbaskanlik_0136_DRjNSGGCEyu.jpg,0
şeyda.zip,663,664,ig_profile_ozelharekatbaskanlik/ig_ozelharekatbaskanlik_0136_DW1evgkiMat.jpg,0
şeyda.zip,664,665,ig_profile_ozelharekatbaskanlik/ig_ozelharekatbaskanlik_0137_DRhTdDeCICR.jpg,0
şeyda.zip,665,666,ig_profile_ozelharekatbaskanlik/ig_ozelharekatbaskanlik_0137_DWyRuwciHyr.jpg,0
şeyda.zip,666,667,ig_profile_ozelharekatbaskanlik/ig_ozelharekatbaskanlik_0138_DRhCarQiO6g.jpg,0
şeyda.zip,667,668,ig_profile_ozelharekatbaskanlik/ig_ozelharekatbaskanlik_0139_DRgxvgRiEFx.jpg,0
şeyda.zip,668,669,ig_profile_ozelharekatbaskanlik/ig_ozelharekatbaskanlik_0140_DWTzC90CPqj.jpg,0
şeyda.zip,669,670,ig_profile_ozelharekatbaskanlik/ig_ozelharekatbaskanlik_0141_DReth1hCJyP.jpg,0
şeyda.zip,670,671,ig_profile_ozelharekatbaskanlik/ig_ozelharekatbaskanlik_0141_DWRXff_CCE4.jpg,0
şeyda.zip,671,672,ig_profile_ozelharekatbaskanlik/ig_ozelharekatbaskanlik_0142_DReqFxviDq1.jpg,0
şeyda.zip,672,673,ig_profile_ozelharekatbaskanlik/ig_ozelharekatbaskanlik_0142_DWQqFksCC3W.jpg,0
şeyda.zip,673,674,ig_profile_ozelharekatbaskanlik/ig_ozelharekatbaskanlik_0143_DRenyVWCOFW.jpg,0
şeyda.zip,674,675,ig_profile_ozelharekatbaskanlik/ig_ozelharekatbaskanlik_0143_DWOH4ojDf2L.jpg,0
şeyda.zip,675,676,ig_profile_ozelharekatbaskanlik/ig_ozelharekatbaskanlik_0144_DRNHzPfiKo6.jpg,0
şeyda.zip,676,677,ig_profile_ozelharekatbaskanlik/ig_ozelharekatbaskanlik_0144_DWMEeSfjcw3.jpg,0
şeyda.zip,677,678,ig_profile_ozelharekatbaskanlik/ig_ozelharekatbaskanlik_0145_DRMPflTCPev.jpg,0
şeyda.zip,678,679,ig_profile_ozelharekatbaskanlik/ig_ozelharekatbaskanlik_0145_DWJv2-siLp1.jpg,0
şeyda.zip,679,680,ig_profile_ozelharekatbaskanlik/ig_ozelharekatbaskanlik_0146_DRCix9EiMlJ.jpg,0
şeyda.zip,680,681,ig_profile_ozelharekatbaskanlik/ig_ozelharekatbaskanlik_0147_DV_2r4AiE9r.jpg,0
şeyda.zip,681,682,ig_profile_ozelharekatbaskanlik/ig_ozelharekatbaskanlik_0148_DQZzRARiOam.jpg,0
şeyda.zip,682,683,ig_profile_ozelharekatbaskanlik/ig_ozelharekatbaskanlik_0148_DVjTCWUCAlF.jpg,0
şeyda.zip,683,684,ig_profile_ozelharekatbaskanlik/ig_ozelharekatbaskanlik_0149_DQYv7qzCJm9.jpg,0
şeyda.zip,684,685,ig_profile_ozelharekatbaskanlik/ig_ozelharekatbaskanlik_0150_DQYiBZeiCqW.jpg,0
şeyda.zip,685,686,ig_profile_ozelharekatbaskanlik/ig_ozelharekatbaskanlik_0150_DVeS6mdCETD.jpg,0
şeyda.zip,686,687,ig_profile_ozelharekatbaskanlik/ig_ozelharekatbaskanlik_0151_DQE_4brCODQ.jpg,0
şeyda.zip,687,688,ig_profile_ozelharekatbaskanlik/ig_ozelharekatbaskanlik_0151_DVb52OBCKEG.jpg,0
şeyda.zip,688,689,ig_profile_ozelharekatbaskanlik/ig_ozelharekatbaskanlik_0152_DVO1l_tCNy9.jpg,0
şeyda.zip,689,690,ig_profile_ozelharekatbaskanlik/ig_ozelharekatbaskanlik_0153_DP7C0FHiIhI.jpg,0
şeyda.zip,690,691,ig_profile_ozelharekatbaskanlik/ig_ozelharekatbaskanlik_0154_DP31NZ_CLm4.jpg,0
şeyda.zip,691,692,ig_profile_ozelharekatbaskanlik/ig_ozelharekatbaskanlik_0156_DPlbYjwCFvC.jpg,0
şeyda.zip,692,693,ig_profile_ozelharekatbaskanlik/ig_ozelharekatbaskanlik_0157_DPRddGPCPJG.jpg,0
şeyda.zip,693,694,ig_profile_ozelharekatbaskanlik/ig_ozelharekatbaskanlik_0158_DO889DYiNxL.jpg,0
şeyda.zip,694,695,ig_profile_ozelharekatbaskanlik/ig_ozelharekatbaskanlik_0159_DO6QmF2CNQ8.jpg,0
şeyda.zip,695,696,ig_profile_ozelharekatbaskanlik/ig_ozelharekatbaskanlik_0160_DOy0tZXiGs7.jpg,0
şeyda.zip,696,697,ig_profile_ozelharekatbaskanlik/ig_ozelharekatbaskanlik_0162_DOTiWpkCIwr.jpg,0
şeyda.zip,697,698,ig_profile_ozelharekatbaskanlik/ig_ozelharekatbaskanlik_0164_DOOu2OmCNAp.jpg,0
şeyda.zip,698,699,ig_profile_ozelharekatbaskanlik/ig_ozelharekatbaskanlik_0166_DNzwJD40C0m.jpg,0
şeyda.zip,699,700,ig_profile_ozelharekatbaskanlik/ig_ozelharekatbaskanlik_0167_DNvMyUH0GGm.jpg,0
şeyda.zip,700,701,ig_profile_ozelharekatbaskanlik/ig_ozelharekatbaskanlik_0169_DMr8qjtsNGD.jpg,0
şeyda.zip,701,702,ig_profile_ozelharekatbaskanlik/ig_ozelharekatbaskanlik_0170_DMhzjSdtexd.jpg,0
şeyda.zip,702,703,ig_profile_ozelharekatbaskanlik/ig_ozelharekatbaskanlik_0173_DMF-aBHNhgm.jpg,0
şeyda.zip,703,704,ig_profile_ozelharekatbaskanlik/ig_ozelharekatbaskanlik_0176_DLp5mQst1SG.jpg,0
şeyda.zip,704,705,ig_profile_ozelharekatbaskanlik/ig_ozelharekatbaskanlik_0177_DLe-mY2NPwP.jpg,0
şeyda.zip,705,706,ig_profile_ozelharekatbaskanlik/ig_ozelharekatbaskanlik_0178_DK6-8BCNiVq.jpg,0
şeyda.zip,706,707,ig_profile_ozelharekatbaskanlik/ig_ozelharekatbaskanlik_0179_DKRbjqOtrEa.jpg,0
şeyda.zip,707,708,ig_profile_ozelharekatbaskanlik/ig_ozelharekatbaskanlik_0181_DJ4ELUZNvVp.jpg,0
şeyda.zip,708,709,ig_profile_ozelharekatbaskanlik/ig_ozelharekatbaskanlik_0182_DJ042DqNGNP.jpg,0
şeyda.zip,709,710,ig_profile_ozelharekatbaskanlik/ig_ozelharekatbaskanlik_0183_DJMlB0IN0fT.jpg,0
şeyda.zip,710,711,ig_profile_ozelharekatbaskanlik/ig_ozelharekatbaskanlik_0184_DJL2PuqNR1t.jpg,0
şeyda.zip,711,712,ig_profile_ozelharekatbaskanlik/ig_ozelharekatbaskanlik_0185_DJHZlwyN3Jn.jpg,0
şeyda.zip,712,713,ig_profile_ozelharekatbaskanlik/ig_ozelharekatbaskanlik_0186_DJG4aS9M7pf.jpg,0
şeyda.zip,713,714,ig_profile_ozelharekatbaskanlik/ig_ozelharekatbaskanlik_0188_DIvqiRptEpX.jpg,0
şeyda.zip,714,715,ig_profile_ozelharekatbaskanlik/ig_ozelharekatbaskanlik_0189_DIrQ7l_tPVL.jpg,0
şeyda.zip,715,716,ig_profile_ozelharekatbaskanlik/ig_ozelharekatbaskanlik_0191_DIO_C-YoD20.jpg,0
şeyda.zip,716,717,ig_profile_ozelharekatbaskanlik/ig_ozelharekatbaskanlik_0192_DIJ_nx8uF_D.jpg,0
şeyda.zip,717,718,ig_profile_ozelharekatbaskanlik/ig_ozelharekatbaskanlik_0193_DIEG3cnta8K.jpg,0
şeyda.zip,718,719,ig_profile_ozelharekatbaskanlik/ig_ozelharekatbaskanlik_0194_DH26zTbNoLS.jpg,0
şeyda.zip,719,720,ig_profile_ozelharekatbaskanlik/ig_ozelharekatbaskanlik_0195_DHgqRCwtpvO.jpg,0
şeyda.zip,720,721,ig_profile_ozelharekatbaskanlik/ig_ozelharekatbaskanlik_0197_DHbvaclt2bD.jpg,0
şeyda.zip,721,722,ig_profile_ozelharekatbaskanlik/ig_ozelharekatbaskanlik_0198_DHNp0MLtGqm.jpg,0
şeyda.zip,722,723,ig_profile_ozelharekatbaskanlik/ig_ozelharekatbaskanlik_0199_DGtPdmfO04q.jpg,0
şeyda.zip,723,724,ig_profile_ozelharekatbaskanlik/ig_ozelharekatbaskanlik_0200_DGiwZzKNlv8.jpg,0
şeyda.zip,724,725,ig_profile_ozelharekatbaskanlik/ig_ozelharekatbaskanlik_0202_DGFba8dNx0B.jpg,0
şeyda.zip,725,726,ig_profile_ozelharekatbaskanlik/ig_ozelharekatbaskanlik_0203_DFuh99nugmC.jpg,0
şeyda.zip,726,727,ig_profile_ozelharekatbaskanlik/ig_ozelharekatbaskanlik_0205_DFPtKgzqhG7.jpg,0
şeyda.zip,727,728,ig_profile_ozelharekatbaskanlik/ig_ozelharekatbaskanlik_0206_DE5HQu2tOpx.jpg,0
şeyda.zip,728,729,ig_profile_ozelharekatbaskanlik/ig_ozelharekatbaskanlik_0207_DE2oMLUtSBV.jpg,0
şeyda.zip,729,730,ig_profile_ozelharekatbaskanlik/ig_ozelharekatbaskanlik_0208_DEprFD3tmET.jpg,0
şeyda.zip,730,731,ig_profile_ozelharekatbaskanlik/ig_ozelharekatbaskanlik_0209_DEXr8ubtcwJ.jpg,0
şeyda.zip,731,732,ig_profile_ozelharekatbaskanlik/ig_ozelharekatbaskanlik_0210_DEXRefBtihJ.jpg,0
şeyda.zip,732,733,ig_profile_ozelharekatbaskanlik/ig_ozelharekatbaskanlik_0211_DEU-_Qtt8GE.jpg,0
şeyda.zip,733,734,ig_profile_ozelharekatbaskanlik/ig_ozelharekatbaskanlik_0212_DEPzpsLN8-Q.jpg,0
şeyda.zip,734,735,ig_profile_ozelharekatbaskanlik/ig_ozelharekatbaskanlik_0213_DEFuVJkNYf1.jpg,0
şeyda.zip,735,736,ig_profile_ozelharekatbaskanlik/ig_ozelharekatbaskanlik_0215_DD2BJHLtbjP.jpg,0
şeyda.zip,736,737,ig_profile_ozelharekatbaskanlik/ig_ozelharekatbaskanlik_0216_DDsD_5vNBnY.jpg,0
şeyda.zip,737,738,ig_profile_ozelharekatbaskanlik/ig_ozelharekatbaskanlik_0217_DDmHjDhOQQe.jpg,0
şeyda.zip,738,739,ig_profile_ozelharekatbaskanlik/ig_ozelharekatbaskanlik_0218_DDg7Kc9tLVN.jpg,0
şeyda.zip,739,740,ig_profile_ozelharekatbaskanlik/ig_ozelharekatbaskanlik_0221_DC_YpoQtgxP.jpg,0
şeyda.zip,740,741,ig_profile_ozelharekatbaskanlik/ig_ozelharekatbaskanlik_0222_DC6CUhDtSDG.jpg,0
şeyda.zip,741,742,ig_profile_ozelharekatbaskanlik/ig_ozelharekatbaskanlik_0224_DCtpC8utnRL.jpg,0
şeyda.zip,742,743,ig_profile_ozelharekatbaskanlik/ig_ozelharekatbaskanlik_0225_DCrk6NgtNpW.jpg,0
şeyda.zip,743,744,ig_profile_ozelharekatbaskanlik/ig_ozelharekatbaskanlik_0227_DCOSJEONURm.jpg,0
şeyda.zip,744,745,ig_profile_ozelharekatbaskanlik/ig_ozelharekatbaskanlik_0231_DBHaAgoNt4a.jpg,0
şeyda.zip,745,746,ig_profile_ozelharekatbaskanlik/ig_ozelharekatbaskanlik_0232_DAJQho2NIkv.jpg,0
şeyda.zip,746,747,ig_profile_ozelharekatbaskanlik/ig_ozelharekatbaskanlik_0235_C_Q1JF7IArk.jpg,0
şeyda.zip,747,748,ig_profile_ozelharekatbaskanlik/ig_ozelharekatbaskanlik_0239_C-gDvsaNQDe.jpg,0
şeyda.zip,748,749,ig_profile_ozelharekatbaskanlik/ig_ozelharekatbaskanlik_0241_C-Dcc6eNS-v.jpg,0
şeyda.zip,749,750,ig_profile_ozelharekatbaskanlik/ig_ozelharekatbaskanlik_0243_C95BtE3N25Q.jpg,0
şeyda.zip,750,751,ig_profile_ozelharekatbaskanlik/ig_ozelharekatbaskanlik_0244_C92vdOati6O.jpg,0
şeyda.zip,751,752,ig_profile_ozelharekatbaskanlik/ig_ozelharekatbaskanlik_0246_C9c5Lm8tk8g.jpg,0
şeyda.zip,752,753,ig_profile_ozelharekatbaskanlik/ig_ozelharekatbaskanlik_0250_C7o6tR4taod.jpg,0
şeyda.zip,753,754,ig_profile_ozelharekatbaskanlik/ig_ozelharekatbaskanlik_0252_C7W3aBYNskp.jpg,0
şeyda.zip,754,755,ig_profile_ozelharekatbaskanlik/ig_ozelharekatbaskanlik_0255_C61rRuPNcIa.jpg,0
şeyda.zip,755,756,ig_profile_ozelharekatbaskanlik/ig_ozelharekatbaskanlik_0256_C6tt_9DtBRf.jpg,0
şeyda.zip,756,757,ig_profile_ozelharekatbaskanlik/ig_ozelharekatbaskanlik_0257_C6nu_NBtK3K.jpg,0
şeyda.zip,757,758,ig_profile_ozelharekatbaskanlik/ig_ozelharekatbaskanlik_0259_C6I67RKNcRA.jpg,0
şeyda.zip,758,759,ig_profile_ozelharekatbaskanlik/ig_ozelharekatbaskanlik_0260_C50lfrBNXbm.jpg,0
şeyda.zip,759,760,ig_profile_ozelharekatbaskanlik/ig_ozelharekatbaskanlik_0261_C50SxkaNshl.jpg,0
şeyda.zip,760,761,ig_profile_ozelharekatbaskanlik/ig_ozelharekatbaskanlik_0264_C42m0V0NRUa.jpg,0
şeyda.zip,761,762,ig_profile_ozelharekatbaskanlik/ig_ozelharekatbaskanlik_0265_C4zxQPCIw5-.jpg,0
şeyda.zip,762,763,ig_profile_ozelharekatbaskanlik/ig_ozelharekatbaskanlik_0266_C4v50QXNpx4.jpg,0
şeyda.zip,763,764,ig_profile_ozelharekatbaskanlik/ig_ozelharekatbaskanlik_0267_C4tDscKobd6.jpg,0
şeyda.zip,764,765,ig_profile_ozelharekatbaskanlik/ig_ozelharekatbaskanlik_0268_C4dTorGtIw4.jpg,0
şeyda.zip,765,766,ig_profile_ozelharekatbaskanlik/ig_ozelharekatbaskanlik_0269_C4GYBI-tRrJ.jpg,0
şeyda.zip,766,767,ig_profile_ozelharekatbaskanlik/ig_ozelharekatbaskanlik_0270_C3xlnikNLM3.jpg,0
şeyda.zip,767,768,ig_profile_ozelharekatbaskanlik/ig_ozelharekatbaskanlik_0271_C3QUCH_N4MC.jpg,0
şeyda.zip,768,769,ig_profile_ozelharekatbaskanlik/ig_ozelharekatbaskanlik_0272_C2jbn0WtM0g.jpg,0
şeyda.zip,769,770,ig_profile_ozelharekatbaskanlik/ig_ozelharekatbaskanlik_0273_C2fdO2Nt0pk.jpg,0
şeyda.zip,770,771,ig_profile_ozelharekatbaskanlik/ig_ozelharekatbaskanlik_0274_C2ZPe4KtljK.jpg,0
şeyda.zip,771,772,ig_profile_ozelharekatbaskanlik/ig_ozelharekatbaskanlik_0275_C2UcEXmNnLT.jpg,0
şeyda.zip,772,773,ig_profile_ozelharekatbaskanlik/ig_ozelharekatbaskanlik_0276_C2SD_yxND56.jpg,0
şeyda.zip,773,774,ig_profile_ozelharekatbaskanlik/ig_ozelharekatbaskanlik_0277_C2CaAjnN_aw.jpg,0
şeyda.zip,774,775,ig_profile_ozelharekatbaskanlik/ig_ozelharekatbaskanlik_0278_C1iJg-ANHmf.jpg,0
şeyda.zip,775,776,ig_profile_ozelharekatbaskanlik/ig_ozelharekatbaskanlik_0279_C1XgDIVN0gA.jpg,0
şeyda.zip,776,777,ig_profile_ozelharekatbaskanlik/ig_ozelharekatbaskanlik_0281_C04Z8z3N7AK.jpg,0
şeyda.zip,777,778,ig_profile_ozelharekatbaskanlik/ig_ozelharekatbaskanlik_0282_C04RXcrNPIr.jpg,0
şeyda.zip,778,779,ig_profile_ozelharekatbaskanlik/ig_ozelharekatbaskanlik_0284_CzTdaM2NE6n.jpg,0
şeyda.zip,779,780,ig_profile_ozelharekatbaskanlik/ig_ozelharekatbaskanlik_0287_Cyn-QCgtnaI.jpg,0
şeyda.zip,780,781,ig_profile_ozelharekatbaskanlik/ig_ozelharekatbaskanlik_0288_CyitBEvtDNP.jpg,0
şeyda.zip,781,782,tatbikat_videolarindan/vid01_43_years_after_the_establishme/vid01_43_years_after_the_establishme_0001.jpg,0
şeyda.zip,782,783,tatbikat_videolarindan/vid01_43_years_after_the_establishme/vid01_43_years_after_the_establishme_0002.jpg,0
şeyda.zip,783,784,tatbikat_videolarindan/vid01_43_years_after_the_establishme/vid01_43_years_after_the_establishme_0003.jpg,0
şeyda.zip,784,785,tatbikat_videolarindan/vid01_43_years_after_the_establishme/vid01_43_years_after_the_establishme_0004.jpg,0
şeyda.zip,785,786,tatbikat_videolarindan/vid01_43_years_after_the_establishme/vid01_43_years_after_the_establishme_0005.jpg,0
şeyda.zip,786,787,tatbikat_videolarindan/vid01_43_years_after_the_establishme/vid01_43_years_after_the_establishme_0006.jpg,0
şeyda.zip,787,788,tatbikat_videolarindan/vid01_43_years_after_the_establishme/vid01_43_years_after_the_establishme_0007.jpg,0
şeyda.zip,788,789,tatbikat_videolarindan/vid01_43_years_after_the_establishme/vid01_43_years_after_the_establishme_0008.jpg,0
şeyda.zip,789,790,tatbikat_videolarindan/vid01_43_years_after_the_establishme/vid01_43_years_after_the_establishme_0009.jpg,0
şeyda.zip,790,791,tatbikat_videolarindan/vid01_43_years_after_the_establishme/vid01_43_years_after_the_establishme_0010.jpg,0
şeyda.zip,791,792,tatbikat_videolarindan/vid01_43_years_after_the_establishme/vid01_43_years_after_the_establishme_0011.jpg,0
şeyda.zip,792,793,tatbikat_videolarindan/vid01_43_years_after_the_establishme/vid01_43_years_after_the_establishme_0015.jpg,0
şeyda.zip,793,794,tatbikat_videolarindan/vid01_43_years_after_the_establishme/vid01_43_years_after_the_establishme_0016.jpg,0
şeyda.zip,794,795,tatbikat_videolarindan/vid01_43_years_after_the_establishme/vid01_43_years_after_the_establishme_0017.jpg,0
şeyda.zip,795,796,tatbikat_videolarindan/vid01_43_years_after_the_establishme/vid01_43_years_after_the_establishme_0018.jpg,0
şeyda.zip,796,797,tatbikat_videolarindan/vid01_43_years_after_the_establishme/vid01_43_years_after_the_establishme_0019.jpg,0
şeyda.zip,797,798,tatbikat_videolarindan/vid01_43_years_after_the_establishme/vid01_43_years_after_the_establishme_0023.jpg,0
şeyda.zip,798,799,tatbikat_videolarindan/vid01_43_years_after_the_establishme/vid01_43_years_after_the_establishme_0024.jpg,0
şeyda.zip,799,800,tatbikat_videolarindan/vid01_43_years_after_the_establishme/vid01_43_years_after_the_establishme_0025.jpg,0
şeyda.zip,800,801,tatbikat_videolarindan/vid01_43_years_after_the_establishme/vid01_43_years_after_the_establishme_0027.jpg,0
şeyda.zip,801,802,tatbikat_videolarindan/vid01_43_years_after_the_establishme/vid01_43_years_after_the_establishme_0028.jpg,0
şeyda.zip,802,803,tatbikat_videolarindan/vid01_43_years_after_the_establishme/vid01_43_years_after_the_establishme_0029.jpg,0
şeyda.zip,803,804,tatbikat_videolarindan/vid01_43_years_after_the_establishme/vid01_43_years_after_the_establishme_0030.jpg,0
şeyda.zip,804,805,tatbikat_videolarindan/vid01_43_years_after_the_establishme/vid01_43_years_after_the_establishme_0031.jpg,0
şeyda.zip,805,806,tatbikat_videolarindan/vid01_43_years_after_the_establishme/vid01_43_years_after_the_establishme_0032.jpg,0
şeyda.zip,806,807,tatbikat_videolarindan/vid01_43_years_after_the_establishme/vid01_43_years_after_the_establishme_0037.jpg,0
şeyda.zip,807,808,tatbikat_videolarindan/vid01_43_years_after_the_establishme/vid01_43_years_after_the_establishme_0038.jpg,0
şeyda.zip,808,809,tatbikat_videolarindan/vid01_43_years_after_the_establishme/vid01_43_years_after_the_establishme_0039.jpg,0
şeyda.zip,809,810,tatbikat_videolarindan/vid01_43_years_after_the_establishme/vid01_43_years_after_the_establishme_0040.jpg,0
şeyda.zip,810,811,tatbikat_videolarindan/vid01_43_years_after_the_establishme/vid01_43_years_after_the_establishme_0041.jpg,0
şeyda.zip,811,812,tatbikat_videolarindan/vid01_43_years_after_the_establishme/vid01_43_years_after_the_establishme_0047.jpg,0
şeyda.zip,812,813,tatbikat_videolarindan/vid01_43_years_after_the_establishme/vid01_43_years_after_the_establishme_0048.jpg,0
şeyda.zip,813,814,tatbikat_videolarindan/vid01_43_years_after_the_establishme/vid01_43_years_after_the_establishme_0049.jpg,0
şeyda.zip,814,815,tatbikat_videolarindan/vid01_43_years_after_the_establishme/vid01_43_years_after_the_establishme_0050.jpg,0
şeyda.zip,815,816,tatbikat_videolarindan/vid01_43_years_after_the_establishme/vid01_43_years_after_the_establishme_0051.jpg,0
şeyda.zip,816,817,tatbikat_videolarindan/vid01_43_years_after_the_establishme/vid01_43_years_after_the_establishme_0052.jpg,0
şeyda.zip,817,818,tatbikat_videolarindan/vid01_43_years_after_the_establishme/vid01_43_years_after_the_establishme_0053.jpg,0
şeyda.zip,818,819,tatbikat_videolarindan/vid01_43_years_after_the_establishme/vid01_43_years_after_the_establishme_0054.jpg,0
şeyda.zip,819,820,tatbikat_videolarindan/vid01_43_years_after_the_establishme/vid01_43_years_after_the_establishme_0055.jpg,0
şeyda.zip,820,821,tatbikat_videolarindan/vid01_43_years_after_the_establishme/vid01_43_years_after_the_establishme_0056.jpg,0
şeyda.zip,821,822,tatbikat_videolarindan/vid01_43_years_after_the_establishme/vid01_43_years_after_the_establishme_0057.jpg,0
şeyda.zip,822,823,tatbikat_videolarindan/vid01_43_years_after_the_establishme/vid01_43_years_after_the_establishme_0058.jpg,0
şeyda.zip,823,824,tatbikat_videolarindan/vid01_43_years_after_the_establishme/vid01_43_years_after_the_establishme_0059.jpg,0
şeyda.zip,824,825,tatbikat_videolarindan/vid01_43_years_after_the_establishme/vid01_43_years_after_the_establishme_0060.jpg,0
şeyda.zip,825,826,tatbikat_videolarindan/vid01_43_years_after_the_establishme/vid01_43_years_after_the_establishme_0061.jpg,0
şeyda.zip,826,827,tatbikat_videolarindan/vid01_43_years_after_the_establishme/vid01_43_years_after_the_establishme_0062.jpg,0
şeyda.zip,827,828,tatbikat_videolarindan/vid01_43_years_after_the_establishme/vid01_43_years_after_the_establishme_0063.jpg,0
şeyda.zip,828,829,tatbikat_videolarindan/vid01_43_years_after_the_establishme/vid01_43_years_after_the_establishme_0064.jpg,0
şeyda.zip,829,830,tatbikat_videolarindan/vid01_43_years_after_the_establishme/vid01_43_years_after_the_establishme_0065.jpg,0
şeyda.zip,830,831,tatbikat_videolarindan/vid01_43_years_after_the_establishme/vid01_43_years_after_the_establishme_0066.jpg,0
şeyda.zip,831,832,tatbikat_videolarindan/vid01_43_years_after_the_establishme/vid01_43_years_after_the_establishme_0067.jpg,0
şeyda.zip,832,833,tatbikat_videolarindan/vid01_43_years_after_the_establishme/vid01_43_years_after_the_establishme_0068.jpg,0
şeyda.zip,833,834,tatbikat_videolarindan/vid01_43_years_after_the_establishme/vid01_43_years_after_the_establishme_0069.jpg,0
şeyda.zip,834,835,tatbikat_videolarindan/vid01_43_years_after_the_establishme/vid01_43_years_after_the_establishme_0070.jpg,0
şeyda.zip,835,836,tatbikat_videolarindan/vid01_43_years_after_the_establishme/vid01_43_years_after_the_establishme_0071.jpg,0
şeyda.zip,836,837,tatbikat_videolarindan/vid01_43_years_after_the_establishme/vid01_43_years_after_the_establishme_0072.jpg,0
şeyda.zip,837,838,tatbikat_videolarindan/vid01_43_years_after_the_establishme/vid01_43_years_after_the_establishme_0073.jpg,0
şeyda.zip,838,839,tatbikat_videolarindan/vid01_43_years_after_the_establishme/vid01_43_years_after_the_establishme_0074.jpg,0
şeyda.zip,839,840,tatbikat_videolarindan/vid01_43_years_after_the_establishme/vid01_43_years_after_the_establishme_0075.jpg,0
şeyda.zip,840,841,tatbikat_videolarindan/vid01_43_years_after_the_establishme/vid01_43_years_after_the_establishme_0076.jpg,0
şeyda.zip,841,842,tatbikat_videolarindan/vid01_43_years_after_the_establishme/vid01_43_years_after_the_establishme_0077.jpg,0
şeyda.zip,842,843,tatbikat_videolarindan/vid01_43_years_after_the_establishme/vid01_43_years_after_the_establishme_0078.jpg,0
şeyda.zip,843,844,tatbikat_videolarindan/vid01_43_years_after_the_establishme/vid01_43_years_after_the_establishme_0079.jpg,0
şeyda.zip,844,845,tatbikat_videolarindan/vid01_43_years_after_the_establishme/vid01_43_years_after_the_establishme_0080.jpg,0
şeyda.zip,845,846,tatbikat_videolarindan/vid01_43_years_after_the_establishme/vid01_43_years_after_the_establishme_0081.jpg,0
şeyda.zip,846,847,tatbikat_videolarindan/vid01_43_years_after_the_establishme/vid01_43_years_after_the_establishme_0083.jpg,0
şeyda.zip,847,848,tatbikat_videolarindan/vid01_43_years_after_the_establishme/vid01_43_years_after_the_establishme_0084.jpg,0
şeyda.zip,848,849,tatbikat_videolarindan/vid01_43_years_after_the_establishme/vid01_43_years_after_the_establishme_0085.jpg,0
şeyda.zip,849,850,tatbikat_videolarindan/vid01_43_years_after_the_establishme/vid01_43_years_after_the_establishme_0087.jpg,0
şeyda.zip,850,851,tatbikat_videolarindan/vid01_43_years_after_the_establishme/vid01_43_years_after_the_establishme_0090.jpg,0
şeyda.zip,851,852,tatbikat_videolarindan/vid02_mke_operation_exercise_turkish/vid02_mke_operation_exercise_turkish_0001.jpg,0
şeyda.zip,852,853,tatbikat_videolarindan/vid02_mke_operation_exercise_turkish/vid02_mke_operation_exercise_turkish_0002.jpg,0
şeyda.zip,853,854,tatbikat_videolarindan/vid02_mke_operation_exercise_turkish/vid02_mke_operation_exercise_turkish_0003.jpg,0
şeyda.zip,854,855,tatbikat_videolarindan/vid02_mke_operation_exercise_turkish/vid02_mke_operation_exercise_turkish_0004.jpg,0
şeyda.zip,855,856,tatbikat_videolarindan/vid02_mke_operation_exercise_turkish/vid02_mke_operation_exercise_turkish_0005.jpg,0
şeyda.zip,856,857,tatbikat_videolarindan/vid02_mke_operation_exercise_turkish/vid02_mke_operation_exercise_turkish_0006.jpg,0
şeyda.zip,857,858,tatbikat_videolarindan/vid02_mke_operation_exercise_turkish/vid02_mke_operation_exercise_turkish_0007.jpg,0
şeyda.zip,858,859,tatbikat_videolarindan/vid02_mke_operation_exercise_turkish/vid02_mke_operation_exercise_turkish_0008.jpg,0
şeyda.zip,859,860,tatbikat_videolarindan/vid02_mke_operation_exercise_turkish/vid02_mke_operation_exercise_turkish_0009.jpg,0
şeyda.zip,860,861,tatbikat_videolarindan/vid02_mke_operation_exercise_turkish/vid02_mke_operation_exercise_turkish_0010.jpg,0
şeyda.zip,861,862,tatbikat_videolarindan/vid02_mke_operation_exercise_turkish/vid02_mke_operation_exercise_turkish_0012.jpg,0
şeyda.zip,862,863,tatbikat_videolarindan/vid02_mke_operation_exercise_turkish/vid02_mke_operation_exercise_turkish_0013.jpg,0
şeyda.zip,863,864,tatbikat_videolarindan/vid02_mke_operation_exercise_turkish/vid02_mke_operation_exercise_turkish_0014.jpg,0
şeyda.zip,864,865,tatbikat_videolarindan/vid02_mke_operation_exercise_turkish/vid02_mke_operation_exercise_turkish_0015.jpg,0
şeyda.zip,865,866,tatbikat_videolarindan/vid02_mke_operation_exercise_turkish/vid02_mke_operation_exercise_turkish_0016.jpg,0
şeyda.zip,866,867,tatbikat_videolarindan/vid02_mke_operation_exercise_turkish/vid02_mke_operation_exercise_turkish_0031.jpg,0
şeyda.zip,867,868,tatbikat_videolarindan/vid02_mke_operation_exercise_turkish/vid02_mke_operation_exercise_turkish_0032.jpg,0
şeyda.zip,868,869,tatbikat_videolarindan/vid02_mke_operation_exercise_turkish/vid02_mke_operation_exercise_turkish_0033.jpg,0
şeyda.zip,869,870,tatbikat_videolarindan/vid02_mke_operation_exercise_turkish/vid02_mke_operation_exercise_turkish_0034.jpg,0
şeyda.zip,870,871,tatbikat_videolarindan/vid02_mke_operation_exercise_turkish/vid02_mke_operation_exercise_turkish_0035.jpg,0
şeyda.zip,871,872,tatbikat_videolarindan/vid02_mke_operation_exercise_turkish/vid02_mke_operation_exercise_turkish_0036.jpg,0
şeyda.zip,872,873,tatbikat_videolarindan/vid02_mke_operation_exercise_turkish/vid02_mke_operation_exercise_turkish_0037.jpg,0
şeyda.zip,873,874,tatbikat_videolarindan/vid02_mke_operation_exercise_turkish/vid02_mke_operation_exercise_turkish_0038.jpg,0
şeyda.zip,874,875,tatbikat_videolarindan/vid02_mke_operation_exercise_turkish/vid02_mke_operation_exercise_turkish_0039.jpg,0
şeyda.zip,875,876,tatbikat_videolarindan/vid02_mke_operation_exercise_turkish/vid02_mke_operation_exercise_turkish_0055.jpg,0
şeyda.zip,876,877,tatbikat_videolarindan/vid02_mke_operation_exercise_turkish/vid02_mke_operation_exercise_turkish_0056.jpg,0
şeyda.zip,877,878,tatbikat_videolarindan/vid02_mke_operation_exercise_turkish/vid02_mke_operation_exercise_turkish_0057.jpg,0
şeyda.zip,878,879,tatbikat_videolarindan/vid02_mke_operation_exercise_turkish/vid02_mke_operation_exercise_turkish_0058.jpg,0
şeyda.zip,879,880,tatbikat_videolarindan/vid02_mke_operation_exercise_turkish/vid02_mke_operation_exercise_turkish_0059.jpg,0
şeyda.zip,880,881,tatbikat_videolarindan/vid02_mke_operation_exercise_turkish/vid02_mke_operation_exercise_turkish_0060.jpg,0
şeyda.zip,881,882,tatbikat_videolarindan/vid02_mke_operation_exercise_turkish/vid02_mke_operation_exercise_turkish_0061.jpg,0
şeyda.zip,882,883,tatbikat_videolarindan/vid02_mke_operation_exercise_turkish/vid02_mke_operation_exercise_turkish_0062.jpg,0
şeyda.zip,883,884,tatbikat_videolarindan/vid02_mke_operation_exercise_turkish/vid02_mke_operation_exercise_turkish_0063.jpg,0
şeyda.zip,884,885,tatbikat_videolarindan/vid02_mke_operation_exercise_turkish/vid02_mke_operation_exercise_turkish_0064.jpg,0
şeyda.zip,885,886,tatbikat_videolarindan/vid02_mke_operation_exercise_turkish/vid02_mke_operation_exercise_turkish_0065.jpg,0
şeyda.zip,886,887,tatbikat_videolarindan/vid02_mke_operation_exercise_turkish/vid02_mke_operation_exercise_turkish_0066.jpg,0
şeyda.zip,887,888,tatbikat_videolarindan/vid02_mke_operation_exercise_turkish/vid02_mke_operation_exercise_turkish_0067.jpg,0
şeyda.zip,888,889,tatbikat_videolarindan/vid02_mke_operation_exercise_turkish/vid02_mke_operation_exercise_turkish_0068.jpg,0
şeyda.zip,889,890,tatbikat_videolarindan/vid02_mke_operation_exercise_turkish/vid02_mke_operation_exercise_turkish_0069.jpg,0
şeyda.zip,890,891,tatbikat_videolarindan/vid02_mke_operation_exercise_turkish/vid02_mke_operation_exercise_turkish_0070.jpg,0
şeyda.zip,891,892,tatbikat_videolarindan/vid02_mke_operation_exercise_turkish/vid02_mke_operation_exercise_turkish_0071.jpg,0
şeyda.zip,892,893,tatbikat_videolarindan/vid02_mke_operation_exercise_turkish/vid02_mke_operation_exercise_turkish_0072.jpg,0
şeyda.zip,893,894,tatbikat_videolarindan/vid02_mke_operation_exercise_turkish/vid02_mke_operation_exercise_turkish_0073.jpg,0
şeyda.zip,894,895,tatbikat_videolarindan/vid02_mke_operation_exercise_turkish/vid02_mke_operation_exercise_turkish_0074.jpg,0
şeyda.zip,895,896,tatbikat_videolarindan/vid02_mke_operation_exercise_turkish/vid02_mke_operation_exercise_turkish_0075.jpg,0
şeyda.zip,896,897,tatbikat_videolarindan/vid02_mke_operation_exercise_turkish/vid02_mke_operation_exercise_turkish_0076.jpg,0
şeyda.zip,897,898,tatbikat_videolarindan/vid02_mke_operation_exercise_turkish/vid02_mke_operation_exercise_turkish_0077.jpg,0
şeyda.zip,898,899,tatbikat_videolarindan/vid02_mke_operation_exercise_turkish/vid02_mke_operation_exercise_turkish_0078.jpg,0
şeyda.zip,899,900,tatbikat_videolarindan/vid02_mke_operation_exercise_turkish/vid02_mke_operation_exercise_turkish_0079.jpg,0
şeyda.zip,900,901,tatbikat_videolarindan/vid02_mke_operation_exercise_turkish/vid02_mke_operation_exercise_turkish_0080.jpg,0
şeyda.zip,901,902,tatbikat_videolarindan/vid02_mke_operation_exercise_turkish/vid02_mke_operation_exercise_turkish_0081.jpg,0
şeyda.zip,902,903,tatbikat_videolarindan/vid02_mke_operation_exercise_turkish/vid02_mke_operation_exercise_turkish_0082.jpg,0
şeyda.zip,903,904,tatbikat_videolarindan/vid02_mke_operation_exercise_turkish/vid02_mke_operation_exercise_turkish_0083.jpg,0
şeyda.zip,904,905,tatbikat_videolarindan/vid02_mke_operation_exercise_turkish/vid02_mke_operation_exercise_turkish_0084.jpg,0
şeyda.zip,905,906,tatbikat_videolarindan/vid02_mke_operation_exercise_turkish/vid02_mke_operation_exercise_turkish_0085.jpg,0
şeyda.zip,906,907,tatbikat_videolarindan/vid02_mke_operation_exercise_turkish/vid02_mke_operation_exercise_turkish_0086.jpg,0
şeyda.zip,907,908,tatbikat_videolarindan/vid02_mke_operation_exercise_turkish/vid02_mke_operation_exercise_turkish_0087.jpg,0
şeyda.zip,908,909,tatbikat_videolarindan/vid02_mke_operation_exercise_turkish/vid02_mke_operation_exercise_turkish_0088.jpg,0
şeyda.zip,909,910,tatbikat_videolarindan/vid02_mke_operation_exercise_turkish/vid02_mke_operation_exercise_turkish_0089.jpg,0
şeyda.zip,910,911,tatbikat_videolarindan/vid02_mke_operation_exercise_turkish/vid02_mke_operation_exercise_turkish_0090.jpg,0
şeyda.zip,911,912,tatbikat_videolarindan/vid02_mke_operation_exercise_turkish/vid02_mke_operation_exercise_turkish_0091.jpg,0
şeyda.zip,912,913,tatbikat_videolarindan/vid02_mke_operation_exercise_turkish/vid02_mke_operation_exercise_turkish_0092.jpg,0
şeyda.zip,913,914,tatbikat_videolarindan/vid02_mke_operation_exercise_turkish/vid02_mke_operation_exercise_turkish_0093.jpg,0
şeyda.zip,914,915,tatbikat_videolarindan/vid02_mke_operation_exercise_turkish/vid02_mke_operation_exercise_turkish_0094.jpg,0
şeyda.zip,915,916,tatbikat_videolarindan/vid02_mke_operation_exercise_turkish/vid02_mke_operation_exercise_turkish_0095.jpg,0
şeyda.zip,916,917,tatbikat_videolarindan/vid02_mke_operation_exercise_turkish/vid02_mke_operation_exercise_turkish_0097.jpg,0
şeyda.zip,917,918,tatbikat_videolarindan/vid02_mke_operation_exercise_turkish/vid02_mke_operation_exercise_turkish_0098.jpg,0
şeyda.zip,918,919,tatbikat_videolarindan/vid02_mke_operation_exercise_turkish/vid02_mke_operation_exercise_turkish_0099.jpg,0
şeyda.zip,919,920,tatbikat_videolarindan/vid02_mke_operation_exercise_turkish/vid02_mke_operation_exercise_turkish_0100.jpg,0
şeyda.zip,920,921,tatbikat_videolarindan/vid02_mke_operation_exercise_turkish/vid02_mke_operation_exercise_turkish_0101.jpg,0
şeyda.zip,921,922,tatbikat_videolarindan/vid02_mke_operation_exercise_turkish/vid02_mke_operation_exercise_turkish_0102.jpg,0
şeyda.zip,922,923,tatbikat_videolarindan/vid02_mke_operation_exercise_turkish/vid02_mke_operation_exercise_turkish_0103.jpg,0
şeyda.zip,923,924,tatbikat_videolarindan/vid02_mke_operation_exercise_turkish/vid02_mke_operation_exercise_turkish_0104.jpg,0
şeyda.zip,924,925,tatbikat_videolarindan/vid02_mke_operation_exercise_turkish/vid02_mke_operation_exercise_turkish_0105.jpg,0
şeyda.zip,925,926,tatbikat_videolarindan/vid02_mke_operation_exercise_turkish/vid02_mke_operation_exercise_turkish_0106.jpg,0
şeyda.zip,926,927,tatbikat_videolarindan/vid02_mke_operation_exercise_turkish/vid02_mke_operation_exercise_turkish_0107.jpg,0
şeyda.zip,927,928,tatbikat_videolarindan/vid02_mke_operation_exercise_turkish/vid02_mke_operation_exercise_turkish_0108.jpg,0
şeyda.zip,928,929,tatbikat_videolarindan/vid02_mke_operation_exercise_turkish/vid02_mke_operation_exercise_turkish_0109.jpg,0
şeyda.zip,929,930,tatbikat_videolarindan/vid02_mke_operation_exercise_turkish/vid02_mke_operation_exercise_turkish_0110.jpg,0
şeyda.zip,930,931,tatbikat_videolarindan/vid02_mke_operation_exercise_turkish/vid02_mke_operation_exercise_turkish_0112.jpg,0
şeyda.zip,931,932,tatbikat_videolarindan/vid02_mke_operation_exercise_turkish/vid02_mke_operation_exercise_turkish_0113.jpg,0
şeyda.zip,932,933,tatbikat_videolarindan/vid02_mke_operation_exercise_turkish/vid02_mke_operation_exercise_turkish_0114.jpg,0
şeyda.zip,933,934,tatbikat_videolarindan/vid02_mke_operation_exercise_turkish/vid02_mke_operation_exercise_turkish_0115.jpg,0
şeyda.zip,934,935,tatbikat_videolarindan/vid02_mke_operation_exercise_turkish/vid02_mke_operation_exercise_turkish_0116.jpg,0
şeyda.zip,935,936,tatbikat_videolarindan/vid02_mke_operation_exercise_turkish/vid02_mke_operation_exercise_turkish_0117.jpg,0
şeyda.zip,936,937,tatbikat_videolarindan/vid02_mke_operation_exercise_turkish/vid02_mke_operation_exercise_turkish_0118.jpg,0
şeyda.zip,937,938,tatbikat_videolarindan/vid02_mke_operation_exercise_turkish/vid02_mke_operation_exercise_turkish_0119.jpg,0
şeyda.zip,938,939,tatbikat_videolarindan/vid02_mke_operation_exercise_turkish/vid02_mke_operation_exercise_turkish_0120.jpg,0
şeyda.zip,939,940,tatbikat_videolarindan/vid02_mke_operation_exercise_turkish/vid02_mke_operation_exercise_turkish_0121.jpg,0
şeyda.zip,940,941,tatbikat_videolarindan/vid02_mke_operation_exercise_turkish/vid02_mke_operation_exercise_turkish_0122.jpg,0
şeyda.zip,941,942,tatbikat_videolarindan/vid02_mke_operation_exercise_turkish/vid02_mke_operation_exercise_turkish_0123.jpg,0
şeyda.zip,942,943,tatbikat_videolarindan/vid02_mke_operation_exercise_turkish/vid02_mke_operation_exercise_turkish_0125.jpg,0
şeyda.zip,943,944,tatbikat_videolarindan/vid02_mke_operation_exercise_turkish/vid02_mke_operation_exercise_turkish_0126.jpg,0
şeyda.zip,944,945,tatbikat_videolarindan/vid02_mke_operation_exercise_turkish/vid02_mke_operation_exercise_turkish_0127.jpg,0
şeyda.zip,945,946,tatbikat_videolarindan/vid02_mke_operation_exercise_turkish/vid02_mke_operation_exercise_turkish_0128.jpg,0
şeyda.zip,946,947,tatbikat_videolarindan/vid02_mke_operation_exercise_turkish/vid02_mke_operation_exercise_turkish_0129.jpg,0
şeyda.zip,947,948,tatbikat_videolarindan/vid02_mke_operation_exercise_turkish/vid02_mke_operation_exercise_turkish_0131.jpg,0
şeyda.zip,948,949,tatbikat_videolarindan/vid02_mke_operation_exercise_turkish/vid02_mke_operation_exercise_turkish_0132.jpg,0
şeyda.zip,949,950,tatbikat_videolarindan/vid02_mke_operation_exercise_turkish/vid02_mke_operation_exercise_turkish_0133.jpg,0
şeyda.zip,950,951,tatbikat_videolarindan/vid02_mke_operation_exercise_turkish/vid02_mke_operation_exercise_turkish_0134.jpg,0
şeyda.zip,951,952,tatbikat_videolarindan/vid02_mke_operation_exercise_turkish/vid02_mke_operation_exercise_turkish_0135.jpg,0
şeyda.zip,952,953,tatbikat_videolarindan/vid02_mke_operation_exercise_turkish/vid02_mke_operation_exercise_turkish_0136.jpg,0
şeyda.zip,953,954,tatbikat_videolarindan/vid02_mke_operation_exercise_turkish/vid02_mke_operation_exercise_turkish_0137.jpg,0
şeyda.zip,954,955,tatbikat_videolarindan/vid02_mke_operation_exercise_turkish/vid02_mke_operation_exercise_turkish_0138.jpg,0
şeyda.zip,955,956,tatbikat_videolarindan/vid02_mke_operation_exercise_turkish/vid02_mke_operation_exercise_turkish_0139.jpg,0
şeyda.zip,956,957,tatbikat_videolarindan/vid02_mke_operation_exercise_turkish/vid02_mke_operation_exercise_turkish_0140.jpg,0
şeyda.zip,957,958,tatbikat_videolarindan/vid02_mke_operation_exercise_turkish/vid02_mke_operation_exercise_turkish_0141.jpg,0
şeyda.zip,958,959,tatbikat_videolarindan/vid02_mke_operation_exercise_turkish/vid02_mke_operation_exercise_turkish_0142.jpg,0
şeyda.zip,959,960,tatbikat_videolarindan/vid02_mke_operation_exercise_turkish/vid02_mke_operation_exercise_turkish_0143.jpg,0
şeyda.zip,960,961,tatbikat_videolarindan/vid02_mke_operation_exercise_turkish/vid02_mke_operation_exercise_turkish_0144.jpg,0
şeyda.zip,961,962,tatbikat_videolarindan/vid02_mke_operation_exercise_turkish/vid02_mke_operation_exercise_turkish_0145.jpg,0
şeyda.zip,962,963,tatbikat_videolarindan/vid02_mke_operation_exercise_turkish/vid02_mke_operation_exercise_turkish_0146.jpg,0
şeyda.zip,963,964,tatbikat_videolarindan/vid02_mke_operation_exercise_turkish/vid02_mke_operation_exercise_turkish_0147.jpg,0
şeyda.zip,964,965,tatbikat_videolarindan/vid02_mke_operation_exercise_turkish/vid02_mke_operation_exercise_turkish_0148.jpg,0
şeyda.zip,965,966,tatbikat_videolarindan/vid02_mke_operation_exercise_turkish/vid02_mke_operation_exercise_turkish_0149.jpg,0
şeyda.zip,966,967,tatbikat_videolarindan/vid02_mke_operation_exercise_turkish/vid02_mke_operation_exercise_turkish_0150.jpg,0
şeyda.zip,967,968,tatbikat_videolarindan/vid02_mke_operation_exercise_turkish/vid02_mke_operation_exercise_turkish_0152.jpg,0
şeyda.zip,968,969,tatbikat_videolarindan/vid02_mke_operation_exercise_turkish/vid02_mke_operation_exercise_turkish_0153.jpg,0
şeyda.zip,969,970,tatbikat_videolarindan/vid02_mke_operation_exercise_turkish/vid02_mke_operation_exercise_turkish_0156.jpg,0
şeyda.zip,970,971,tatbikat_videolarindan/vid02_mke_operation_exercise_turkish/vid02_mke_operation_exercise_turkish_0159.jpg,0
şeyda.zip,971,972,tatbikat_videolarindan/vid02_mke_operation_exercise_turkish/vid02_mke_operation_exercise_turkish_0160.jpg,0
şeyda.zip,972,973,tatbikat_videolarindan/vid02_mke_operation_exercise_turkish/vid02_mke_operation_exercise_turkish_0161.jpg,0
şeyda.zip,973,974,tatbikat_videolarindan/vid02_mke_operation_exercise_turkish/vid02_mke_operation_exercise_turkish_0162.jpg,0
şeyda.zip,974,975,tatbikat_videolarindan/vid02_mke_operation_exercise_turkish/vid02_mke_operation_exercise_turkish_0163.jpg,0
şeyda.zip,975,976,tatbikat_videolarindan/vid02_mke_operation_exercise_turkish/vid02_mke_operation_exercise_turkish_0164.jpg,0
şeyda.zip,976,977,tatbikat_videolarindan/vid02_mke_operation_exercise_turkish/vid02_mke_operation_exercise_turkish_0165.jpg,0
şeyda.zip,977,978,tatbikat_videolarindan/vid02_mke_operation_exercise_turkish/vid02_mke_operation_exercise_turkish_0166.jpg,0
şeyda.zip,978,979,tatbikat_videolarindan/vid02_mke_operation_exercise_turkish/vid02_mke_operation_exercise_turkish_0167.jpg,0
şeyda.zip,979,980,tatbikat_videolarindan/vid02_mke_operation_exercise_turkish/vid02_mke_operation_exercise_turkish_0168.jpg,0
şeyda.zip,980,981,tatbikat_videolarindan/vid02_mke_operation_exercise_turkish/vid02_mke_operation_exercise_turkish_0169.jpg,0
şeyda.zip,981,982,tatbikat_videolarindan/vid02_mke_operation_exercise_turkish/vid02_mke_operation_exercise_turkish_0170.jpg,0
şeyda.zip,982,983,tatbikat_videolarindan/vid02_mke_operation_exercise_turkish/vid02_mke_operation_exercise_turkish_0171.jpg,0
şeyda.zip,983,984,tatbikat_videolarindan/vid02_mke_operation_exercise_turkish/vid02_mke_operation_exercise_turkish_0172.jpg,0
şeyda.zip,984,985,tatbikat_videolarindan/vid02_mke_operation_exercise_turkish/vid02_mke_operation_exercise_turkish_0173.jpg,0
şeyda.zip,985,986,tatbikat_videolarindan/vid02_mke_operation_exercise_turkish/vid02_mke_operation_exercise_turkish_0174.jpg,0
şeyda.zip,986,987,tatbikat_videolarindan/vid02_mke_operation_exercise_turkish/vid02_mke_operation_exercise_turkish_0175.jpg,0
şeyda.zip,987,988,tatbikat_videolarindan/vid02_mke_operation_exercise_turkish/vid02_mke_operation_exercise_turkish_0182.jpg,0
şeyda.zip,988,989,tatbikat_videolarindan/vid02_mke_operation_exercise_turkish/vid02_mke_operation_exercise_turkish_0184.jpg,0
şeyda.zip,989,990,tatbikat_videolarindan/vid02_mke_operation_exercise_turkish/vid02_mke_operation_exercise_turkish_0187.jpg,0
şeyda.zip,990,991,tatbikat_videolarindan/vid02_mke_operation_exercise_turkish/vid02_mke_operation_exercise_turkish_0188.jpg,0
şeyda.zip,991,992,tatbikat_videolarindan/vid02_mke_operation_exercise_turkish/vid02_mke_operation_exercise_turkish_0189.jpg,0
şeyda.zip,992,993,tatbikat_videolarindan/vid02_mke_operation_exercise_turkish/vid02_mke_operation_exercise_turkish_0190.jpg,0
şeyda.zip,993,994,tatbikat_videolarindan/vid02_mke_operation_exercise_turkish/vid02_mke_operation_exercise_turkish_0193.jpg,0
şeyda.zip,994,995,tatbikat_videolarindan/vid02_mke_operation_exercise_turkish/vid02_mke_operation_exercise_turkish_0194.jpg,0
şeyda.zip,995,996,tatbikat_videolarindan/vid02_mke_operation_exercise_turkish/vid02_mke_operation_exercise_turkish_0195.jpg,0
şeyda.zip,996,997,tatbikat_videolarindan/vid02_mke_operation_exercise_turkish/vid02_mke_operation_exercise_turkish_0196.jpg,0
şeyda.zip,997,998,tatbikat_videolarindan/vid02_mke_operation_exercise_turkish/vid02_mke_operation_exercise_turkish_0197.jpg,0
şeyda.zip,998,999,tatbikat_videolarindan/vid02_mke_operation_exercise_turkish/vid02_mke_operation_exercise_turkish_0198.jpg,0
şeyda.zip,999,1000,tatbikat_videolarindan/vid02_mke_operation_exercise_turkish/vid02_mke_operation_exercise_turkish_0199.jpg,0
şeyda.zip,1000,1001,tatbikat_videolarindan/vid02_mke_operation_exercise_turkish/vid02_mke_operation_exercise_turkish_0200.jpg,0
şeyda.zip,1001,1002,tatbikat_videolarindan/vid02_mke_operation_exercise_turkish/vid02_mke_operation_exercise_turkish_0201.jpg,0
şeyda.zip,1002,1003,tatbikat_videolarindan/vid02_mke_operation_exercise_turkish/vid02_mke_operation_exercise_turkish_0211.jpg,0
şeyda.zip,1003,1004,tatbikat_videolarindan/vid02_mke_operation_exercise_turkish/vid02_mke_operation_exercise_turkish_0213.jpg,0
şeyda.zip,1004,1005,tatbikat_videolarindan/vid02_mke_operation_exercise_turkish/vid02_mke_operation_exercise_turkish_0217.jpg,0
şeyda.zip,1005,1006,tatbikat_videolarindan/vid02_mke_operation_exercise_turkish/vid02_mke_operation_exercise_turkish_0218.jpg,0
şeyda.zip,1006,1007,tatbikat_videolarindan/vid02_mke_operation_exercise_turkish/vid02_mke_operation_exercise_turkish_0219.jpg,0
şeyda.zip,1007,1008,tatbikat_videolarindan/vid02_mke_operation_exercise_turkish/vid02_mke_operation_exercise_turkish_0220.jpg,0
şeyda.zip,1008,1009,tatbikat_videolarindan/vid02_mke_operation_exercise_turkish/vid02_mke_operation_exercise_turkish_0221.jpg,0
şeyda.zip,1009,1010,tatbikat_videolarindan/vid02_mke_operation_exercise_turkish/vid02_mke_operation_exercise_turkish_0222.jpg,0
şeyda.zip,1010,1011,tatbikat_videolarindan/vid02_mke_operation_exercise_turkish/vid02_mke_operation_exercise_turkish_0224.jpg,0
şeyda.zip,1011,1012,tatbikat_videolarindan/vid02_mke_operation_exercise_turkish/vid02_mke_operation_exercise_turkish_0228.jpg,0
şeyda.zip,1012,1013,tatbikat_videolarindan/vid02_mke_operation_exercise_turkish/vid02_mke_operation_exercise_turkish_0229.jpg,0
şeyda.zip,1013,1014,tatbikat_videolarindan/vid02_mke_operation_exercise_turkish/vid02_mke_operation_exercise_turkish_0263.jpg,0
şeyda.zip,1014,1015,tatbikat_videolarindan/vid02_mke_operation_exercise_turkish/vid02_mke_operation_exercise_turkish_0266.jpg,0
şeyda.zip,1015,1016,tatbikat_videolarindan/vid02_mke_operation_exercise_turkish/vid02_mke_operation_exercise_turkish_0272.jpg,0
şeyda.zip,1016,1017,tatbikat_videolarindan/vid02_mke_operation_exercise_turkish/vid02_mke_operation_exercise_turkish_0275.jpg,0
şeyda.zip,1017,1018,tatbikat_videolarindan/vid02_mke_operation_exercise_turkish/vid02_mke_operation_exercise_turkish_0276.jpg,0
şeyda.zip,1018,1019,tatbikat_videolarindan/vid02_mke_operation_exercise_turkish/vid02_mke_operation_exercise_turkish_0278.jpg,0
şeyda.zip,1019,1020,tatbikat_videolarindan/vid02_mke_operation_exercise_turkish/vid02_mke_operation_exercise_turkish_0279.jpg,0
şeyda.zip,1020,1021,tatbikat_videolarindan/vid02_mke_operation_exercise_turkish/vid02_mke_operation_exercise_turkish_0280.jpg,0
şeyda.zip,1021,1022,tatbikat_videolarindan/vid02_mke_operation_exercise_turkish/vid02_mke_operation_exercise_turkish_0281.jpg,0
şeyda.zip,1022,1023,tatbikat_videolarindan/vid02_mke_operation_exercise_turkish/vid02_mke_operation_exercise_turkish_0282.jpg,0
şeyda.zip,1023,1024,tatbikat_videolarindan/vid02_mke_operation_exercise_turkish/vid02_mke_operation_exercise_turkish_0283.jpg,0
şeyda.zip,1024,1025,tatbikat_videolarindan/vid02_mke_operation_exercise_turkish/vid02_mke_operation_exercise_turkish_0284.jpg,0
şeyda.zip,1025,1026,tatbikat_videolarindan/vid02_mke_operation_exercise_turkish/vid02_mke_operation_exercise_turkish_0285.jpg,0
şeyda.zip,1026,1027,tatbikat_videolarindan/vid03_breathtaking_operation_in_the_/vid03_breathtaking_operation_in_the__0025.jpg,0
şeyda.zip,1027,1028,tatbikat_videolarindan/vid03_breathtaking_operation_in_the_/vid03_breathtaking_operation_in_the__0026.jpg,0
şeyda.zip,1028,1029,tatbikat_videolarindan/vid03_breathtaking_operation_in_the_/vid03_breathtaking_operation_in_the__0027.jpg,0
şeyda.zip,1029,1030,tatbikat_videolarindan/vid03_breathtaking_operation_in_the_/vid03_breathtaking_operation_in_the__0028.jpg,0
şeyda.zip,1030,1031,tatbikat_videolarindan/vid03_breathtaking_operation_in_the_/vid03_breathtaking_operation_in_the__0029.jpg,0
şeyda.zip,1031,1032,tatbikat_videolarindan/vid03_breathtaking_operation_in_the_/vid03_breathtaking_operation_in_the__0030.jpg,0
şeyda.zip,1032,1033,tatbikat_videolarindan/vid03_breathtaking_operation_in_the_/vid03_breathtaking_operation_in_the__0031.jpg,0
şeyda.zip,1033,1034,tatbikat_videolarindan/vid03_breathtaking_operation_in_the_/vid03_breathtaking_operation_in_the__0032.jpg,0
şeyda.zip,1034,1035,tatbikat_videolarindan/vid03_breathtaking_operation_in_the_/vid03_breathtaking_operation_in_the__0033.jpg,0
şeyda.zip,1035,1036,tatbikat_videolarindan/vid03_breathtaking_operation_in_the_/vid03_breathtaking_operation_in_the__0037.jpg,0
şeyda.zip,1036,1037,tatbikat_videolarindan/vid03_breathtaking_operation_in_the_/vid03_breathtaking_operation_in_the__0038.jpg,0
şeyda.zip,1037,1038,tatbikat_videolarindan/vid03_breathtaking_operation_in_the_/vid03_breathtaking_operation_in_the__0039.jpg,0
şeyda.zip,1038,1039,tatbikat_videolarindan/vid03_breathtaking_operation_in_the_/vid03_breathtaking_operation_in_the__0040.jpg,0
şeyda.zip,1039,1040,tatbikat_videolarindan/vid03_breathtaking_operation_in_the_/vid03_breathtaking_operation_in_the__0041.jpg,0
şeyda.zip,1040,1041,tatbikat_videolarindan/vid03_breathtaking_operation_in_the_/vid03_breathtaking_operation_in_the__0042.jpg,0
şeyda.zip,1041,1042,tatbikat_videolarindan/vid03_breathtaking_operation_in_the_/vid03_breathtaking_operation_in_the__0043.jpg,0
şeyda.zip,1042,1043,tatbikat_videolarindan/vid03_breathtaking_operation_in_the_/vid03_breathtaking_operation_in_the__0044.jpg,0
şeyda.zip,1043,1044,tatbikat_videolarindan/vid03_breathtaking_operation_in_the_/vid03_breathtaking_operation_in_the__0047.jpg,0
şeyda.zip,1044,1045,tatbikat_videolarindan/vid03_breathtaking_operation_in_the_/vid03_breathtaking_operation_in_the__0048.jpg,0
şeyda.zip,1045,1046,tatbikat_videolarindan/vid03_breathtaking_operation_in_the_/vid03_breathtaking_operation_in_the__0049.jpg,0
şeyda.zip,1046,1047,tatbikat_videolarindan/vid03_breathtaking_operation_in_the_/vid03_breathtaking_operation_in_the__0050.jpg,0
şeyda.zip,1047,1048,tatbikat_videolarindan/vid03_breathtaking_operation_in_the_/vid03_breathtaking_operation_in_the__0052.jpg,0
şeyda.zip,1048,1049,tatbikat_videolarindan/vid03_breathtaking_operation_in_the_/vid03_breathtaking_operation_in_the__0054.jpg,0
şeyda.zip,1049,1050,tatbikat_videolarindan/vid03_breathtaking_operation_in_the_/vid03_breathtaking_operation_in_the__0055.jpg,0
şeyda.zip,1050,1051,tatbikat_videolarindan/vid03_breathtaking_operation_in_the_/vid03_breathtaking_operation_in_the__0056.jpg,0
şeyda.zip,1051,1052,tatbikat_videolarindan/vid03_breathtaking_operation_in_the_/vid03_breathtaking_operation_in_the__0057.jpg,0
şeyda.zip,1052,1053,tatbikat_videolarindan/vid04_ada_operasyonu_tatbikat_pol_s_/vid04_ada_operasyonu_tatbikat_pol_s__0006.jpg,0
şeyda.zip,1053,1054,tatbikat_videolarindan/vid04_ada_operasyonu_tatbikat_pol_s_/vid04_ada_operasyonu_tatbikat_pol_s__0007.jpg,0
şeyda.zip,1054,1055,tatbikat_videolarindan/vid04_ada_operasyonu_tatbikat_pol_s_/vid04_ada_operasyonu_tatbikat_pol_s__0011.jpg,0
şeyda.zip,1055,1056,tatbikat_videolarindan/vid04_ada_operasyonu_tatbikat_pol_s_/vid04_ada_operasyonu_tatbikat_pol_s__0012.jpg,0
şeyda.zip,1056,1057,tatbikat_videolarindan/vid04_ada_operasyonu_tatbikat_pol_s_/vid04_ada_operasyonu_tatbikat_pol_s__0013.jpg,0
şeyda.zip,1057,1058,tatbikat_videolarindan/vid04_ada_operasyonu_tatbikat_pol_s_/vid04_ada_operasyonu_tatbikat_pol_s__0014.jpg,0
şeyda.zip,1058,1059,tatbikat_videolarindan/vid04_ada_operasyonu_tatbikat_pol_s_/vid04_ada_operasyonu_tatbikat_pol_s__0015.jpg,0
şeyda.zip,1059,1060,tatbikat_videolarindan/vid04_ada_operasyonu_tatbikat_pol_s_/vid04_ada_operasyonu_tatbikat_pol_s__0017.jpg,0
şeyda.zip,1060,1061,tatbikat_videolarindan/vid04_ada_operasyonu_tatbikat_pol_s_/vid04_ada_operasyonu_tatbikat_pol_s__0018.jpg,0
şeyda.zip,1061,1062,tatbikat_videolarindan/vid04_ada_operasyonu_tatbikat_pol_s_/vid04_ada_operasyonu_tatbikat_pol_s__0021.jpg,0
şeyda.zip,1062,1063,tatbikat_videolarindan/vid04_ada_operasyonu_tatbikat_pol_s_/vid04_ada_operasyonu_tatbikat_pol_s__0022.jpg,0
şeyda.zip,1063,1064,tatbikat_videolarindan/vid04_ada_operasyonu_tatbikat_pol_s_/vid04_ada_operasyonu_tatbikat_pol_s__0023.jpg,0
şeyda.zip,1064,1065,tatbikat_videolarindan/vid04_ada_operasyonu_tatbikat_pol_s_/vid04_ada_operasyonu_tatbikat_pol_s__0024.jpg,0
şeyda.zip,1065,1066,tatbikat_videolarindan/vid04_ada_operasyonu_tatbikat_pol_s_/vid04_ada_operasyonu_tatbikat_pol_s__0026.jpg,0
şeyda.zip,1066,1067,tatbikat_videolarindan/vid04_ada_operasyonu_tatbikat_pol_s_/vid04_ada_operasyonu_tatbikat_pol_s__0027.jpg,0
şeyda.zip,1067,1068,tatbikat_videolarindan/vid04_ada_operasyonu_tatbikat_pol_s_/vid04_ada_operasyonu_tatbikat_pol_s__0028.jpg,0
şeyda.zip,1068,1069,tatbikat_videolarindan/vid04_ada_operasyonu_tatbikat_pol_s_/vid04_ada_operasyonu_tatbikat_pol_s__0029.jpg,0
şeyda.zip,1069,1070,tatbikat_videolarindan/vid04_ada_operasyonu_tatbikat_pol_s_/vid04_ada_operasyonu_tatbikat_pol_s__0031.jpg,0
şeyda.zip,1070,1071,tatbikat_videolarindan/vid04_ada_operasyonu_tatbikat_pol_s_/vid04_ada_operasyonu_tatbikat_pol_s__0035.jpg,0
şeyda.zip,1071,1072,tatbikat_videolarindan/vid04_ada_operasyonu_tatbikat_pol_s_/vid04_ada_operasyonu_tatbikat_pol_s__0036.jpg,0
şeyda.zip,1072,1073,tatbikat_videolarindan/vid04_ada_operasyonu_tatbikat_pol_s_/vid04_ada_operasyonu_tatbikat_pol_s__0037.jpg,0
şeyda.zip,1073,1074,tatbikat_videolarindan/vid04_ada_operasyonu_tatbikat_pol_s_/vid04_ada_operasyonu_tatbikat_pol_s__0038.jpg,0
şeyda.zip,1074,1075,tatbikat_videolarindan/vid04_ada_operasyonu_tatbikat_pol_s_/vid04_ada_operasyonu_tatbikat_pol_s__0039.jpg,0
şeyda.zip,1075,1076,tatbikat_videolarindan/vid04_ada_operasyonu_tatbikat_pol_s_/vid04_ada_operasyonu_tatbikat_pol_s__0040.jpg,0
şeyda.zip,1076,1077,tatbikat_videolarindan/vid04_ada_operasyonu_tatbikat_pol_s_/vid04_ada_operasyonu_tatbikat_pol_s__0053.jpg,0
şeyda.zip,1077,1078,tatbikat_videolarindan/vid04_ada_operasyonu_tatbikat_pol_s_/vid04_ada_operasyonu_tatbikat_pol_s__0055.jpg,0
şeyda.zip,1078,1079,tatbikat_videolarindan/vid04_ada_operasyonu_tatbikat_pol_s_/vid04_ada_operasyonu_tatbikat_pol_s__0059.jpg,0
şeyda.zip,1079,1080,tatbikat_videolarindan/vid04_ada_operasyonu_tatbikat_pol_s_/vid04_ada_operasyonu_tatbikat_pol_s__0064.jpg,0
şeyda.zip,1080,1081,tatbikat_videolarindan/vid05_polis_olmak_ne_demek_biliyor_m/vid05_polis_olmak_ne_demek_biliyor_m_0001.jpg,0
şeyda.zip,1081,1082,tatbikat_videolarindan/vid05_polis_olmak_ne_demek_biliyor_m/vid05_polis_olmak_ne_demek_biliyor_m_0003.jpg,0
şeyda.zip,1082,1083,tatbikat_videolarindan/vid05_polis_olmak_ne_demek_biliyor_m/vid05_polis_olmak_ne_demek_biliyor_m_0004.jpg,0
şeyda.zip,1083,1084,tatbikat_videolarindan/vid05_polis_olmak_ne_demek_biliyor_m/vid05_polis_olmak_ne_demek_biliyor_m_0005.jpg,0
şeyda.zip,1084,1085,tatbikat_videolarindan/vid05_polis_olmak_ne_demek_biliyor_m/vid05_polis_olmak_ne_demek_biliyor_m_0011.jpg,0
şeyda.zip,1085,1086,tatbikat_videolarindan/vid05_polis_olmak_ne_demek_biliyor_m/vid05_polis_olmak_ne_demek_biliyor_m_0016.jpg,0
şeyda.zip,1086,1087,tatbikat_videolarindan/vid05_polis_olmak_ne_demek_biliyor_m/vid05_polis_olmak_ne_demek_biliyor_m_0027.jpg,0
şeyda.zip,1087,1088,tatbikat_videolarindan/vid05_polis_olmak_ne_demek_biliyor_m/vid05_polis_olmak_ne_demek_biliyor_m_0028.jpg,0
şeyda.zip,1088,1089,tatbikat_videolarindan/vid05_polis_olmak_ne_demek_biliyor_m/vid05_polis_olmak_ne_demek_biliyor_m_0029.jpg,0
şeyda.zip,1089,1090,tatbikat_videolarindan/vid05_polis_olmak_ne_demek_biliyor_m/vid05_polis_olmak_ne_demek_biliyor_m_0030.jpg,0
şeyda.zip,1090,1091,tatbikat_videolarindan/vid05_polis_olmak_ne_demek_biliyor_m/vid05_polis_olmak_ne_demek_biliyor_m_0047.jpg,0
şeyda.zip,1091,1092,tatbikat_videolarindan/vid06_martyrs_train/vid06_martyrs_train_0001.jpg,0
şeyda.zip,1092,1093,tatbikat_videolarindan/vid06_martyrs_train/vid06_martyrs_train_0005.jpg,0
şeyda.zip,1093,1094,tatbikat_videolarindan/vid06_martyrs_train/vid06_martyrs_train_0006.jpg,0
şeyda.zip,1094,1095,tatbikat_videolarindan/vid06_martyrs_train/vid06_martyrs_train_0007.jpg,0
şeyda.zip,1095,1096,tatbikat_videolarindan/vid06_martyrs_train/vid06_martyrs_train_0008.jpg,0
şeyda.zip,1096,1097,tatbikat_videolarindan/vid06_martyrs_train/vid06_martyrs_train_0009.jpg,0
şeyda.zip,1097,1098,tatbikat_videolarindan/vid06_martyrs_train/vid06_martyrs_train_0010.jpg,0
şeyda.zip,1098,1099,tatbikat_videolarindan/vid06_martyrs_train/vid06_martyrs_train_0011.jpg,0
şeyda.zip,1099,1100,tatbikat_videolarindan/vid06_martyrs_train/vid06_martyrs_train_0012.jpg,0
şeyda.zip,1100,1101,tatbikat_videolarindan/vid06_martyrs_train/vid06_martyrs_train_0013.jpg,0
şeyda.zip,1101,1102,tatbikat_videolarindan/vid06_martyrs_train/vid06_martyrs_train_0014.jpg,0
şeyda.zip,1102,1103,tatbikat_videolarindan/vid06_martyrs_train/vid06_martyrs_train_0016.jpg,0
şeyda.zip,1103,1104,tatbikat_videolarindan/vid06_martyrs_train/vid06_martyrs_train_0018.jpg,0
şeyda.zip,1104,1105,tatbikat_videolarindan/vid06_martyrs_train/vid06_martyrs_train_0019.jpg,0
şeyda.zip,1105,1106,tatbikat_videolarindan/vid06_martyrs_train/vid06_martyrs_train_0020.jpg,0
şeyda.zip,1106,1107,tatbikat_videolarindan/vid06_martyrs_train/vid06_martyrs_train_0021.jpg,0
şeyda.zip,1107,1108,tatbikat_videolarindan/vid06_martyrs_train/vid06_martyrs_train_0022.jpg,0
şeyda.zip,1108,1109,tatbikat_videolarindan/vid06_martyrs_train/vid06_martyrs_train_0023.jpg,0
şeyda.zip,1109,1110,tatbikat_videolarindan/vid06_martyrs_train/vid06_martyrs_train_0024.jpg,0
şeyda.zip,1110,1111,tatbikat_videolarindan/vid06_martyrs_train/vid06_martyrs_train_0025.jpg,0
şeyda.zip,1111,1112,tatbikat_videolarindan/vid06_martyrs_train/vid06_martyrs_train_0026.jpg,0
şeyda.zip,1112,1113,tatbikat_videolarindan/vid06_martyrs_train/vid06_martyrs_train_0029.jpg,0
şeyda.zip,1113,1114,tatbikat_videolarindan/vid06_martyrs_train/vid06_martyrs_train_0030.jpg,0
şeyda.zip,1114,1115,tatbikat_videolarindan/vid06_martyrs_train/vid06_martyrs_train_0031.jpg,0
şeyda.zip,1115,1116,tatbikat_videolarindan/vid06_martyrs_train/vid06_martyrs_train_0032.jpg,0
şeyda.zip,1116,1117,tatbikat_videolarindan/vid06_martyrs_train/vid06_martyrs_train_0033.jpg,0
şeyda.zip,1117,1118,tatbikat_videolarindan/vid06_martyrs_train/vid06_martyrs_train_0034.jpg,0
şeyda.zip,1118,1119,tatbikat_videolarindan/vid06_martyrs_train/vid06_martyrs_train_0035.jpg,0
şeyda.zip,1119,1120,tatbikat_videolarindan/vid06_martyrs_train/vid06_martyrs_train_0036.jpg,0
şeyda.zip,1120,1121,tatbikat_videolarindan/vid06_martyrs_train/vid06_martyrs_train_0037.jpg,0
şeyda.zip,1121,1122,tatbikat_videolarindan/vid06_martyrs_train/vid06_martyrs_train_0038.jpg,0
şeyda.zip,1122,1123,tatbikat_videolarindan/vid06_martyrs_train/vid06_martyrs_train_0039.jpg,0
şeyda.zip,1123,1124,tatbikat_videolarindan/vid06_martyrs_train/vid06_martyrs_train_0040.jpg,0
şeyda.zip,1124,1125,tatbikat_videolarindan/vid06_martyrs_train/vid06_martyrs_train_0041.jpg,0
şeyda.zip,1125,1126,tatbikat_videolarindan/vid06_martyrs_train/vid06_martyrs_train_0042.jpg,0
şeyda.zip,1126,1127,tatbikat_videolarindan/vid06_martyrs_train/vid06_martyrs_train_0043.jpg,0
şeyda.zip,1127,1128,tatbikat_videolarindan/vid06_martyrs_train/vid06_martyrs_train_0044.jpg,0
şeyda.zip,1128,1129,tatbikat_videolarindan/vid06_martyrs_train/vid06_martyrs_train_0045.jpg,0
şeyda.zip,1129,1130,tatbikat_videolarindan/vid06_martyrs_train/vid06_martyrs_train_0046.jpg,0
şeyda.zip,1130,1131,tatbikat_videolarindan/vid06_martyrs_train/vid06_martyrs_train_0047.jpg,0
şeyda.zip,1131,1132,tatbikat_videolarindan/vid06_martyrs_train/vid06_martyrs_train_0048.jpg,0
şeyda.zip,1132,1133,tatbikat_videolarindan/vid06_martyrs_train/vid06_martyrs_train_0049.jpg,0
şeyda.zip,1133,1134,tatbikat_videolarindan/vid06_martyrs_train/vid06_martyrs_train_0050.jpg,0
şeyda.zip,1134,1135,tatbikat_videolarindan/vid06_martyrs_train/vid06_martyrs_train_0051.jpg,0
şeyda.zip,1135,1136,tatbikat_videolarindan/vid06_martyrs_train/vid06_martyrs_train_0052.jpg,0
şeyda.zip,1136,1137,tatbikat_videolarindan/vid06_martyrs_train/vid06_martyrs_train_0053.jpg,0
şeyda.zip,1137,1138,tatbikat_videolarindan/vid06_martyrs_train/vid06_martyrs_train_0054.jpg,0
şeyda.zip,1138,1139,tatbikat_videolarindan/vid06_martyrs_train/vid06_martyrs_train_0055.jpg,0
şeyda.zip,1139,1140,tatbikat_videolarindan/vid06_martyrs_train/vid06_martyrs_train_0056.jpg,0
şeyda.zip,1140,1141,tatbikat_videolarindan/vid06_martyrs_train/vid06_martyrs_train_0057.jpg,0
şeyda.zip,1141,1142,tatbikat_videolarindan/vid06_martyrs_train/vid06_martyrs_train_0058.jpg,0
şeyda.zip,1142,1143,tatbikat_videolarindan/vid06_martyrs_train/vid06_martyrs_train_0061.jpg,0
şeyda.zip,1143,1144,tatbikat_videolarindan/vid06_martyrs_train/vid06_martyrs_train_0062.jpg,0
şeyda.zip,1144,1145,tatbikat_videolarindan/vid06_martyrs_train/vid06_martyrs_train_0064.jpg,0
şeyda.zip,1145,1146,tatbikat_videolarindan/vid06_martyrs_train/vid06_martyrs_train_0066.jpg,0
şeyda.zip,1146,1147,tatbikat_videolarindan/vid06_martyrs_train/vid06_martyrs_train_0069.jpg,0
şeyda.zip,1147,1148,tatbikat_videolarindan/vid06_martyrs_train/vid06_martyrs_train_0071.jpg,0
şeyda.zip,1148,1149,tatbikat_videolarindan/vid06_martyrs_train/vid06_martyrs_train_0072.jpg,0
şeyda.zip,1149,1150,tatbikat_videolarindan/vid07_police_special_operations_voic/vid07_police_special_operations_voic_0007.jpg,0
şeyda.zip,1150,1151,tatbikat_videolarindan/vid07_police_special_operations_voic/vid07_police_special_operations_voic_0008.jpg,0
şeyda.zip,1151,1152,tatbikat_videolarindan/vid07_police_special_operations_voic/vid07_police_special_operations_voic_0009.jpg,0
şeyda.zip,1152,1153,tatbikat_videolarindan/vid07_police_special_operations_voic/vid07_police_special_operations_voic_0011.jpg,0
şeyda.zip,1153,1154,tatbikat_videolarindan/vid07_police_special_operations_voic/vid07_police_special_operations_voic_0014.jpg,0
şeyda.zip,1154,1155,tatbikat_videolarindan/vid07_police_special_operations_voic/vid07_police_special_operations_voic_0015.jpg,0
şeyda.zip,1155,1156,tatbikat_videolarindan/vid07_police_special_operations_voic/vid07_police_special_operations_voic_0016.jpg,0
şeyda.zip,1156,1157,tatbikat_videolarindan/vid07_police_special_operations_voic/vid07_police_special_operations_voic_0017.jpg,0
şeyda.zip,1157,1158,tatbikat_videolarindan/vid07_police_special_operations_voic/vid07_police_special_operations_voic_0018.jpg,0
şeyda.zip,1158,1159,tatbikat_videolarindan/vid07_police_special_operations_voic/vid07_police_special_operations_voic_0019.jpg,0
şeyda.zip,1159,1160,tatbikat_videolarindan/vid07_police_special_operations_voic/vid07_police_special_operations_voic_0020.jpg,0
şeyda.zip,1160,1161,tatbikat_videolarindan/vid07_police_special_operations_voic/vid07_police_special_operations_voic_0021.jpg,0
şeyda.zip,1161,1162,tatbikat_videolarindan/vid07_police_special_operations_voic/vid07_police_special_operations_voic_0022.jpg,0
şeyda.zip,1162,1163,tatbikat_videolarindan/vid07_police_special_operations_voic/vid07_police_special_operations_voic_0023.jpg,0
şeyda.zip,1163,1164,tatbikat_videolarindan/vid07_police_special_operations_voic/vid07_police_special_operations_voic_0024.jpg,0
şeyda.zip,1164,1165,tatbikat_videolarindan/vid07_police_special_operations_voic/vid07_police_special_operations_voic_0025.jpg,0
şeyda.zip,1165,1166,tatbikat_videolarindan/vid07_police_special_operations_voic/vid07_police_special_operations_voic_0026.jpg,0
şeyda.zip,1166,1167,tatbikat_videolarindan/vid07_police_special_operations_voic/vid07_police_special_operations_voic_0027.jpg,0
şeyda.zip,1167,1168,tatbikat_videolarindan/vid07_police_special_operations_voic/vid07_police_special_operations_voic_0028.jpg,0
şeyda.zip,1168,1169,tatbikat_videolarindan/vid07_police_special_operations_voic/vid07_police_special_operations_voic_0031.jpg,0
şeyda.zip,1169,1170,tatbikat_videolarindan/vid07_police_special_operations_voic/vid07_police_special_operations_voic_0032.jpg,0
şeyda.zip,1170,1171,tatbikat_videolarindan/vid07_police_special_operations_voic/vid07_police_special_operations_voic_0033.jpg,0
şeyda.zip,1171,1172,tatbikat_videolarindan/vid07_police_special_operations_voic/vid07_police_special_operations_voic_0034.jpg,0
şeyda.zip,1172,1173,tatbikat_videolarindan/vid07_police_special_operations_voic/vid07_police_special_operations_voic_0035.jpg,0
şeyda.zip,1173,1174,tatbikat_videolarindan/vid07_police_special_operations_voic/vid07_police_special_operations_voic_0037.jpg,0
şeyda.zip,1174,1175,tatbikat_videolarindan/vid07_police_special_operations_voic/vid07_police_special_operations_voic_0038.jpg,0
şeyda.zip,1175,1176,tatbikat_videolarindan/vid07_police_special_operations_voic/vid07_police_special_operations_voic_0039.jpg,0
şeyda.zip,1176,1177,tatbikat_videolarindan/vid07_police_special_operations_voic/vid07_police_special_operations_voic_0040.jpg,0
şeyda.zip,1177,1178,tatbikat_videolarindan/vid07_police_special_operations_voic/vid07_police_special_operations_voic_0041.jpg,0
şeyda.zip,1178,1179,tatbikat_videolarindan/vid07_police_special_operations_voic/vid07_police_special_operations_voic_0043.jpg,0
şeyda.zip,1179,1180,tatbikat_videolarindan/vid07_police_special_operations_voic/vid07_police_special_operations_voic_0044.jpg,0
şeyda.zip,1180,1181,tatbikat_videolarindan/vid07_police_special_operations_voic/vid07_police_special_operations_voic_0045.jpg,0
şeyda.zip,1181,1182,tatbikat_videolarindan/vid07_police_special_operations_voic/vid07_police_special_operations_voic_0046.jpg,0
şeyda.zip,1182,1183,tatbikat_videolarindan/vid07_police_special_operations_voic/vid07_police_special_operations_voic_0047.jpg,0
şeyda.zip,1183,1184,tatbikat_videolarindan/vid07_police_special_operations_voic/vid07_police_special_operations_voic_0048.jpg,0
şeyda.zip,1184,1185,tatbikat_videolarindan/vid07_police_special_operations_voic/vid07_police_special_operations_voic_0049.jpg,0
şeyda.zip,1185,1186,tatbikat_videolarindan/vid07_police_special_operations_voic/vid07_police_special_operations_voic_0050.jpg,0
şeyda.zip,1186,1187,tatbikat_videolarindan/vid07_police_special_operations_voic/vid07_police_special_operations_voic_0051.jpg,0
şeyda.zip,1187,1188,tatbikat_videolarindan/vid07_police_special_operations_voic/vid07_police_special_operations_voic_0052.jpg,0
şeyda.zip,1188,1189,tatbikat_videolarindan/vid07_police_special_operations_voic/vid07_police_special_operations_voic_0053.jpg,0
şeyda.zip,1189,1190,tatbikat_videolarindan/vid07_police_special_operations_voic/vid07_police_special_operations_voic_0054.jpg,0
şeyda.zip,1190,1191,tatbikat_videolarindan/vid07_police_special_operations_voic/vid07_police_special_operations_voic_0055.jpg,0
şeyda.zip,1191,1192,tatbikat_videolarindan/vid07_police_special_operations_voic/vid07_police_special_operations_voic_0057.jpg,0
şeyda.zip,1192,1193,tatbikat_videolarindan/vid07_police_special_operations_voic/vid07_police_special_operations_voic_0058.jpg,0
şeyda.zip,1193,1194,tatbikat_videolarindan/vid07_police_special_operations_voic/vid07_police_special_operations_voic_0059.jpg,0
şeyda.zip,1194,1195,tatbikat_videolarindan/vid07_police_special_operations_voic/vid07_police_special_operations_voic_0060.jpg,0
şeyda.zip,1195,1196,tatbikat_videolarindan/vid07_police_special_operations_voic/vid07_police_special_operations_voic_0061.jpg,0
şeyda.zip,1196,1197,tatbikat_videolarindan/vid07_police_special_operations_voic/vid07_police_special_operations_voic_0062.jpg,0
şeyda.zip,1197,1198,tatbikat_videolarindan/vid07_police_special_operations_voic/vid07_police_special_operations_voic_0063.jpg,0
şeyda.zip,1198,1199,tatbikat_videolarindan/vid07_police_special_operations_voic/vid07_police_special_operations_voic_0064.jpg,0
şeyda.zip,1199,1200,tatbikat_videolarindan/vid07_police_special_operations_voic/vid07_police_special_operations_voic_0065.jpg,0
şeyda.zip,1200,1201,tatbikat_videolarindan/vid07_police_special_operations_voic/vid07_police_special_operations_voic_0066.jpg,0
şeyda.zip,1201,1202,tatbikat_videolarindan/vid08_pol_s_zel_harekat/vid08_pol_s_zel_harekat_0009.jpg,0
şeyda.zip,1202,1203,tatbikat_videolarindan/vid08_pol_s_zel_harekat/vid08_pol_s_zel_harekat_0011.jpg,0
şeyda.zip,1203,1204,tatbikat_videolarindan/vid08_pol_s_zel_harekat/vid08_pol_s_zel_harekat_0012.jpg,0
şeyda.zip,1204,1205,tatbikat_videolarindan/vid08_pol_s_zel_harekat/vid08_pol_s_zel_harekat_0013.jpg,0
şeyda.zip,1205,1206,tatbikat_videolarindan/vid08_pol_s_zel_harekat/vid08_pol_s_zel_harekat_0015.jpg,0
şeyda.zip,1206,1207,tatbikat_videolarindan/vid08_pol_s_zel_harekat/vid08_pol_s_zel_harekat_0016.jpg,0
şeyda.zip,1207,1208,tatbikat_videolarindan/vid08_pol_s_zel_harekat/vid08_pol_s_zel_harekat_0018.jpg,0
şeyda.zip,1208,1209,tatbikat_videolarindan/vid08_pol_s_zel_harekat/vid08_pol_s_zel_harekat_0020.jpg,0
şeyda.zip,1209,1210,tatbikat_videolarindan/vid08_pol_s_zel_harekat/vid08_pol_s_zel_harekat_0022.jpg,0
şeyda.zip,1210,1211,tatbikat_videolarindan/vid08_pol_s_zel_harekat/vid08_pol_s_zel_harekat_0023.jpg,0
şeyda.zip,1211,1212,tatbikat_videolarindan/vid08_pol_s_zel_harekat/vid08_pol_s_zel_harekat_0024.jpg,0
şeyda.zip,1212,1213,tatbikat_videolarindan/vid08_pol_s_zel_harekat/vid08_pol_s_zel_harekat_0025.jpg,0
şeyda.zip,1213,1214,tatbikat_videolarindan/vid08_pol_s_zel_harekat/vid08_pol_s_zel_harekat_0033.jpg,0
şeyda.zip,1214,1215,tatbikat_videolarindan/vid08_pol_s_zel_harekat/vid08_pol_s_zel_harekat_0034.jpg,0
şeyda.zip,1215,1216,tatbikat_videolarindan/vid08_pol_s_zel_harekat/vid08_pol_s_zel_harekat_0035.jpg,0
şeyda.zip,1216,1217,tatbikat_videolarindan/vid08_pol_s_zel_harekat/vid08_pol_s_zel_harekat_0036.jpg,0
şeyda.zip,1217,1218,tatbikat_videolarindan/vid08_pol_s_zel_harekat/vid08_pol_s_zel_harekat_0039.jpg,0
şeyda.zip,1218,1219,tatbikat_videolarindan/vid08_pol_s_zel_harekat/vid08_pol_s_zel_harekat_0041.jpg,0
şeyda.zip,1219,1220,tatbikat_videolarindan/vid08_pol_s_zel_harekat/vid08_pol_s_zel_harekat_0042.jpg,0
şeyda.zip,1220,1221,tatbikat_videolarindan/vid08_pol_s_zel_harekat/vid08_pol_s_zel_harekat_0043.jpg,0
şeyda.zip,1221,1222,tatbikat_videolarindan/vid08_pol_s_zel_harekat/vid08_pol_s_zel_harekat_0044.jpg,0
şeyda.zip,1222,1223,tatbikat_videolarindan/vid08_pol_s_zel_harekat/vid08_pol_s_zel_harekat_0045.jpg,0
şeyda.zip,1223,1224,tatbikat_videolarindan/vid08_pol_s_zel_harekat/vid08_pol_s_zel_harekat_0046.jpg,0
şeyda.zip,1224,1225,tatbikat_videolarindan/vid08_pol_s_zel_harekat/vid08_pol_s_zel_harekat_0047.jpg,0
şeyda.zip,1225,1226,tatbikat_videolarindan/vid08_pol_s_zel_harekat/vid08_pol_s_zel_harekat_0048.jpg,0
şeyda.zip,1226,1227,tatbikat_videolarindan/vid08_pol_s_zel_harekat/vid08_pol_s_zel_harekat_0049.jpg,0
şeyda.zip,1227,1228,tatbikat_videolarindan/vid08_pol_s_zel_harekat/vid08_pol_s_zel_harekat_0050.jpg,0
şeyda.zip,1228,1229,tatbikat_videolarindan/vid08_pol_s_zel_harekat/vid08_pol_s_zel_harekat_0051.jpg,0
şeyda.zip,1229,1230,tatbikat_videolarindan/vid08_pol_s_zel_harekat/vid08_pol_s_zel_harekat_0052.jpg,0
şeyda.zip,1230,1231,tatbikat_videolarindan/vid08_pol_s_zel_harekat/vid08_pol_s_zel_harekat_0053.jpg,0
şeyda.zip,1231,1232,tatbikat_videolarindan/vid08_pol_s_zel_harekat/vid08_pol_s_zel_harekat_0054.jpg,0
şeyda.zip,1232,1233,tatbikat_videolarindan/vid08_pol_s_zel_harekat/vid08_pol_s_zel_harekat_0055.jpg,0
şeyda.zip,1233,1234,tatbikat_videolarindan/vid08_pol_s_zel_harekat/vid08_pol_s_zel_harekat_0056.jpg,0
şeyda.zip,1234,1235,tatbikat_videolarindan/vid08_pol_s_zel_harekat/vid08_pol_s_zel_harekat_0063.jpg,0
şeyda.zip,1235,1236,tatbikat_videolarindan/vid08_pol_s_zel_harekat/vid08_pol_s_zel_harekat_0064.jpg,0
şeyda.zip,1236,1237,tatbikat_videolarindan/vid08_pol_s_zel_harekat/vid08_pol_s_zel_harekat_0066.jpg,0
şeyda.zip,1237,1238,tatbikat_videolarindan/vid08_pol_s_zel_harekat/vid08_pol_s_zel_harekat_0067.jpg,0
şeyda.zip,1238,1239,tatbikat_videolarindan/vid08_pol_s_zel_harekat/vid08_pol_s_zel_harekat_0068.jpg,0
şeyda.zip,1239,1240,tatbikat_videolarindan/vid08_pol_s_zel_harekat/vid08_pol_s_zel_harekat_0069.jpg,0
şeyda.zip,1240,1241,tatbikat_videolarindan/vid08_pol_s_zel_harekat/vid08_pol_s_zel_harekat_0070.jpg,0
şeyda.zip,1241,1242,tatbikat_videolarindan/vid08_pol_s_zel_harekat/vid08_pol_s_zel_harekat_0072.jpg,0
şeyda.zip,1242,1243,tatbikat_videolarindan/vid11_devlet_n_el_k_b_le_pol_s_zel_h/vid11_devlet_n_el_k_b_le_pol_s_zel_h_0019.jpg,0
şeyda.zip,1243,1244,tatbikat_videolarindan/vid11_devlet_n_el_k_b_le_pol_s_zel_h/vid11_devlet_n_el_k_b_le_pol_s_zel_h_0023.jpg,0
şeyda.zip,1244,1245,tatbikat_videolarindan/vid11_devlet_n_el_k_b_le_pol_s_zel_h/vid11_devlet_n_el_k_b_le_pol_s_zel_h_0028.jpg,0
şeyda.zip,1245,1246,tatbikat_videolarindan/vid11_devlet_n_el_k_b_le_pol_s_zel_h/vid11_devlet_n_el_k_b_le_pol_s_zel_h_0030.jpg,0
şeyda.zip,1246,1247,tatbikat_videolarindan/vid11_devlet_n_el_k_b_le_pol_s_zel_h/vid11_devlet_n_el_k_b_le_pol_s_zel_h_0031.jpg,0
şeyda.zip,1247,1248,tatbikat_videolarindan/vid11_devlet_n_el_k_b_le_pol_s_zel_h/vid11_devlet_n_el_k_b_le_pol_s_zel_h_0032.jpg,0
şeyda.zip,1248,1249,tatbikat_videolarindan/vid11_devlet_n_el_k_b_le_pol_s_zel_h/vid11_devlet_n_el_k_b_le_pol_s_zel_h_0035.jpg,0
şeyda.zip,1249,1250,tatbikat_videolarindan/vid11_devlet_n_el_k_b_le_pol_s_zel_h/vid11_devlet_n_el_k_b_le_pol_s_zel_h_0036.jpg,0
şeyda.zip,1250,1251,tatbikat_videolarindan/vid11_devlet_n_el_k_b_le_pol_s_zel_h/vid11_devlet_n_el_k_b_le_pol_s_zel_h_0038.jpg,0
şeyda.zip,1251,1252,tatbikat_videolarindan/vid11_devlet_n_el_k_b_le_pol_s_zel_h/vid11_devlet_n_el_k_b_le_pol_s_zel_h_0040.jpg,0
şeyda.zip,1252,1253,tatbikat_videolarindan/vid11_devlet_n_el_k_b_le_pol_s_zel_h/vid11_devlet_n_el_k_b_le_pol_s_zel_h_0041.jpg,0
şeyda.zip,1253,1254,tatbikat_videolarindan/vid11_devlet_n_el_k_b_le_pol_s_zel_h/vid11_devlet_n_el_k_b_le_pol_s_zel_h_0042.jpg,0
şeyda.zip,1254,1255,tatbikat_videolarindan/vid11_devlet_n_el_k_b_le_pol_s_zel_h/vid11_devlet_n_el_k_b_le_pol_s_zel_h_0043.jpg,0
şeyda.zip,1255,1256,tatbikat_videolarindan/vid11_devlet_n_el_k_b_le_pol_s_zel_h/vid11_devlet_n_el_k_b_le_pol_s_zel_h_0044.jpg,0
şeyda.zip,1256,1257,tatbikat_videolarindan/vid11_devlet_n_el_k_b_le_pol_s_zel_h/vid11_devlet_n_el_k_b_le_pol_s_zel_h_0045.jpg,0
şeyda.zip,1257,1258,tatbikat_videolarindan/vid11_devlet_n_el_k_b_le_pol_s_zel_h/vid11_devlet_n_el_k_b_le_pol_s_zel_h_0046.jpg,0
şeyda.zip,1258,1259,tatbikat_videolarindan/vid11_devlet_n_el_k_b_le_pol_s_zel_h/vid11_devlet_n_el_k_b_le_pol_s_zel_h_0047.jpg,0
şeyda.zip,1259,1260,tatbikat_videolarindan/vid11_devlet_n_el_k_b_le_pol_s_zel_h/vid11_devlet_n_el_k_b_le_pol_s_zel_h_0048.jpg,0
şeyda.zip,1260,1261,tatbikat_videolarindan/vid11_devlet_n_el_k_b_le_pol_s_zel_h/vid11_devlet_n_el_k_b_le_pol_s_zel_h_0049.jpg,0
şeyda.zip,1261,1262,tatbikat_videolarindan/vid11_devlet_n_el_k_b_le_pol_s_zel_h/vid11_devlet_n_el_k_b_le_pol_s_zel_h_0050.jpg,0
şeyda.zip,1262,1263,tatbikat_videolarindan/vid11_devlet_n_el_k_b_le_pol_s_zel_h/vid11_devlet_n_el_k_b_le_pol_s_zel_h_0051.jpg,0
şeyda.zip,1263,1264,tatbikat_videolarindan/vid11_devlet_n_el_k_b_le_pol_s_zel_h/vid11_devlet_n_el_k_b_le_pol_s_zel_h_0052.jpg,0
şeyda.zip,1264,1265,tatbikat_videolarindan/vid11_devlet_n_el_k_b_le_pol_s_zel_h/vid11_devlet_n_el_k_b_le_pol_s_zel_h_0054.jpg,0
şeyda.zip,1265,1266,tatbikat_videolarindan/vid11_devlet_n_el_k_b_le_pol_s_zel_h/vid11_devlet_n_el_k_b_le_pol_s_zel_h_0055.jpg,0
şeyda.zip,1266,1267,tatbikat_videolarindan/vid11_devlet_n_el_k_b_le_pol_s_zel_h/vid11_devlet_n_el_k_b_le_pol_s_zel_h_0058.jpg,0
şeyda.zip,1267,1268,tatbikat_videolarindan/vid11_devlet_n_el_k_b_le_pol_s_zel_h/vid11_devlet_n_el_k_b_le_pol_s_zel_h_0061.jpg,0
şeyda.zip,1268,1269,tatbikat_videolarindan/vid11_devlet_n_el_k_b_le_pol_s_zel_h/vid11_devlet_n_el_k_b_le_pol_s_zel_h_0062.jpg,0
şeyda.zip,1269,1270,tatbikat_videolarindan/vid11_devlet_n_el_k_b_le_pol_s_zel_h/vid11_devlet_n_el_k_b_le_pol_s_zel_h_0063.jpg,0
şeyda.zip,1270,1271,tatbikat_videolarindan/vid11_devlet_n_el_k_b_le_pol_s_zel_h/vid11_devlet_n_el_k_b_le_pol_s_zel_h_0064.jpg,0
şeyda.zip,1271,1272,tatbikat_videolarindan/vid11_devlet_n_el_k_b_le_pol_s_zel_h/vid11_devlet_n_el_k_b_le_pol_s_zel_h_0065.jpg,0
şeyda.zip,1272,1273,tatbikat_videolarindan/vid11_devlet_n_el_k_b_le_pol_s_zel_h/vid11_devlet_n_el_k_b_le_pol_s_zel_h_0066.jpg,0
şeyda.zip,1273,1274,tatbikat_videolarindan/vid11_devlet_n_el_k_b_le_pol_s_zel_h/vid11_devlet_n_el_k_b_le_pol_s_zel_h_0067.jpg,0
şeyda.zip,1274,1275,tatbikat_videolarindan/vid11_devlet_n_el_k_b_le_pol_s_zel_h/vid11_devlet_n_el_k_b_le_pol_s_zel_h_0068.jpg,0
şeyda.zip,1275,1276,tatbikat_videolarindan/vid11_devlet_n_el_k_b_le_pol_s_zel_h/vid11_devlet_n_el_k_b_le_pol_s_zel_h_0069.jpg,0
şeyda.zip,1276,1277,tatbikat_videolarindan/vid11_devlet_n_el_k_b_le_pol_s_zel_h/vid11_devlet_n_el_k_b_le_pol_s_zel_h_0070.jpg,0
şeyda.zip,1277,1278,tatbikat_videolarindan/vid11_devlet_n_el_k_b_le_pol_s_zel_h/vid11_devlet_n_el_k_b_le_pol_s_zel_h_0073.jpg,0
şeyda.zip,1278,1279,tatbikat_videolarindan/vid11_devlet_n_el_k_b_le_pol_s_zel_h/vid11_devlet_n_el_k_b_le_pol_s_zel_h_0078.jpg,0
şeyda.zip,1279,1280,tatbikat_videolarindan/vid11_devlet_n_el_k_b_le_pol_s_zel_h/vid11_devlet_n_el_k_b_le_pol_s_zel_h_0079.jpg,0
şeyda.zip,1280,1281,tatbikat_videolarindan/vid11_devlet_n_el_k_b_le_pol_s_zel_h/vid11_devlet_n_el_k_b_le_pol_s_zel_h_0081.jpg,0
şeyda.zip,1281,1282,tatbikat_videolarindan/vid11_devlet_n_el_k_b_le_pol_s_zel_h/vid11_devlet_n_el_k_b_le_pol_s_zel_h_0082.jpg,0
şeyda.zip,1282,1283,tatbikat_videolarindan/vid11_devlet_n_el_k_b_le_pol_s_zel_h/vid11_devlet_n_el_k_b_le_pol_s_zel_h_0083.jpg,0
şeyda.zip,1283,1284,tatbikat_videolarindan/vid11_devlet_n_el_k_b_le_pol_s_zel_h/vid11_devlet_n_el_k_b_le_pol_s_zel_h_0084.jpg,0
şeyda.zip,1284,1285,tatbikat_videolarindan/vid11_devlet_n_el_k_b_le_pol_s_zel_h/vid11_devlet_n_el_k_b_le_pol_s_zel_h_0085.jpg,0
şeyda.zip,1285,1286,tatbikat_videolarindan/vid11_devlet_n_el_k_b_le_pol_s_zel_h/vid11_devlet_n_el_k_b_le_pol_s_zel_h_0094.jpg,0
şeyda.zip,1286,1287,tatbikat_videolarindan/vid11_devlet_n_el_k_b_le_pol_s_zel_h/vid11_devlet_n_el_k_b_le_pol_s_zel_h_0097.jpg,0
şeyda.zip,1287,1288,tatbikat_videolarindan/vid11_devlet_n_el_k_b_le_pol_s_zel_h/vid11_devlet_n_el_k_b_le_pol_s_zel_h_0098.jpg,0
şeyda.zip,1288,1289,tatbikat_videolarindan/vid11_devlet_n_el_k_b_le_pol_s_zel_h/vid11_devlet_n_el_k_b_le_pol_s_zel_h_0099.jpg,0
şeyda.zip,1289,1290,tatbikat_videolarindan/vid11_devlet_n_el_k_b_le_pol_s_zel_h/vid11_devlet_n_el_k_b_le_pol_s_zel_h_0100.jpg,0
şeyda.zip,1290,1291,tatbikat_videolarindan/vid11_devlet_n_el_k_b_le_pol_s_zel_h/vid11_devlet_n_el_k_b_le_pol_s_zel_h_0101.jpg,0
şeyda.zip,1291,1292,tatbikat_videolarindan/vid11_devlet_n_el_k_b_le_pol_s_zel_h/vid11_devlet_n_el_k_b_le_pol_s_zel_h_0102.jpg,0
şeyda.zip,1292,1293,tatbikat_videolarindan/vid11_devlet_n_el_k_b_le_pol_s_zel_h/vid11_devlet_n_el_k_b_le_pol_s_zel_h_0103.jpg,0
şeyda.zip,1293,1294,tatbikat_videolarindan/vid11_devlet_n_el_k_b_le_pol_s_zel_h/vid11_devlet_n_el_k_b_le_pol_s_zel_h_0104.jpg,0
şeyda.zip,1294,1295,tatbikat_videolarindan/vid11_devlet_n_el_k_b_le_pol_s_zel_h/vid11_devlet_n_el_k_b_le_pol_s_zel_h_0105.jpg,0
şeyda.zip,1295,1296,tatbikat_videolarindan/vid11_devlet_n_el_k_b_le_pol_s_zel_h/vid11_devlet_n_el_k_b_le_pol_s_zel_h_0106.jpg,0
şeyda.zip,1296,1297,tatbikat_videolarindan/vid11_devlet_n_el_k_b_le_pol_s_zel_h/vid11_devlet_n_el_k_b_le_pol_s_zel_h_0107.jpg,0
şeyda.zip,1297,1298,tatbikat_videolarindan/vid12_polis_zel_harekat_yemin_t_reni/vid12_polis_zel_harekat_yemin_t_reni_0016.jpg,0
şeyda.zip,1298,1299,tatbikat_videolarindan/vid12_polis_zel_harekat_yemin_t_reni/vid12_polis_zel_harekat_yemin_t_reni_0024.jpg,0
şeyda.zip,1299,1300,tatbikat_videolarindan/vid12_polis_zel_harekat_yemin_t_reni/vid12_polis_zel_harekat_yemin_t_reni_0026.jpg,0
şeyda.zip,1300,1301,tatbikat_videolarindan/vid12_polis_zel_harekat_yemin_t_reni/vid12_polis_zel_harekat_yemin_t_reni_0031.jpg,0
şeyda.zip,1301,1302,tatbikat_videolarindan/vid12_polis_zel_harekat_yemin_t_reni/vid12_polis_zel_harekat_yemin_t_reni_0032.jpg,0
şeyda.zip,1302,1303,tatbikat_videolarindan/vid12_polis_zel_harekat_yemin_t_reni/vid12_polis_zel_harekat_yemin_t_reni_0033.jpg,0
şeyda.zip,1303,1304,tatbikat_videolarindan/vid12_polis_zel_harekat_yemin_t_reni/vid12_polis_zel_harekat_yemin_t_reni_0035.jpg,0
